psp,txn_id,order_id,operation_type,provider_ref,currency,cause,corrected_from,engine_usd,provider_usd,corrected_usd,correction_usd
paypal_us,TXN-100908,ORD-500908,SALE,0XPPF1W639Z9XDZNU,USD,matched,engine,9.99,9.99,9.99,0.00
paypal_us,TXN-101362,ORD-501362,SALE,1A9CKMDZWB2PT41CQ,USD,matched,engine,9.99,9.99,9.99,0.00
paypal_us,TXN-100419,ORD-500419,SALE,1D905EPNDQDYLDE02,USD,matched,engine,9.99,9.99,9.99,0.00
paypal_us,TXN-107823,ORD-501791,REFUND,1Y6YTZMVSY3J5MA6F,USD,matched,engine,-24.99,-24.99,-24.99,0.00
paypal_us,TXN-101995,ORD-501995,SALE,2FNLXFCS3KYM8C3WD,USD,matched,engine,59.99,59.99,59.99,0.00
paypal_us,TXN-100024,ORD-500024,SALE,2KVVUZSZFYP0T8NP6,USD,matched,engine,4.99,4.99,4.99,0.00
paypal_us,TXN-100451,ORD-500451,SALE,2Q7YEXMYQ598M1KW0,USD,matched,engine,24.99,24.99,24.99,0.00
paypal_us,TXN-100285,ORD-500285,SALE,2UQKZJRYB9PLQPRNP,USD,matched,engine,9.99,9.99,9.99,0.00
paypal_us,TXN-101425,ORD-501425,SALE,35CVN0RA9SN72CYA0,USD,matched_declined,engine,0.00,0.00,0.00,0.00
paypal_us,TXN-100277,ORD-500277,SALE,380CTJP5VYGWW0QJP,USD,matched,engine,9.99,9.99,9.99,0.00
paypal_us,TXN-101113,ORD-501113,SALE,3WR0TMC2XX05A1SHG,USD,matched,engine,4.99,4.99,4.99,0.00
paypal_us,TXN-100378,ORD-500378,SALE,3YM0YXA73BA6FFRGN,USD,matched,engine,9.99,9.99,9.99,0.00
paypal_us,TXN-100562,ORD-500562,SALE,44RBBDLJJN1S2B5A4,USD,matched,engine,24.99,24.99,24.99,0.00
paypal_us,TXN-101542,ORD-501542,SALE,45FQV4NEZ6XVQR1N5,USD,matched,engine,9.99,9.99,9.99,0.00
paypal_us,TXN-100995,ORD-500995,SALE,4F3ES9C93LA93KE9U,USD,matched,engine,59.99,59.99,59.99,0.00
paypal_us,TXN-101830,ORD-501830,SALE,4KP8X5URNDRCECY91,USD,matched,engine,59.99,59.99,59.99,0.00
paypal_us,TXN-100527,ORD-500527,SALE,52E16L39MJHZHST1F,USD,matched,engine,9.99,9.99,9.99,0.00
paypal_us,TXN-101009,ORD-501009,SALE,5HE89H833705XF7YJ,USD,matched,engine,4.99,4.99,4.99,0.00
paypal_us,TXN-101644,ORD-501644,SALE,5PYM9W8AA31SSSYZW,USD,matched,engine,9.99,9.99,9.99,0.00
paypal_us,TXN-101144,ORD-501144,SALE,67NK7ADX0ZZHN0SRC,USD,matched,engine,9.99,9.99,9.99,0.00
paypal_us,TXN-101267,ORD-501267,SALE,6AKUE9J8UECW7ZPQ8,USD,matched,engine,9.99,9.99,9.99,0.00
paypal_us,TXN-100267,ORD-500267,SALE,6BDE3Z077WYWD4QBJ,USD,matched,engine,9.99,9.99,9.99,0.00
paypal_us,TXN-100581,ORD-500581,SALE,6G0FMZGHVV38XPD47,USD,matched,engine,9.99,9.99,9.99,0.00
paypal_us,TXN-100117,ORD-500117,SALE,6HHMRNVCBD2APWT9E,USD,matched,engine,59.99,59.99,59.99,0.00
paypal_us,TXN-100877,ORD-500877,SALE,6HN4MZFMSFSY1WYKW,USD,matched,engine,9.99,9.99,9.99,0.00
paypal_us,TXN-100918,ORD-500918,SALE,6NMH3NHU3MDSCJ28C,USD,matched,engine,9.99,9.99,9.99,0.00
paypal_us,TXN-107797,ORD-500856,REFUND,6S6WRRR0CCZNTYQPH,USD,matched,engine,-12.50,-12.50,-12.50,0.00
paypal_us,TXN-100528,ORD-500528,SALE,6VFQ79TGLS11U7TRS,USD,matched,engine,24.99,24.99,24.99,0.00
paypal_us,TXN-100020,ORD-500020,SALE,7BGMVMJ5CMPYF7UPB,USD,matched,engine,9.99,9.99,9.99,0.00
paypal_us,TXN-100205,ORD-500205,SALE,7C5TWQ3XWBFM3LRTM,USD,matched,engine,9.99,9.99,9.99,0.00
paypal_us,TXN-101185,ORD-501185,SALE,7G1C77WYERWNTTAZD,USD,matched,engine,9.99,9.99,9.99,0.00
paypal_us,TXN-100719,ORD-500719,SALE,7NF5YYHSJ5G8Y1HKH,USD,matched,engine,24.99,24.99,24.99,0.00
paypal_us,TXN-100861,ORD-500861,SALE,7XPBMVNSQBD81SQJC,USD,matched,engine,24.99,24.99,24.99,0.00
paypal_us,TXN-101907,ORD-501907,SALE,7YWDEWX9MUA5WVMQ4,USD,matched,engine,9.99,9.99,9.99,0.00
paypal_us,TXN-100328,ORD-500328,SALE,8EEAFW8JB40Y8UF1E,USD,matched,engine,24.99,24.99,24.99,0.00
paypal_us,TXN-100687,ORD-500687,SALE,8LZ8BQAGFCJM0YX53,USD,matched,engine,4.99,4.99,4.99,0.00
paypal_us,TXN-101181,ORD-501181,SALE,9NM69LAKEG0R1FH35,USD,matched,engine,59.99,59.99,59.99,0.00
paypal_us,TXN-100482,ORD-500482,SALE,A24GGUCY17SY1RVU8,USD,matched,engine,24.99,24.99,24.99,0.00
paypal_us,TXN-101429,ORD-501429,SALE,ARJZPV3GFSZPEZ0LX,USD,matched,engine,9.99,9.99,9.99,0.00
paypal_us,TXN-100557,ORD-500557,SALE,B4C55WSVWWEJCT1JS,USD,matched,engine,9.99,9.99,9.99,0.00
paypal_us,TXN-102028,ORD-502028,SALE,BT4AXEVZAWZK5D1VS,USD,matched,engine,4.99,4.99,4.99,0.00
paypal_us,TXN-100213,ORD-500213,SALE,CB4W0DVT9QRAZ7U00,USD,matched,engine,24.99,24.99,24.99,0.00
paypal_us,TXN-101565,ORD-501565,SALE,CGSRPDCET82JMH1G7,USD,matched,engine,59.99,59.99,59.99,0.00
paypal_us,TXN-100279,ORD-500279,SALE,CZBQU75T7B8E2TW66,USD,matched,engine,9.99,9.99,9.99,0.00
paypal_us,TXN-100350,ORD-500350,SALE,D03FV31FFRDXZRN70,USD,matched,engine,24.99,24.99,24.99,0.00
paypal_us,TXN-107986,ORD-507809,SALE,DAB2MG8NSYNB3UXDY,USD,matched,engine,9.99,9.99,9.99,0.00
paypal_us,TXN-107986,ORD-507809,SALE,DAB2MG8NSYNB3UXDY,USD,duplicate_row_in_export,engine,0.00,9.99,0.00,0.00
paypal_us,TXN-100392,ORD-500392,SALE,DDG2KTDS9YEZVXQEX,USD,matched,engine,9.99,9.99,9.99,0.00
paypal_us,TXN-100693,ORD-500693,SALE,DWXGZYN35DS2X67YL,USD,matched_declined,engine,0.00,0.00,0.00,0.00
paypal_us,TXN-101694,ORD-501694,SALE,FGX00CW9QVJPLZYGD,USD,matched,engine,24.99,24.99,24.99,0.00
paypal_us,TXN-100858,ORD-500858,SALE,FLY9W98S0GCSV98X7,USD,matched,engine,9.99,9.99,9.99,0.00
paypal_us,TXN-100691,ORD-500691,SALE,G040D6KKVNCJR2LNF,USD,matched_declined,engine,0.00,0.00,0.00,0.00
paypal_us,TXN-101587,ORD-501587,SALE,GN9632M9MKNKQQ67M,USD,matched,engine,9.99,9.99,9.99,0.00
paypal_us,TXN-100546,ORD-500546,SALE,H2C1QW70D65XZB71A,USD,matched,engine,24.99,24.99,24.99,0.00
paypal_us,TXN-101811,ORD-501811,SALE,HEKRRTUKPMFJS12A1,USD,matched,engine,9.99,9.99,9.99,0.00
paypal_us,TXN-100904,ORD-500904,SALE,HFZR6CLJ5218T17F2,USD,matched_declined,engine,0.00,0.00,0.00,0.00
paypal_us,TXN-101675,ORD-501675,SALE,HKBH25KAQGZD8CQMN,USD,matched,engine,4.99,4.99,4.99,0.00
paypal_us,TXN-102041,ORD-502041,SALE,HMNERYUW5U5UL0DKS,USD,matched,engine,24.99,24.99,24.99,0.00
paypal_us,TXN-100780,ORD-500780,SALE,HQUCQNX0UTRUWD9Z0,USD,matched,engine,59.99,59.99,59.99,0.00
paypal_us,TXN-101877,ORD-501877,SALE,HZLGP336733Y06ZDK,USD,matched,engine,9.99,9.99,9.99,0.00
paypal_us,TXN-100838,ORD-500838,SALE,JMHLNJM8NN94VAZAW,USD,matched,engine,9.99,9.99,9.99,0.00
paypal_us,TXN-101491,ORD-501491,SALE,JTZWHQH4USAJX7XK2,USD,matched,engine,9.99,9.99,9.99,0.00
paypal_us,TXN-101216,ORD-501216,SALE,K1ZTVWKMQJKMLYGRU,USD,matched,engine,59.99,59.99,59.99,0.00
paypal_us,TXN-101551,ORD-501551,SALE,KA2AJHQJ2E8V508JD,USD,matched,engine,9.99,9.99,9.99,0.00
paypal_us,TXN-102032,ORD-502032,SALE,KNHF91QYZJHYBFRLY,USD,matched,engine,9.99,9.99,9.99,0.00
paypal_us,TXN-101468,ORD-501468,SALE,L88PYJBBY4D2BKUDT,USD,matched,engine,9.99,9.99,9.99,0.00
paypal_us,TXN-101980,ORD-501980,SALE,LC67XMU1L120VFVR9,USD,matched,engine,24.99,24.99,24.99,0.00
paypal_us,TXN-101773,ORD-501773,SALE,M9CBPHNSGWQPGZQ3Y,USD,matched,engine,9.99,9.99,9.99,0.00
paypal_us,TXN-100973,ORD-500973,SALE,M9TKRMMQYRQXGH35T,USD,matched,engine,9.99,9.99,9.99,0.00
paypal_us,TXN-101139,ORD-501139,SALE,MEBCK9DGBYF881WFW,USD,matched,engine,9.99,9.99,9.99,0.00
paypal_us,TXN-101292,ORD-501292,SALE,MLD02WHPHJ5N3ZGDP,USD,matched,engine,9.99,9.99,9.99,0.00
paypal_us,TXN-101751,ORD-501751,SALE,MNGM2FVLRPSH6NR3Z,USD,matched,engine,59.99,59.99,59.99,0.00
paypal_us,TXN-100300,ORD-500300,SALE,MNXRNYSXF7SQ79LEJ,USD,matched,engine,24.99,24.99,24.99,0.00
paypal_us,TXN-101541,ORD-501541,SALE,NCQGYWTPNC1RDRGR9,USD,matched,engine,9.99,9.99,9.99,0.00
paypal_us,TXN-101599,ORD-501599,SALE,NQL4M8JS5GY5BCAQ7,USD,matched,engine,9.99,9.99,9.99,0.00
paypal_us,TXN-100360,ORD-500360,SALE,P4UU9WFE3RF53RU07,USD,matched,engine,9.99,9.99,9.99,0.00
paypal_us,TXN-101530,ORD-501530,SALE,PTYUEWHAKF19CDW8H,USD,matched,engine,9.99,9.99,9.99,0.00
paypal_us,TXN-101037,ORD-501037,SALE,Q6ZR4R88D9GRC4EFC,USD,matched,engine,59.99,59.99,59.99,0.00
paypal_us,TXN-100195,ORD-500195,SALE,Q8NWZREUTKWAD2UFH,USD,matched,engine,9.99,9.99,9.99,0.00
paypal_us,TXN-101611,ORD-501611,SALE,QMQYQ4RVWRPSKLD6J,USD,matched,engine,9.99,9.99,9.99,0.00
paypal_us,TXN-100950,ORD-500950,SALE,QY5M70CJ46XHKMQ6C,USD,matched,engine,4.99,4.99,4.99,0.00
paypal_us,TXN-101632,ORD-501632,SALE,R11PNAXTDNDFBZ3SA,USD,matched,engine,9.99,9.99,9.99,0.00
paypal_us,TXN-100834,ORD-500834,SALE,R4BBN69JWER3UBJJ0,USD,matched,engine,59.99,59.99,59.99,0.00
paypal_us,TXN-100704,ORD-500704,SALE,R8MCV0AKWR78X6HJN,USD,matched,engine,9.99,9.99,9.99,0.00
paypal_us,TXN-101832,ORD-501832,SALE,RBK4BKD8Q7TDVEPT8,USD,matched,engine,59.99,59.99,59.99,0.00
paypal_us,TXN-100821,ORD-500821,SALE,RXLAH6JPC6EB9ARWD,USD,matched,engine,9.99,9.99,9.99,0.00
paypal_us,TXN-101156,ORD-501156,SALE,S2GJS4JLAAFX4HCM9,USD,matched,engine,59.99,59.99,59.99,0.00
paypal_us,TXN-107805,ORD-501210,REFUND,SDMYFBS32CJ1LBSLE,USD,matched,engine,-9.99,-9.99,-9.99,0.00
paypal_us,TXN-101968,ORD-501968,SALE,SGLK9EZPC23UY22W3,USD,matched,engine,9.99,9.99,9.99,0.00
paypal_us,TXN-101545,ORD-501545,SALE,SMFUH9BZCD6D9SJ2U,USD,matched,engine,9.99,9.99,9.99,0.00
paypal_us,TXN-100751,ORD-500751,SALE,T3KE9H212K4UHVA5Z,USD,matched,engine,9.99,9.99,9.99,0.00
paypal_us,TXN-101853,ORD-501853,SALE,TQ3M90N9GF9YZFZPL,USD,matched,engine,9.99,9.99,9.99,0.00
paypal_us,TXN-101555,ORD-501555,SALE,TRYYHR0E3AF45KQX7,USD,matched,engine,9.99,9.99,9.99,0.00
paypal_us,TXN-101085,ORD-501085,SALE,UJT27WE0EDPBF4RB9,USD,matched,engine,59.99,59.99,59.99,0.00
paypal_us,TXN-100467,ORD-500467,SALE,ULFBX16J98RXZV2B6,USD,matched,engine,9.99,9.99,9.99,0.00
paypal_us,TXN-100288,ORD-500288,SALE,UY6HAR1T8EVB1NYBM,USD,matched,engine,9.99,9.99,9.99,0.00
paypal_us,TXN-100337,ORD-500337,SALE,VDP9KTDRU40U4QDY2,USD,matched,engine,9.99,9.99,9.99,0.00
paypal_us,TXN-100223,ORD-500223,SALE,VEGUKFEF3T86ZN7H9,USD,matched,engine,9.99,9.99,9.99,0.00
paypal_us,TXN-101456,ORD-501456,SALE,VEQVZ3ZTXJA1XTT14,USD,matched,engine,4.99,4.99,4.99,0.00
paypal_us,TXN-100470,ORD-500470,SALE,VNMMF48V1DVJ74V57,USD,matched,engine,9.99,9.99,9.99,0.00
paypal_us,TXN-100664,ORD-500664,SALE,W000X1YYPS63DVL1E,USD,matched,engine,9.99,9.99,9.99,0.00
paypal_us,TXN-100512,ORD-500512,SALE,WUVUXV2L8QW4J9CEC,USD,matched,engine,9.99,9.99,9.99,0.00
paypal_us,TXN-100646,ORD-500646,SALE,XNT03LDDP9QCAD9WB,USD,matched,engine,59.99,59.99,59.99,0.00
paypal_us,TXN-100243,ORD-500243,SALE,XSNJAYTDRRKU60L3L,USD,matched,engine,24.99,24.99,24.99,0.00
paypal_us,TXN-100013,ORD-500013,SALE,XX3HT3WKEZ76UBP9V,USD,matched_declined,engine,0.00,0.00,0.00,0.00
paypal_us,TXN-101251,ORD-501251,SALE,Y9K7PSWNCEFAYMCTD,USD,matched,engine,59.99,59.99,59.99,0.00
paypal_us,TXN-101184,ORD-501184,SALE,YC2H45VSTG94G24HQ,USD,matched,engine,24.99,24.99,24.99,0.00
paypal_us,TXN-100219,ORD-500219,SALE,YLYZ7HSHVNDJTY920,USD,matched,engine,59.99,59.99,59.99,0.00
paypal_us,TXN-100859,ORD-500859,SALE,YW5JG9QQE9X551BH8,USD,matched,engine,59.99,59.99,59.99,0.00
paypal_us,TXN-100789,ORD-500789,SALE,Z4BLUZCUSML2MQ1WL,USD,matched,engine,4.99,4.99,4.99,0.00
paypal_us,TXN-101927,ORD-501927,SALE,ZDWQ9N42VDZZKX0MY,USD,matched,engine,9.99,9.99,9.99,0.00
paypal_us,TXN-100320,ORD-500320,SALE,ZKUABZYX1LJFF36VN,USD,matched,engine,24.99,24.99,24.99,0.00
paypal_us,TXN-100883,ORD-500883,SALE,ZNEJEY6RTJQPSUUZH,USD,matched,engine,9.99,9.99,9.99,0.00
paypal_us,TXN-100873,ORD-500873,SALE,ZNW09FPPSSLWZ13BE,USD,matched,engine,9.99,9.99,9.99,0.00
paypal_us,TXN-100773,ORD-500773,SALE,00UJ83WB59DTTLC9P,USD,matched,engine,24.99,24.99,24.99,0.00
paypal_us,TXN-100092,ORD-500092,SALE,0E60WKF7X2WZW7WDH,USD,matched,engine,9.99,9.99,9.99,0.00
paypal_us,TXN-101200,ORD-501200,SALE,0JNK6F2LN7TNR76ZN,USD,matched,engine,24.99,24.99,24.99,0.00
paypal_us,TXN-101321,ORD-501321,SALE,0Y24YPZG3BSZQ0RK2,USD,matched,engine,9.99,9.99,9.99,0.00
paypal_us,TXN-101299,ORD-501299,SALE,1282HN3G04MXLTF2T,USD,matched,engine,24.99,24.99,24.99,0.00
paypal_us,TXN-101269,ORD-501269,SALE,16GFP0WG7P970J2TW,USD,matched,engine,9.99,9.99,9.99,0.00
paypal_us,TXN-101324,ORD-501324,SALE,19SRF1YW3X8XGXR0Z,USD,matched,engine,9.99,9.99,9.99,0.00
paypal_us,TXN-100588,ORD-500588,SALE,1R75YAHY66VE7K3KS,USD,matched_declined,engine,0.00,0.00,0.00,0.00
paypal_us,TXN-101318,ORD-501318,SALE,1S3QN4FDWMC846FUY,USD,matched,engine,9.99,9.99,9.99,0.00
paypal_us,TXN-100853,ORD-500853,SALE,21PZHCQBDU6F5YD2X,USD,matched,engine,24.99,24.99,24.99,0.00
paypal_us,TXN-100580,ORD-500580,SALE,2JPMMVK03S7D5ZDVQ,USD,matched,engine,9.99,9.99,9.99,0.00
paypal_us,TXN-101809,ORD-501809,SALE,3APVGNYDE5RPBRMMC,USD,matched,engine,9.99,9.99,9.99,0.00
paypal_us,TXN-100471,ORD-500471,SALE,3MZRYE654R5S6YL6S,USD,matched,engine,4.99,4.99,4.99,0.00
paypal_us,TXN-100905,ORD-500905,SALE,3T4ZZ06H6LNMKEU63,USD,matched,engine,9.99,9.99,9.99,0.00
paypal_us,TXN-100278,ORD-500278,SALE,3YJDKXH1347J9Z6CL,USD,matched,engine,4.99,4.99,4.99,0.00
paypal_us,TXN-101261,ORD-501261,SALE,4J7YKDTYXK40B3FKF,USD,matched,engine,4.99,4.99,4.99,0.00
paypal_us,TXN-100324,ORD-500324,SALE,4WAQZLMB6GPFLY2WW,USD,matched,engine,9.99,9.99,9.99,0.00
paypal_us,TXN-101188,ORD-501188,SALE,58P04VSEVB4TRKY0D,USD,matched,engine,24.99,24.99,24.99,0.00
paypal_us,TXN-101157,ORD-501157,SALE,5DSKQXAQBJ4CX4HV8,USD,matched,engine,4.99,4.99,4.99,0.00
paypal_us,TXN-101709,ORD-501709,SALE,5P1NFVBBG1VBN3GJJ,USD,matched,engine,9.99,9.99,9.99,0.00
paypal_us,TXN-101552,ORD-501552,SALE,5SGP8QJKGG6SQZBLD,USD,matched,engine,9.99,9.99,9.99,0.00
paypal_us,TXN-100100,ORD-500100,SALE,6DFH0GFMDN7CPX9ZS,USD,matched,engine,59.99,59.99,59.99,0.00
paypal_us,TXN-100857,ORD-500857,SALE,6L9TR41K3V1JNM4J0,USD,matched_declined,engine,0.00,0.00,0.00,0.00
paypal_us,TXN-101889,ORD-501889,SALE,6RN3L122WVR0JVTNT,USD,matched,engine,9.99,9.99,9.99,0.00
paypal_us,TXN-101990,ORD-501990,SALE,7BEJSKB7CW5ZWDUF3,USD,matched,engine,9.99,9.99,9.99,0.00
paypal_us,TXN-101519,ORD-501519,SALE,7Z91DXM8RX9V8EAAT,USD,matched,engine,9.99,9.99,9.99,0.00
paypal_us,TXN-107800,ORD-500889,REFUND,81F66788AK0M3WLYF,USD,matched,engine,-4.99,-4.99,-4.99,0.00
paypal_us,TXN-101465,ORD-501465,SALE,8DPB3E5KHFKN8M52Z,USD,matched,engine,9.99,9.99,9.99,0.00
paypal_us,TXN-100643,ORD-500643,SALE,8HX664V93ZZSX6YN8,USD,matched,engine,4.99,4.99,4.99,0.00
paypal_us,TXN-100529,ORD-500529,SALE,8JH6LFDHP135WW9ZB,USD,matched_declined,engine,0.00,0.00,0.00,0.00
paypal_us,TXN-100994,ORD-500994,SALE,8K2L4C4B58EXZ4VM4,USD,matched,engine,24.99,24.99,24.99,0.00
paypal_us,TXN-101642,ORD-501642,SALE,919B6ZX2KJGZVFSLL,USD,matched,engine,9.99,9.99,9.99,0.00
paypal_us,TXN-100514,ORD-500514,SALE,95MDFJV5UUYHMU04T,USD,matched,engine,59.99,59.99,59.99,0.00
paypal_us,TXN-100730,ORD-500730,SALE,960LVPYWPMEG7XLP9,USD,matched,engine,9.99,9.99,9.99,0.00
paypal_us,TXN-100962,ORD-500962,SALE,98YFFTRD7TBBQ8YYL,USD,matched_declined,engine,0.00,0.00,0.00,0.00
paypal_us,TXN-101398,ORD-501398,SALE,9E1DVH6MCZSE794PQ,USD,matched,engine,9.99,9.99,9.99,0.00
paypal_us,TXN-101227,ORD-501227,SALE,9L4DV2FS5D5PL6S6M,USD,matched,engine,9.99,9.99,9.99,0.00
paypal_us,TXN-100198,ORD-500198,SALE,9QCKNBHY1Q6Q9HXB4,USD,matched,engine,9.99,9.99,9.99,0.00
paypal_us,TXN-100311,ORD-500311,SALE,9YGSV9GVXZHRSM578,USD,matched,engine,59.99,59.99,59.99,0.00
paypal_us,TXN-100460,ORD-500460,SALE,A96DZGZ0Q3S6EGKXM,USD,matched,engine,9.99,9.99,9.99,0.00
paypal_us,TXN-100505,ORD-500505,SALE,AA7GSXKZLZXF4PC4H,USD,matched_declined,engine,0.00,0.00,0.00,0.00
paypal_us,TXN-101667,ORD-501667,SALE,ADXVWBGLEV2EC9G60,USD,matched,engine,9.99,9.99,9.99,0.00
paypal_us,TXN-101736,ORD-501736,SALE,AK761FGN59UTBCBZZ,USD,matched,engine,4.99,4.99,4.99,0.00
paypal_us,TXN-100967,ORD-500967,SALE,ANQ6S64VZP7U2NXUE,USD,matched,engine,24.99,24.99,24.99,0.00
paypal_us,TXN-101803,ORD-501803,SALE,AWFNDNS259H3WQS4R,USD,matched_declined,engine,0.00,0.00,0.00,0.00
paypal_us,TXN-100806,ORD-500806,SALE,C50QZSPHGT9Y2YTP2,USD,matched,engine,4.99,4.99,4.99,0.00
paypal_us,TXN-101904,ORD-501904,SALE,CC62J429DMBG1DV1S,USD,matched,engine,9.99,9.99,9.99,0.00
paypal_us,TXN-100985,ORD-500985,SALE,CCJDP3NM5DEMF9CS3,USD,matched,engine,24.99,24.99,24.99,0.00
paypal_us,TXN-101537,ORD-501537,SALE,CPUW58R549XPFSQCG,USD,matched,engine,4.99,4.99,4.99,0.00
paypal_us,TXN-101945,ORD-501945,SALE,D0ZU4WL1R35AYNTVD,USD,matched,engine,9.99,9.99,9.99,0.00
paypal_us,TXN-100733,ORD-500733,SALE,D6DYP4K2G5DGCCCP4,USD,matched,engine,59.99,59.99,59.99,0.00
paypal_us,TXN-101594,ORD-501594,SALE,D7ZMQ4RHYLFZV2625,USD,matched,engine,9.99,9.99,9.99,0.00
paypal_us,TXN-100462,ORD-500462,SALE,DB3NFJX1VGRUMACVA,USD,matched,engine,9.99,9.99,9.99,0.00
paypal_us,TXN-107824,ORD-501824,REFUND,DELWZPT0ENG4PKWP4,USD,matched,engine,-5.00,-5.00,-5.00,0.00
paypal_us,TXN-101960,ORD-501960,SALE,DKNWUEYW9WUPFHM2R,USD,matched,engine,59.99,59.99,59.99,0.00
paypal_us,TXN-100544,ORD-500544,SALE,DL83RUXRRV2TL6GTZ,USD,matched,engine,4.99,4.99,4.99,0.00
paypal_us,TXN-100846,ORD-500846,SALE,E3AHB63X94DM6QZCD,USD,matched,engine,9.99,9.99,9.99,0.00
paypal_us,TXN-101478,ORD-501478,SALE,E4QJ6ZRDK24GU6G5G,USD,matched,engine,9.99,9.99,9.99,0.00
paypal_us,TXN-100440,ORD-500440,SALE,E9QTF36G5WB146BD0,USD,matched,engine,24.99,24.99,24.99,0.00
paypal_us,TXN-100598,ORD-500598,SALE,EDN730S2NCMFQSE6B,USD,matched,engine,59.99,59.99,59.99,0.00
paypal_us,TXN-101492,ORD-501492,SALE,EKM5YYJSGZGD2NBQM,USD,matched,engine,9.99,9.99,9.99,0.00
paypal_us,TXN-100202,ORD-500202,SALE,EPT3WD95UNQE67WH6,USD,matched,engine,24.99,24.99,24.99,0.00
paypal_us,TXN-101066,ORD-501066,SALE,EQLRDG3VXHUHVM1Z0,USD,matched,engine,24.99,24.99,24.99,0.00
paypal_us,TXN-100147,ORD-500147,SALE,EUMGDEE5DBYRSE0TB,USD,matched,engine,59.99,59.99,59.99,0.00
paypal_us,TXN-100965,ORD-500965,SALE,F5D3S7A5EWD1BJ760,USD,matched,engine,9.99,9.99,9.99,0.00
paypal_us,TXN-100526,ORD-500526,SALE,FD2855RH5DR0Y2M8F,USD,matched,engine,24.99,24.99,24.99,0.00
paypal_us,TXN-101672,ORD-501672,SALE,FWS6SSN71MG3KVPP2,USD,matched,engine,4.99,4.99,4.99,0.00
paypal_us,TXN-101577,ORD-501577,SALE,G1U6NB2H8JD639C22,USD,matched,engine,9.99,9.99,9.99,0.00
paypal_us,TXN-101007,ORD-501007,SALE,G78XUT0DM8YLR1T8A,USD,matched,engine,24.99,24.99,24.99,0.00
paypal_us,TXN-101814,ORD-501814,SALE,GENVVFF4SA7ZZY9TB,USD,matched,engine,9.99,9.99,9.99,0.00
paypal_us,TXN-101117,ORD-501117,SALE,GTNNTASKSCDMJY8MN,USD,matched,engine,4.99,4.99,4.99,0.00
paypal_us,TXN-101958,ORD-501958,SALE,HA5A0G65FS552T16F,USD,matched,engine,9.99,9.99,9.99,0.00
paypal_us,TXN-101684,ORD-501684,SALE,HK4KN3HNKZV2BAGJB,USD,matched,engine,9.99,9.99,9.99,0.00
paypal_us,TXN-101115,ORD-501115,SALE,J37K6V4EZZKGQ91B8,USD,matched,engine,4.99,4.99,4.99,0.00
paypal_us,TXN-101763,ORD-501763,SALE,J62HSET1U2D961UA1,USD,matched,engine,4.99,4.99,4.99,0.00
paypal_us,TXN-100178,ORD-500178,SALE,JEJQ6TXRCLA1EHW77,USD,matched,engine,4.99,4.99,4.99,0.00
paypal_us,TXN-107818,ORD-501591,REFUND,JSRBF7TCUUN5QBQX3,USD,matched,engine,-5.00,-5.00,-5.00,0.00
paypal_us,TXN-101869,ORD-501869,SALE,JYR2R75L8BDD5UG0J,USD,matched,engine,9.99,9.99,9.99,0.00
paypal_us,TXN-101861,ORD-501861,SALE,K5N0AJAM60NMDYEXD,USD,matched,engine,24.99,24.99,24.99,0.00
paypal_us,TXN-101797,ORD-501797,SALE,KM2WRBUY3BDJ4EYQA,USD,matched,engine,24.99,24.99,24.99,0.00
paypal_us,TXN-101405,ORD-501405,SALE,KM76JD3GUB6LM8DDQ,USD,matched,engine,4.99,4.99,4.99,0.00
paypal_us,TXN-100423,ORD-500423,SALE,KYVGAE96ZC8V664JL,USD,matched,engine,9.99,9.99,9.99,0.00
paypal_us,TXN-101010,ORD-501010,SALE,LNPR3H4HHQX4HAAEQ,USD,matched,engine,4.99,4.99,4.99,0.00
paypal_us,TXN-101061,ORD-501061,SALE,MDEXAPQECEBR3KVD6,USD,matched,engine,9.99,9.99,9.99,0.00
paypal_us,TXN-101392,ORD-501392,SALE,MDL2XRFXJ944ZFC08,USD,matched,engine,9.99,9.99,9.99,0.00
paypal_us,TXN-101266,ORD-501266,SALE,N10RGHY5QYAUKRZV6,USD,matched_declined,engine,0.00,0.00,0.00,0.00
paypal_us,TXN-100057,ORD-500057,SALE,N9EC11G802Z7YXXR3,USD,matched,engine,9.99,9.99,9.99,0.00
paypal_us,TXN-101236,ORD-501236,SALE,NC4CJCLCPUHEZ7S7Z,USD,matched,engine,4.99,4.99,4.99,0.00
paypal_us,TXN-101695,ORD-501695,SALE,P4M3PCWQRN9XJ93SC,USD,matched,engine,9.99,9.99,9.99,0.00
paypal_us,TXN-100642,ORD-500642,SALE,PWPZM3749Q1TCU02V,USD,matched,engine,24.99,24.99,24.99,0.00
paypal_us,TXN-100648,ORD-500648,SALE,QV67YZTVJ38BEDZ1Q,USD,matched,engine,9.99,9.99,9.99,0.00
paypal_us,TXN-101827,ORD-501827,SALE,RTXQ0Y4W5LW6PVAK5,USD,matched,engine,4.99,4.99,4.99,0.00
paypal_us,TXN-100384,ORD-500384,SALE,RXEXY5KZKVYA620L7,USD,matched,engine,9.99,9.99,9.99,0.00
paypal_us,TXN-101996,ORD-501996,SALE,RXNSVC5934PESWSLD,USD,matched,engine,59.99,59.99,59.99,0.00
paypal_us,TXN-100591,ORD-500591,SALE,S1VNZT7ACC5E6HNYD,USD,matched,engine,59.99,59.99,59.99,0.00
paypal_us,TXN-101034,ORD-501034,SALE,S68TE2QBXELSCF5H9,USD,matched,engine,9.99,9.99,9.99,0.00
paypal_us,TXN-102031,ORD-502031,SALE,SDC0X6BDARVT17XAT,USD,matched,engine,9.99,9.99,9.99,0.00
paypal_us,TXN-101496,ORD-501496,SALE,TDFTNVMSQ4N738SFS,USD,matched,engine,9.99,9.99,9.99,0.00
paypal_us,TXN-101730,ORD-501730,SALE,TF0CXWXEPWN2JBTHB,USD,matched,engine,9.99,9.99,9.99,0.00
paypal_us,TXN-101664,ORD-501664,SALE,TF7JEG9V4689WC1KW,USD,matched,engine,24.99,24.99,24.99,0.00
paypal_us,TXN-101226,ORD-501226,SALE,TM1TUPJMDA3NKLUQV,USD,matched,engine,4.99,4.99,4.99,0.00
paypal_us,TXN-101499,ORD-501499,SALE,UGGLDFCAYKTEN61R5,USD,matched,engine,24.99,24.99,24.99,0.00
paypal_us,TXN-100275,ORD-500275,SALE,UYAAP2B1V8CQRSSK7,USD,matched_declined,engine,0.00,0.00,0.00,0.00
paypal_us,TXN-101905,ORD-501905,SALE,VD0SJEE0EWULEWNQK,USD,matched,engine,9.99,9.99,9.99,0.00
paypal_us,TXN-101822,ORD-501822,SALE,VLH85B64K4B8T8HG1,USD,matched_declined,engine,0.00,0.00,0.00,0.00
paypal_us,TXN-100498,ORD-500498,SALE,VPLWK529ZAXM3CYD3,USD,matched,engine,4.99,4.99,4.99,0.00
paypal_us,TXN-101978,ORD-501978,SALE,W11V1YUEQ08FGEU5J,USD,matched,engine,9.99,9.99,9.99,0.00
paypal_us,TXN-101023,ORD-501023,SALE,WYHCWGUDXA1XF91C6,USD,matched,engine,9.99,9.99,9.99,0.00
paypal_us,TXN-101370,ORD-501370,SALE,X0TVUVD4DKHXKZYWK,USD,matched,engine,9.99,9.99,9.99,0.00
paypal_us,TXN-100104,ORD-500104,SALE,X3MAQN97F8SXYLVJJ,USD,matched,engine,9.99,9.99,9.99,0.00
paypal_us,TXN-100772,ORD-500772,SALE,XAXAUS6UN9K4VP0JB,USD,matched,engine,59.99,59.99,59.99,0.00
paypal_us,TXN-101538,ORD-501538,SALE,XDH4Z29MPACBBJCW7,USD,matched,engine,59.99,59.99,59.99,0.00
paypal_us,TXN-100322,ORD-500322,SALE,XDMMCKHTNQWR8TYF8,USD,matched,engine,9.99,9.99,9.99,0.00
paypal_us,TXN-101974,ORD-501974,SALE,XG3S3W3NSF4BDCUZE,USD,matched,engine,9.99,9.99,9.99,0.00
paypal_us,TXN-100923,ORD-500923,SALE,XG4Q2DUQXLWMLPYTC,USD,matched,engine,59.99,59.99,59.99,0.00
paypal_us,TXN-101097,ORD-501097,SALE,XT5FY0XDNLE4BBQ6P,USD,matched,engine,59.99,59.99,59.99,0.00
paypal_us,TXN-100134,ORD-500134,SALE,XWPX1ZGW9J9QPWN6L,USD,matched,engine,9.99,9.99,9.99,0.00
paypal_us,TXN-101981,ORD-501981,SALE,Y1M0SR9RQ7DZHAGMC,USD,matched,engine,9.99,9.99,9.99,0.00
paypal_us,TXN-101256,ORD-501256,SALE,Y2KE9BVWAM5GSWQ4E,USD,matched,engine,9.99,9.99,9.99,0.00
paypal_us,TXN-100850,ORD-500850,SALE,YCTRV7FX22QGFPWA8,USD,matched,engine,9.99,9.99,9.99,0.00
paypal_us,TXN-100903,ORD-500903,SALE,YE80KGMPP5NEC1C5G,USD,matched,engine,24.99,24.99,24.99,0.00
paypal_us,TXN-101422,ORD-501422,SALE,YJUFGSHNRN4M3LR5L,USD,matched,engine,9.99,9.99,9.99,0.00
paypal_us,TXN-101290,ORD-501290,SALE,YMDA66A825GEU1XAM,USD,matched,engine,9.99,9.99,9.99,0.00
paypal_us,TXN-100159,ORD-500159,SALE,YTRX9KR4Y0A4MJQA2,USD,matched,engine,9.99,9.99,9.99,0.00
paypal_us,TXN-100624,ORD-500624,SALE,ZJNJD1AQASNX6T6W4,USD,matched,engine,59.99,59.99,59.99,0.00
paypal_us,TXN-100868,ORD-500868,SALE,ZL9N5Q1CDTQP8VBKB,USD,matched,engine,9.99,9.99,9.99,0.00
paypal_us,TXN-101100,ORD-501100,SALE,ZNZC5QXK3607RVMTN,USD,matched,engine,59.99,59.99,59.99,0.00
paypal_us,TXN-100154,ORD-500154,SALE,ZREXZFGD8M04C6L8J,USD,matched,engine,9.99,9.99,9.99,0.00
paypal_us,TXN-101032,ORD-501032,SALE,ZY7VF9KBEUNLXG8V7,USD,matched,engine,9.99,9.99,9.99,0.00
paypal_us,TXN-100771,ORD-500771,SALE,03L714BZTPG71W8CE,USD,matched,engine,24.99,24.99,24.99,0.00
paypal_us,TXN-101637,ORD-501637,SALE,03VDQSCAX93B8TXYJ,USD,matched,engine,9.99,9.99,9.99,0.00
paypal_us,TXN-100795,ORD-500795,SALE,0JHY5NPCY6GWQH5DN,USD,matched,engine,9.99,9.99,9.99,0.00
paypal_us,TXN-101081,ORD-501081,SALE,0MX28WVDSMCX0SW3B,USD,matched,engine,24.99,24.99,24.99,0.00
paypal_us,TXN-100354,ORD-500354,SALE,0WSVY5D9BU6H7HE2X,USD,matched,engine,9.99,9.99,9.99,0.00
paypal_us,TXN-101196,ORD-501196,SALE,2HJURJE6T34NB0RLJ,USD,matched,engine,9.99,9.99,9.99,0.00
paypal_us,TXN-100518,ORD-500518,SALE,2KPBHKJKRVGS6QH52,USD,matched,engine,4.99,4.99,4.99,0.00
paypal_us,TXN-101014,ORD-501014,SALE,3MT83C5Q8PDQXAFU3,USD,matched_declined,engine,0.00,0.00,0.00,0.00
paypal_us,TXN-101699,ORD-501699,SALE,408YA7ZRA38C1JEAG,USD,matched,engine,9.99,9.99,9.99,0.00
paypal_us,TXN-100126,ORD-500126,SALE,4EZ7V0NUQZF45CXPJ,USD,matched,engine,59.99,59.99,59.99,0.00
paypal_us,TXN-101132,ORD-501132,SALE,4ZX82TMFUB16Y62QJ,USD,matched,engine,4.99,4.99,4.99,0.00
paypal_us,TXN-100268,ORD-500268,SALE,5FQCWMU93FJBCLDF8,USD,matched,engine,9.99,9.99,9.99,0.00
paypal_us,TXN-100879,ORD-500879,SALE,5H240SZHN68YBE7DD,USD,matched,engine,59.99,59.99,59.99,0.00
paypal_us,TXN-100307,ORD-500307,SALE,65C7HL70JQVP4WCH3,USD,matched,engine,9.99,9.99,9.99,0.00
paypal_us,TXN-100833,ORD-500833,SALE,6F6A8BBWFLY8UQ7BL,USD,matched,engine,24.99,24.99,24.99,0.00
paypal_us,TXN-101326,ORD-501326,SALE,6SLKZTNWGMJZ9ZAKE,USD,matched,engine,59.99,59.99,59.99,0.00
paypal_us,TXN-101309,ORD-501309,SALE,6SUBY1SLZ5YZDHZJ6,USD,matched,engine,59.99,59.99,59.99,0.00
paypal_us,TXN-101759,ORD-501759,SALE,6WBXJ0NSZALX9YU3L,USD,matched,engine,9.99,9.99,9.99,0.00
paypal_us,TXN-100812,ORD-500812,SALE,75KD65TG9ABS6E4AC,USD,matched,engine,9.99,9.99,9.99,0.00
paypal_us,TXN-107791,ORD-500583,REFUND,76Q5P3YNQ539HFA5B,USD,matched,engine,-9.99,-9.99,-9.99,0.00
paypal_us,TXN-101128,ORD-501128,SALE,79T9NQ8XWXR5NBSZ4,USD,matched,engine,9.99,9.99,9.99,0.00
paypal_us,TXN-100186,ORD-500186,SALE,7LY4X0S6B2T5D65LA,USD,matched,engine,9.99,9.99,9.99,0.00
paypal_us,TXN-100402,ORD-500402,SALE,7LZE2JLA7D6YRNL6X,USD,matched,engine,59.99,59.99,59.99,0.00
paypal_us,TXN-101133,ORD-501133,SALE,7NPXL2CHX8R5BBKRM,USD,matched,engine,9.99,9.99,9.99,0.00
paypal_us,TXN-101279,ORD-501279,SALE,8YE3S1RE1SJ1BQEVK,USD,matched,engine,9.99,9.99,9.99,0.00
paypal_us,TXN-100982,ORD-500982,SALE,94GCLT6LFTGBR23XK,USD,matched,engine,24.99,24.99,24.99,0.00
paypal_us,TXN-102011,ORD-502011,SALE,9PWR9X3JTSWT77FB0,USD,matched,engine,9.99,9.99,9.99,0.00
paypal_us,TXN-100469,ORD-500469,SALE,9V3KS9VPT1K7NYGXT,USD,matched,engine,9.99,9.99,9.99,0.00
paypal_us,TXN-100401,ORD-500401,SALE,9YA9UMK530P9Q7CF9,USD,matched,engine,59.99,59.99,59.99,0.00
paypal_us,TXN-101154,ORD-501154,SALE,AG0GERHMQSS0P81VD,USD,matched,engine,4.99,4.99,4.99,0.00
paypal_us,TXN-100486,ORD-500486,SALE,AHL1MH1U07BKVQ3RQ,USD,matched_declined,engine,0.00,0.00,0.00,0.00
paypal_us,TXN-101001,ORD-501001,SALE,AJWV450EW35T5YULB,USD,matched,engine,9.99,9.99,9.99,0.00
paypal_us,TXN-100184,ORD-500184,SALE,ALSXCQ7ML0JQC2D0N,USD,matched,engine,9.99,9.99,9.99,0.00
paypal_us,TXN-107808,ORD-501301,REFUND,BLDNU4Y0J8LHMAWJ5,USD,matched,engine,-59.99,-59.99,-59.99,0.00
paypal_us,TXN-101655,ORD-501655,SALE,BMAH7WYP2BK8VKLWQ,USD,matched,engine,59.99,59.99,59.99,0.00
paypal_us,TXN-100960,ORD-500960,SALE,BZ7V4LT5NAX5RQ7JJ,USD,matched,engine,9.99,9.99,9.99,0.00
paypal_us,TXN-100569,ORD-500569,SALE,C66CU8NLBC73RDVEP,USD,matched,engine,9.99,9.99,9.99,0.00
paypal_us,TXN-101702,ORD-501702,SALE,C974TGSD2SWRC8ZT5,USD,matched,engine,9.99,9.99,9.99,0.00
paypal_us,TXN-101630,ORD-501630,SALE,CQEG02J75429KYZA6,USD,matched,engine,4.99,4.99,4.99,0.00
paypal_us,TXN-101690,ORD-501690,SALE,CRXJBZLCA1CW4B2LD,USD,matched,engine,9.99,9.99,9.99,0.00
paypal_us,TXN-100575,ORD-500575,SALE,CY9UGPQGNPSRKCR7J,USD,matched,engine,59.99,59.99,59.99,0.00
paypal_us,TXN-101652,ORD-501652,SALE,CZCUSGTF4YM689D79,USD,matched,engine,9.99,9.99,9.99,0.00
paypal_us,TXN-100251,ORD-500251,SALE,D0U19NYSD8G276YSP,USD,matched,engine,59.99,59.99,59.99,0.00
paypal_us,TXN-100531,ORD-500531,SALE,D543E4U2Y0P3VQHP0,USD,matched,engine,59.99,59.99,59.99,0.00
paypal_us,TXN-100388,ORD-500388,SALE,D6XA28234PTAFJLEV,USD,matched,engine,59.99,59.99,59.99,0.00
paypal_us,TXN-100349,ORD-500349,SALE,DFGUSPKFSHW7KF8W9,USD,matched,engine,4.99,4.99,4.99,0.00
paypal_us,TXN-100361,ORD-500361,SALE,DKVAV99XJFK79XPE8,USD,matched,engine,9.99,9.99,9.99,0.00
paypal_us,TXN-101444,ORD-501444,SALE,DWR3NKSWTHZ7R3J24,USD,matched,engine,9.99,9.99,9.99,0.00
paypal_us,TXN-100791,ORD-500791,SALE,E2063GFN17GCUV3G4,USD,matched,engine,24.99,24.99,24.99,0.00
paypal_us,TXN-101282,ORD-501282,SALE,E58NDTRZ3UJPLD8WX,USD,matched,engine,9.99,9.99,9.99,0.00
paypal_us,TXN-101076,ORD-501076,SALE,EJPHJRHV769ZGY5JM,USD,matched,engine,24.99,24.99,24.99,0.00
paypal_us,TXN-100889,ORD-500889,SALE,ELBG1ZZT76U9Z39WC,USD,matched,engine,4.99,4.99,4.99,0.00
paypal_us,TXN-100696,ORD-500696,SALE,F5XD9ZP4R3U182EVF,USD,matched,engine,59.99,59.99,59.99,0.00
paypal_us,TXN-101342,ORD-501342,SALE,FPKP1R8QMN4T4N5FA,USD,matched_declined,engine,0.00,0.00,0.00,0.00
paypal_us,TXN-101204,ORD-501204,SALE,FZ825K8M91656KXC8,USD,matched_declined,engine,0.00,0.00,0.00,0.00
paypal_us,TXN-100041,ORD-500041,SALE,G3LAJHEZUV9LZXB2Y,USD,matched,engine,59.99,59.99,59.99,0.00
paypal_us,TXN-101888,ORD-501888,SALE,G86T428GSH70JBNTH,USD,matched,engine,9.99,9.99,9.99,0.00
paypal_us,TXN-100893,ORD-500893,SALE,GBP3VXZ5B5N747FSQ,USD,matched,engine,59.99,59.99,59.99,0.00
paypal_us,TXN-101107,ORD-501107,SALE,GQ4C3RCPAVQSCZQS4,USD,matched,engine,24.99,24.99,24.99,0.00
paypal_us,TXN-101985,ORD-501985,SALE,GQ7HGWRVEDAFTUTVE,USD,matched,engine,9.99,9.99,9.99,0.00
paypal_us,TXN-100466,ORD-500466,SALE,GXUR11Y636XAQ8UUA,USD,matched,engine,9.99,9.99,9.99,0.00
paypal_us,TXN-100018,ORD-500018,SALE,GYJKNWJ60YKF0AEKE,USD,matched,engine,24.99,24.99,24.99,0.00
paypal_us,TXN-101193,ORD-501193,SALE,H1L0QQ9ZBFHWN8YEV,USD,matched,engine,9.99,9.99,9.99,0.00
paypal_us,TXN-101715,ORD-501715,SALE,H4DTALM8659KLP2PP,USD,matched,engine,9.99,9.99,9.99,0.00
paypal_us,TXN-100541,ORD-500541,SALE,H7RU2YFGPJ80YDC7A,USD,matched,engine,59.99,59.99,59.99,0.00
paypal_us,TXN-100095,ORD-500095,SALE,HGN6P5R4NMQFCM7G0,USD,matched,engine,9.99,9.99,9.99,0.00
paypal_us,TXN-101025,ORD-501025,SALE,HHUNE50A759BEVJYF,USD,matched,engine,9.99,9.99,9.99,0.00
paypal_us,TXN-100377,ORD-500377,SALE,HLL03PBQW213LLRBR,USD,matched_declined,engine,0.00,0.00,0.00,0.00
paypal_us,TXN-107786,ORD-500420,REFUND,HZ1EAE9TKFJQZ0RC9,USD,matched,engine,-9.99,-9.99,-9.99,0.00
paypal_us,TXN-100788,ORD-500788,SALE,J0ZYA4351WG0GQ5S7,USD,matched,engine,9.99,9.99,9.99,0.00
paypal_us,TXN-100225,ORD-500225,SALE,J7M60WVQVVJ92DNDY,USD,matched,engine,9.99,9.99,9.99,0.00
paypal_us,TXN-100931,ORD-500931,SALE,J8DTBENJZCWCRWEMD,USD,matched,engine,24.99,24.99,24.99,0.00
paypal_us,TXN-101272,ORD-501272,SALE,JUCC142U9M9XASWSS,USD,matched_declined,engine,0.00,0.00,0.00,0.00
paypal_us,TXN-107815,ORD-501537,REFUND,K0BS46PXFNCBSQXAZ,USD,matched,engine,-4.99,-4.99,-4.99,0.00
paypal_us,TXN-101033,ORD-501033,SALE,K6944BP53H3KVWJPB,USD,matched,engine,9.99,9.99,9.99,0.00
paypal_us,TXN-101108,ORD-501108,SALE,KCD89DGB0BGM9YZGM,USD,matched,engine,9.99,9.99,9.99,0.00
paypal_us,TXN-100492,ORD-500492,SALE,KJSQUPHC91N9TQV8J,USD,matched,engine,9.99,9.99,9.99,0.00
paypal_us,TXN-100740,ORD-500740,SALE,KRKVQQ7M2FC266UC9,USD,matched,engine,9.99,9.99,9.99,0.00
paypal_us,TXN-101406,ORD-501406,SALE,KYXKVM868E4WFWZGF,USD,matched,engine,4.99,4.99,4.99,0.00
paypal_us,TXN-100434,ORD-500434,SALE,L70QPMEG7MCN8316Y,USD,matched,engine,9.99,9.99,9.99,0.00
paypal_us,TXN-100474,ORD-500474,SALE,LK8947A67YBF2G2XT,USD,matched,engine,24.99,24.99,24.99,0.00
paypal_us,TXN-100214,ORD-500214,SALE,LRWKUA6P9E1QE0VMG,USD,matched,engine,4.99,4.99,4.99,0.00
paypal_us,TXN-100951,ORD-500951,SALE,MBHC76W4BNFMBWMY9,USD,matched,engine,59.99,59.99,59.99,0.00
paypal_us,TXN-107777,ORD-500043,REFUND,MH5Q08A21BZSHNNXM,USD,matched,engine,-9.99,-9.99,-9.99,0.00
paypal_us,TXN-101704,ORD-501704,SALE,MRCFCMUEKTRBX29J2,USD,matched,engine,9.99,9.99,9.99,0.00
paypal_us,TXN-101719,ORD-501719,SALE,MXL36Z09W6EZKNWFT,USD,matched_declined,engine,0.00,0.00,0.00,0.00
paypal_us,TXN-101733,ORD-501733,SALE,N56WCCQZX84E7Y9HB,USD,matched_declined,engine,0.00,0.00,0.00,0.00
paypal_us,TXN-101525,ORD-501525,SALE,N5S0BCKHQ115CNC2C,USD,matched,engine,24.99,24.99,24.99,0.00
paypal_us,TXN-101852,ORD-501852,SALE,N9LSBCD9GDUMBU522,USD,matched,engine,24.99,24.99,24.99,0.00
paypal_us,TXN-101859,ORD-501859,SALE,NA5HRH55QBNDX37WV,USD,matched,engine,4.99,4.99,4.99,0.00
paypal_us,TXN-101150,ORD-501150,SALE,NJ3844NL39H9UST3A,USD,matched,engine,59.99,59.99,59.99,0.00
paypal_us,TXN-101833,ORD-501833,SALE,NS3LE4BE51QXRR1EN,USD,matched,engine,4.99,4.99,4.99,0.00
paypal_us,TXN-100050,ORD-500050,SALE,NT8RG74K8BJWE0RLV,USD,matched,engine,9.99,9.99,9.99,0.00
paypal_us,TXN-101262,ORD-501262,SALE,NW2V9GFYTGQ8W6389,USD,matched,engine,9.99,9.99,9.99,0.00
paypal_us,TXN-100601,ORD-500601,SALE,PYFV5PH2QVW85R3WF,USD,matched,engine,59.99,59.99,59.99,0.00
paypal_us,TXN-101018,ORD-501018,SALE,Q1Z3K2NHWHZ68K1YE,USD,matched,engine,9.99,9.99,9.99,0.00
paypal_us,TXN-100036,ORD-500036,SALE,Q269P4YZ4AUE5H83C,USD,matched,engine,9.99,9.99,9.99,0.00
paypal_us,TXN-100946,ORD-500946,SALE,Q9DA059LP2R61LK4A,USD,matched,engine,9.99,9.99,9.99,0.00
paypal_us,TXN-101501,ORD-501501,SALE,QTW3ZG65YL7VMTZPW,USD,matched,engine,4.99,4.99,4.99,0.00
paypal_us,TXN-101991,ORD-501991,SALE,QWA4E2K7ZMVP3RHX5,USD,matched,engine,24.99,24.99,24.99,0.00
paypal_us,TXN-100633,ORD-500633,SALE,R40DERXYLEZ5RCNZA,USD,matched,engine,9.99,9.99,9.99,0.00
paypal_us,TXN-100522,ORD-500522,SALE,R90UMSRJ6TXV7NPK5,USD,matched,engine,9.99,9.99,9.99,0.00
paypal_us,TXN-100769,ORD-500769,SALE,RLJVUCUA68U92SDQB,USD,matched,engine,59.99,59.99,59.99,0.00
paypal_us,TXN-100660,ORD-500660,SALE,RMV5LD3ZXUPJC6FXS,USD,matched,engine,24.99,24.99,24.99,0.00
paypal_us,TXN-101805,ORD-501805,SALE,RP4NFU5QMDCLVEMQH,USD,matched,engine,9.99,9.99,9.99,0.00
paypal_us,TXN-101195,ORD-501195,SALE,RRVVQU1XJ0KZ6GYJX,USD,matched,engine,9.99,9.99,9.99,0.00
paypal_us,TXN-100269,ORD-500269,SALE,S08G45MNSP27C45NA,USD,matched,engine,24.99,24.99,24.99,0.00
paypal_us,TXN-100636,ORD-500636,SALE,SC24U5AHG09WE1XB3,USD,matched,engine,9.99,9.99,9.99,0.00
paypal_us,TXN-101042,ORD-501042,SALE,SF3BHDESZU337PHZ5,USD,matched,engine,24.99,24.99,24.99,0.00
paypal_us,TXN-100398,ORD-500398,SALE,SX4Z8P13TFY0MG9ZY,USD,matched,engine,9.99,9.99,9.99,0.00
paypal_us,TXN-100611,ORD-500611,SALE,T2BPQXD646H0HJBL3,USD,matched,engine,9.99,9.99,9.99,0.00
paypal_us,TXN-100988,ORD-500988,SALE,T2HMB1TT1YJ2SSK9D,USD,matched,engine,9.99,9.99,9.99,0.00
paypal_us,TXN-101527,ORD-501527,SALE,TGE81P6851H3R0JMR,USD,matched,engine,24.99,24.99,24.99,0.00
paypal_us,TXN-101901,ORD-501901,SALE,TS1LPAPPGFDZY88Y0,USD,matched,engine,9.99,9.99,9.99,0.00
paypal_us,TXN-100128,ORD-500128,SALE,U2BR3KKJU48V5U6Z8,USD,matched,engine,24.99,24.99,24.99,0.00
paypal_us,TXN-101041,ORD-501041,SALE,U5UCKL8N91X2EFN3T,USD,matched,engine,24.99,24.99,24.99,0.00
paypal_us,TXN-101294,ORD-501294,SALE,UBWCL8HSY7S3M2PGD,USD,matched,engine,9.99,9.99,9.99,0.00
paypal_us,TXN-100573,ORD-500573,SALE,V9ZHAM550JSLFVNYF,USD,matched,engine,4.99,4.99,4.99,0.00
paypal_us,TXN-101731,ORD-501731,SALE,VMAHM52KHTMFVZ2JB,USD,matched,engine,9.99,9.99,9.99,0.00
paypal_us,TXN-101610,ORD-501610,SALE,VW839UVX72C1YXTQ0,USD,matched,engine,24.99,24.99,24.99,0.00
paypal_us,TXN-101232,ORD-501232,SALE,W7W3U6F03NYUBPTXJ,USD,matched,engine,4.99,4.99,4.99,0.00
paypal_us,TXN-101722,ORD-501722,SALE,WMR2W9FLGZ31M8F3W,USD,matched_declined,engine,0.00,0.00,0.00,0.00
paypal_us,TXN-100521,ORD-500521,SALE,WTEVQY81TYK5DQX80,USD,matched,engine,9.99,9.99,9.99,0.00
paypal_us,TXN-100509,ORD-500509,SALE,XX6YAP79AEMRBFS7D,USD,matched,engine,24.99,24.99,24.99,0.00
paypal_us,TXN-101737,ORD-501737,SALE,YV4MV4ESUWXLVP685,USD,matched,engine,24.99,24.99,24.99,0.00
paypal_us,TXN-101628,ORD-501628,SALE,YZST35NWWZEPL1PZA,USD,matched,engine,9.99,9.99,9.99,0.00
paypal_us,TXN-100595,ORD-500595,SALE,Z0L9BXTCZFMU55S6S,USD,matched,engine,59.99,59.99,59.99,0.00
paypal_us,TXN-102042,ORD-502042,SALE,ZJD8BSZ4D034SC2E2,USD,matched,engine,24.99,24.99,24.99,0.00
paypal_us,TXN-101244,ORD-501244,SALE,ZN19FTA30NVGSHBSF,USD,matched,engine,9.99,9.99,9.99,0.00
paypal_us,TXN-100412,ORD-500412,SALE,0CWV1YBTAVLUL4Q2Q,USD,matched,engine,24.99,24.99,24.99,0.00
paypal_us,TXN-102019,ORD-502019,SALE,0NQQQKSLURT8L1EZ6,USD,matched,engine,59.99,59.99,59.99,0.00
paypal_us,TXN-100714,ORD-500714,SALE,13MC5H7Q546A4WG60,USD,matched_declined,engine,0.00,0.00,0.00,0.00
paypal_us,TXN-101752,ORD-501752,SALE,14DCGR3T50NDPJYS3,USD,matched,engine,59.99,59.99,59.99,0.00
paypal_us,TXN-100914,ORD-500914,SALE,18TAW1EGMJGN1Y1MX,USD,matched,engine,9.99,9.99,9.99,0.00
paypal_us,TXN-100735,ORD-500735,SALE,1D32F57812Q0Z49AJ,USD,matched,engine,9.99,9.99,9.99,0.00
paypal_us,TXN-100124,ORD-500124,SALE,1EU9KYNTXLX65J1RQ,USD,matched,engine,9.99,9.99,9.99,0.00
paypal_us,TXN-100139,ORD-500139,SALE,1F14MZAYHM7HERXEW,USD,matched,engine,9.99,9.99,9.99,0.00
paypal_us,TXN-101870,ORD-501870,SALE,1KM8E52NYHSTCQ1SE,USD,matched,engine,24.99,24.99,24.99,0.00
paypal_us,TXN-101028,ORD-501028,SALE,1PJTPHTXN9KE294SZ,USD,matched,engine,59.99,59.99,59.99,0.00
paypal_us,TXN-101003,ORD-501003,SALE,2CUNWY4K7VSKP22VZ,USD,matched,engine,9.99,9.99,9.99,0.00
paypal_us,TXN-100561,ORD-500561,SALE,2YKCG307U4TK2E9W0,USD,matched,engine,9.99,9.99,9.99,0.00
paypal_us,TXN-101878,ORD-501878,SALE,2ZP2LH01JKDRE9BYY,USD,matched,engine,24.99,24.99,24.99,0.00
paypal_us,TXN-100211,ORD-500211,SALE,3306T3Z3EPZWJNC1K,USD,matched,engine,9.99,9.99,9.99,0.00
paypal_us,TXN-107788,ORD-500472,REFUND,36DHUFEG6PU4XFNAJ,USD,matched,engine,-5.00,-5.00,-5.00,0.00
paypal_us,TXN-101303,ORD-501303,SALE,37XNP245W4HHJJFP1,USD,matched,engine,9.99,9.99,9.99,0.00
paypal_us,TXN-101627,ORD-501627,SALE,3CWF8NJRSNWVC11ZS,USD,matched,engine,59.99,59.99,59.99,0.00
paypal_us,TXN-101116,ORD-501116,SALE,4D0GQ44SJ8RG6UDA2,USD,matched,engine,9.99,9.99,9.99,0.00
paypal_us,TXN-101785,ORD-501785,SALE,4LVYXH7MPBYPP0UNW,USD,matched,engine,9.99,9.99,9.99,0.00
paypal_us,TXN-100980,ORD-500980,SALE,5A59PYA37J2BB4BYS,USD,matched,engine,24.99,24.99,24.99,0.00
paypal_us,TXN-100327,ORD-500327,SALE,5EKKUFXKA791988KV,USD,matched,engine,9.99,9.99,9.99,0.00
paypal_us,TXN-100654,ORD-500654,SALE,5LS4PTWHRHMZNCEGJ,USD,matched_declined,engine,0.00,0.00,0.00,0.00
paypal_us,TXN-100312,ORD-500312,SALE,5Q04R8MXH6JU39A45,USD,matched,engine,9.99,9.99,9.99,0.00
paypal_us,TXN-101936,ORD-501936,SALE,5UB06G6ARMZ6UFUGE,USD,matched,engine,9.99,9.99,9.99,0.00
paypal_us,TXN-100088,ORD-500088,SALE,5X52DP2JM7DN08QFX,USD,matched_declined,engine,0.00,0.00,0.00,0.00
paypal_us,TXN-101450,ORD-501450,SALE,69FJ1B2STRWPVWFTD,USD,matched,engine,24.99,24.99,24.99,0.00
paypal_us,TXN-100228,ORD-500228,SALE,6CY7R8K70QCQ5FH5A,USD,matched,engine,9.99,9.99,9.99,0.00
paypal_us,TXN-100111,ORD-500111,SALE,6G33PYWKGQGLEEQDX,USD,matched,engine,24.99,24.99,24.99,0.00
paypal_us,TXN-101348,ORD-501348,SALE,75JGWB49VWHXNFHH4,USD,matched,engine,9.99,9.99,9.99,0.00
paypal_us,TXN-100540,ORD-500540,SALE,76JGV77L8DWRJHGRE,USD,matched,engine,9.99,9.99,9.99,0.00
paypal_us,TXN-101160,ORD-501160,SALE,7GSU37F2LWE2LD15U,USD,matched,engine,9.99,9.99,9.99,0.00
paypal_us,TXN-100453,ORD-500453,SALE,7S4S9SC2BTW0KL56C,USD,matched,engine,9.99,9.99,9.99,0.00
paypal_us,TXN-100935,ORD-500935,SALE,89GBSCG70HLZFXCVB,USD,matched,engine,59.99,59.99,59.99,0.00
paypal_us,TXN-100023,ORD-500023,SALE,8B8N97TR7SF61A8M7,USD,matched,engine,4.99,4.99,4.99,0.00
paypal_us,TXN-101935,ORD-501935,SALE,8FN16UT3CG5H4CTBK,USD,matched,engine,9.99,9.99,9.99,0.00
paypal_us,TXN-101209,ORD-501209,SALE,8N9Y6G8HQS2NL3MUR,USD,matched_declined,engine,0.00,0.00,0.00,0.00
paypal_us,TXN-101424,ORD-501424,SALE,8UBJ5JA0MBTZWGFKA,USD,matched_declined,engine,0.00,0.00,0.00,0.00
paypal_us,TXN-100594,ORD-500594,SALE,9E7X5M3X2CWUN9RFV,USD,matched_declined,engine,0.00,0.00,0.00,0.00
paypal_us,TXN-101540,ORD-501540,SALE,9FD6E8UDVS8J0RVG4,USD,matched,engine,9.99,9.99,9.99,0.00
paypal_us,TXN-101192,ORD-501192,SALE,9HRELYL44WJ816HP1,USD,matched,engine,9.99,9.99,9.99,0.00
paypal_us,TXN-101439,ORD-501439,SALE,9LKXUAACPJVS4A2X2,USD,matched_declined,engine,0.00,0.00,0.00,0.00
paypal_us,TXN-100809,ORD-500809,SALE,A8AGJFDGFTSJ7CPMS,USD,matched,engine,9.99,9.99,9.99,0.00
paypal_us,TXN-101873,ORD-501873,SALE,AU6W5PATWWQFNM428,USD,matched,engine,59.99,59.99,59.99,0.00
paypal_us,TXN-100028,ORD-500028,SALE,BBNWTYL7EDY1VP3J7,USD,matched,engine,24.99,24.99,24.99,0.00
paypal_us,TXN-100504,ORD-500504,SALE,BNS3BJJS3LPQTT694,USD,matched,engine,59.99,59.99,59.99,0.00
paypal_us,TXN-100503,ORD-500503,SALE,BV8RP4GZCQSQLJQ5S,USD,matched_declined,engine,0.00,0.00,0.00,0.00
paypal_us,TXN-101153,ORD-501153,SALE,C6XWEMYN2V4XHSJWR,USD,matched,engine,9.99,9.99,9.99,0.00
paypal_us,TXN-100394,ORD-500394,SALE,CGAHFJVS8SPJQ9N4J,USD,matched,engine,9.99,9.99,9.99,0.00
paypal_us,TXN-100899,ORD-500899,SALE,CGJ7502ZKG3B35EZ2,USD,matched,engine,59.99,59.99,59.99,0.00
paypal_us,TXN-100597,ORD-500597,SALE,DBDKSA4DKHZK3W60V,USD,matched,engine,24.99,24.99,24.99,0.00
paypal_us,TXN-100369,ORD-500369,SALE,DJ34GLHH34QRW8LJM,USD,matched,engine,9.99,9.99,9.99,0.00
paypal_us,TXN-107793,ORD-500696,REFUND,E9H406T4XUVR5SA6C,USD,matched,engine,-59.99,-59.99,-59.99,0.00
paypal_us,TXN-100085,ORD-500085,SALE,EAB6K3PACLDXFP21D,USD,matched,engine,9.99,9.99,9.99,0.00
paypal_us,TXN-101095,ORD-501095,SALE,EM7G90UF320H8S035,USD,matched,engine,9.99,9.99,9.99,0.00
paypal_us,TXN-101494,ORD-501494,SALE,FC35NNRXJTMYUA1AB,USD,matched_declined,engine,0.00,0.00,0.00,0.00
paypal_us,TXN-100131,ORD-500131,SALE,FPFDL9G0BY5V8RE9F,USD,matched,engine,9.99,9.99,9.99,0.00
paypal_us,TXN-101716,ORD-501716,SALE,G3PGCWYZ65JGLP013,USD,matched,engine,9.99,9.99,9.99,0.00
paypal_us,TXN-101570,ORD-501570,SALE,GLBDMZZ29BEF2PSZ1,USD,matched_declined,engine,0.00,0.00,0.00,0.00
paypal_us,TXN-101300,ORD-501300,SALE,GP544890YRQR55G4T,USD,matched,engine,9.99,9.99,9.99,0.00
paypal_us,TXN-100711,ORD-500711,SALE,H7FJ5SQZQ865MYG07,USD,matched,engine,4.99,4.99,4.99,0.00
paypal_us,TXN-101333,ORD-501333,SALE,HNYZ6NLVGVADMEBV6,USD,matched,engine,24.99,24.99,24.99,0.00
paypal_us,TXN-100924,ORD-500924,SALE,HSBNPMA8GAENPWG3F,USD,matched,engine,9.99,9.99,9.99,0.00
paypal_us,TXN-100016,ORD-500016,SALE,HZU1LYS4SNG53UX3S,USD,matched,engine,9.99,9.99,9.99,0.00
paypal_us,TXN-100661,ORD-500661,SALE,JTUKVGM8SQY3VXXE9,USD,matched,engine,9.99,9.99,9.99,0.00
paypal_us,TXN-101135,ORD-501135,SALE,K8N2Z9D6ABHD5L8KJ,USD,matched,engine,9.99,9.99,9.99,0.00
paypal_us,TXN-101118,ORD-501118,SALE,KC1D15407Z49EG14M,USD,matched,engine,24.99,24.99,24.99,0.00
paypal_us,TXN-101440,ORD-501440,SALE,KFZDNW6NJG3CZ3D8R,USD,matched,engine,59.99,59.99,59.99,0.00
paypal_us,TXN-101892,ORD-501892,SALE,KGF15PTCZYNZKSELS,USD,matched,engine,59.99,59.99,59.99,0.00
paypal_us,TXN-101099,ORD-501099,SALE,L3WRWADA9KQZ66TQ0,USD,matched,engine,24.99,24.99,24.99,0.00
paypal_us,TXN-101561,ORD-501561,SALE,LBQY2PUF2UP2AK9L5,USD,matched,engine,9.99,9.99,9.99,0.00
paypal_us,TXN-100125,ORD-500125,SALE,LY2G4KPXQDSHXZS5L,USD,matched,engine,9.99,9.99,9.99,0.00
paypal_us,TXN-101427,ORD-501427,SALE,M72SKBSRSZUXRJ6GZ,USD,matched_declined,engine,0.00,0.00,0.00,0.00
paypal_us,TXN-100756,ORD-500756,SALE,ML9PMYFMD3JS7742K,USD,matched,engine,9.99,9.99,9.99,0.00
paypal_us,TXN-101723,ORD-501723,SALE,NCRB6Z8ZB3X817JHV,USD,matched,engine,9.99,9.99,9.99,0.00
paypal_us,TXN-100266,ORD-500266,SALE,ND5R96TVYMDA40L2P,USD,matched,engine,24.99,24.99,24.99,0.00
paypal_us,TXN-101059,ORD-501059,SALE,NF8AQVZRNYDKYEZNR,USD,matched,engine,24.99,24.99,24.99,0.00
paypal_us,TXN-100048,ORD-500048,SALE,P0U2GEA63H78PCUKV,USD,matched,engine,4.99,4.99,4.99,0.00
paypal_us,TXN-100325,ORD-500325,SALE,PC4WQFV6WNLFRF0CL,USD,matched,engine,59.99,59.99,59.99,0.00
paypal_us,TXN-101168,ORD-501168,SALE,PNBGUCR7AQ39DZSLS,USD,matched,engine,24.99,24.99,24.99,0.00
paypal_us,TXN-100969,ORD-500969,SALE,PX0DZTHNPB9188T4B,USD,matched,engine,24.99,24.99,24.99,0.00
paypal_us,TXN-101291,ORD-501291,SALE,Q0HBETNHU0B2PLAS8,USD,matched,engine,4.99,4.99,4.99,0.00
paypal_us,TXN-101445,ORD-501445,SALE,QCP1485L4G1WHAM39,USD,matched,engine,9.99,9.99,9.99,0.00
paypal_us,TXN-100404,ORD-500404,SALE,QFFPD670WRMXAFTJ0,USD,matched,engine,9.99,9.99,9.99,0.00
paypal_us,TXN-101229,ORD-501229,SALE,QNW24LQA71W1U77UN,USD,matched,engine,9.99,9.99,9.99,0.00
paypal_us,TXN-101006,ORD-501006,SALE,RJJAGDQ4XZBV6XPZQ,USD,matched_declined,engine,0.00,0.00,0.00,0.00
paypal_us,TXN-100510,ORD-500510,SALE,SBBHEU3JK3EM9MWFL,USD,matched,engine,24.99,24.99,24.99,0.00
paypal_us,TXN-100956,ORD-500956,SALE,SL5TEXCP9YDVDTB4W,USD,matched_declined,engine,0.00,0.00,0.00,0.00
paypal_us,TXN-101436,ORD-501436,SALE,SPWUBTCLBRPYYEKEE,USD,matched,engine,9.99,9.99,9.99,0.00
paypal_us,TXN-100399,ORD-500399,SALE,SS0U4N91MBZYMWVN7,USD,matched,engine,9.99,9.99,9.99,0.00
paypal_us,TXN-101319,ORD-501319,SALE,SVYVK6F1005XPN2ET,USD,matched_declined,engine,0.00,0.00,0.00,0.00
paypal_us,TXN-100945,ORD-500945,SALE,SX4LQ3H5EVC78YS0T,USD,matched,engine,9.99,9.99,9.99,0.00
paypal_us,TXN-101713,ORD-501713,SALE,TCZQJQAD45PGWU99H,USD,matched,engine,24.99,24.99,24.99,0.00
paypal_us,TXN-101913,ORD-501913,SALE,TF3489AGWFAPAMAYP,USD,matched,engine,59.99,59.99,59.99,0.00
paypal_us,TXN-100133,ORD-500133,SALE,UAKJ0WXNZ77V8AESP,USD,matched,engine,4.99,4.99,4.99,0.00
paypal_us,TXN-100284,ORD-500284,SALE,UF0MZHPM07ZALFZU4,USD,matched,engine,9.99,9.99,9.99,0.00
paypal_us,TXN-100045,ORD-500045,SALE,UW78C7VN8BZ90A1N8,USD,matched,engine,9.99,9.99,9.99,0.00
paypal_us,TXN-100242,ORD-500242,SALE,V9YTJ5DQ23FSC0CH1,USD,matched,engine,4.99,4.99,4.99,0.00
paypal_us,TXN-100472,ORD-500472,SALE,VA42E98MMAWKGHKWK,USD,matched,engine,9.99,9.99,9.99,0.00
paypal_us,TXN-101720,ORD-501720,SALE,VL60PFT5861XBR9DA,USD,matched,engine,9.99,9.99,9.99,0.00
paypal_us,TXN-100952,ORD-500952,SALE,VRPLFNUJRLW2WZ36L,USD,matched,engine,9.99,9.99,9.99,0.00
paypal_us,TXN-100727,ORD-500727,SALE,VS7JMZJVFR4JVGBKV,USD,matched,engine,9.99,9.99,9.99,0.00
paypal_us,TXN-101576,ORD-501576,SALE,WMWDYSRA52AQ6HRUY,USD,matched,engine,9.99,9.99,9.99,0.00
paypal_us,TXN-101274,ORD-501274,SALE,WSU6KG0KEKALBKTJB,USD,matched,engine,59.99,59.99,59.99,0.00
paypal_us,TXN-100456,ORD-500456,SALE,X0J16EBNH4LKNDYB5,USD,matched,engine,9.99,9.99,9.99,0.00
paypal_us,TXN-101480,ORD-501480,SALE,X4L8YLJZ2BA4M5E0R,USD,matched,engine,4.99,4.99,4.99,0.00
paypal_us,TXN-101369,ORD-501369,SALE,X74WFSE00MBUGW1SZ,USD,matched,engine,59.99,59.99,59.99,0.00
paypal_us,TXN-101686,ORD-501686,SALE,X88KT96CJ2WB6XPME,USD,matched_declined,engine,0.00,0.00,0.00,0.00
paypal_us,TXN-101698,ORD-501698,SALE,XGYWZ22RXVJF8DZ5S,USD,matched,engine,9.99,9.99,9.99,0.00
paypal_us,TXN-100922,ORD-500922,SALE,XUFXXS2P41FWZD8G3,USD,matched,engine,9.99,9.99,9.99,0.00
paypal_us,TXN-107799,ORD-500868,REFUND,Y58M16671EK8E82NL,USD,matched,engine,-9.99,-9.99,-9.99,0.00
paypal_us,TXN-101790,ORD-501790,SALE,Y6KXXV6VENR6X1M3U,USD,matched,engine,9.99,9.99,9.99,0.00
paypal_us,TXN-100762,ORD-500762,SALE,Y87A0K8UQ2092CAEZ,USD,matched,engine,59.99,59.99,59.99,0.00
paypal_us,TXN-100539,ORD-500539,SALE,YJV5MWZ5EN6XZP282,USD,matched,engine,9.99,9.99,9.99,0.00
paypal_us,TXN-100999,ORD-500999,SALE,YS63DC5P493J8GBGD,USD,matched,engine,24.99,24.99,24.99,0.00
paypal_us,TXN-100721,ORD-500721,SALE,ZCP5UPCC0WNGL97FJ,USD,matched_declined,engine,0.00,0.00,0.00,0.00
paypal_us,TXN-101483,ORD-501483,SALE,ZMR2E21YYMCDUGA7L,USD,matched,engine,24.99,24.99,24.99,0.00
paypal_us,TXN-100435,ORD-500435,SALE,ZR6Z3Y4JV9PUQMDWK,USD,matched,engine,9.99,9.99,9.99,0.00
paypal_us,TXN-100632,ORD-500632,SALE,ZS7CJ66QGXA0GRFM4,USD,matched,engine,9.99,9.99,9.99,0.00
paypal_us,TXN-100047,ORD-500047,SALE,0QUS08D6XYDYXAFH2,USD,matched,engine,9.99,9.99,9.99,0.00
paypal_us,TXN-107792,ORD-500591,REFUND,0TR0YSDFCV9R9S1WL,USD,matched,engine,-59.99,-59.99,-59.99,0.00
paypal_us,TXN-100001,ORD-500001,SALE,0VTX5DQ6A5ANPERSX,USD,matched,engine,9.99,9.99,9.99,0.00
paypal_us,TXN-100191,ORD-500191,SALE,17YNYTL43V7RP5XES,USD,matched,engine,9.99,9.99,9.99,0.00
paypal_us,TXN-100997,ORD-500997,SALE,1U18Z79780ZUBAL51,USD,matched_declined,engine,0.00,0.00,0.00,0.00
paypal_us,TXN-101096,ORD-501096,SALE,242LXXLE46SFR42PZ,USD,matched,engine,59.99,59.99,59.99,0.00
paypal_us,TXN-101271,ORD-501271,SALE,2CQGUN2CMLCKZCPTN,USD,matched,engine,9.99,9.99,9.99,0.00
paypal_us,TXN-101074,ORD-501074,SALE,2EUDBRAEP71ZH2U09,USD,matched_declined,engine,0.00,0.00,0.00,0.00
paypal_us,TXN-101311,ORD-501311,SALE,2KWM6YZ05PZ06UZTL,USD,matched,engine,24.99,24.99,24.99,0.00
paypal_us,TXN-100695,ORD-500695,SALE,3BXTGYRPY6MNK73BP,USD,matched,engine,59.99,59.99,59.99,0.00
paypal_us,TXN-101110,ORD-501110,SALE,3WC39PDBD1RKVH1YJ,USD,matched,engine,59.99,59.99,59.99,0.00
paypal_us,TXN-100697,ORD-500697,SALE,48FYP7G2XSSU5GEDY,USD,matched,engine,9.99,9.99,9.99,0.00
paypal_us,TXN-101306,ORD-501306,SALE,48UHALNN326E59CTR,USD,matched,engine,9.99,9.99,9.99,0.00
paypal_us,TXN-100993,ORD-500993,SALE,4HB1FT51DQ00GEXR0,USD,matched,engine,9.99,9.99,9.99,0.00
paypal_us,TXN-101657,ORD-501657,SALE,4LMYYMEDF225S15MR,USD,matched,engine,9.99,9.99,9.99,0.00
paypal_us,TXN-101829,ORD-501829,SALE,4UUZQWGAQ30U1FSXH,USD,matched,engine,9.99,9.99,9.99,0.00
paypal_us,TXN-101350,ORD-501350,SALE,4YQU5Y5B753RYBK5T,USD,matched,engine,9.99,9.99,9.99,0.00
paypal_us,TXN-100160,ORD-500160,SALE,5166XUXDZEK22MDGG,USD,matched,engine,9.99,9.99,9.99,0.00
paypal_us,TXN-101359,ORD-501359,SALE,53616WHGQRLZ9C6Q6,USD,matched,engine,9.99,9.99,9.99,0.00
paypal_us,TXN-100428,ORD-500428,SALE,5KCYVS6QA9FKJSYT4,USD,matched,engine,59.99,59.99,59.99,0.00
paypal_us,TXN-101595,ORD-501595,SALE,60HL2VYBW5RSSYNZQ,USD,matched,engine,9.99,9.99,9.99,0.00
paypal_us,TXN-101842,ORD-501842,SALE,61G7SEM5WWDA12C9T,USD,matched,engine,24.99,24.99,24.99,0.00
paypal_us,TXN-100613,ORD-500613,SALE,636GYQ4JBECEY8GUP,USD,matched,engine,4.99,4.99,4.99,0.00
paypal_us,TXN-101795,ORD-501795,SALE,63A7210528ZH6DCNR,USD,matched,engine,9.99,9.99,9.99,0.00
paypal_us,TXN-100116,ORD-500116,SALE,6N8SW91BMSCD02K0A,USD,matched,engine,9.99,9.99,9.99,0.00
paypal_us,TXN-100292,ORD-500292,SALE,6SVE04WPQ5TGC4JM4,USD,matched_declined,engine,0.00,0.00,0.00,0.00
paypal_us,TXN-101112,ORD-501112,SALE,6XX3DECDMFL3FHRXK,USD,matched,engine,9.99,9.99,9.99,0.00
paypal_us,TXN-101235,ORD-501235,SALE,727WBNEU5ZGJM53BT,USD,matched,engine,59.99,59.99,59.99,0.00
paypal_us,TXN-100824,ORD-500824,SALE,7KXDJ4TCHANJKQBW0,USD,matched,engine,24.99,24.99,24.99,0.00
paypal_us,TXN-101295,ORD-501295,SALE,893FCCSWUQSWHD15L,USD,matched,engine,24.99,24.99,24.99,0.00
paypal_us,TXN-100446,ORD-500446,SALE,8FP42BX82SNZ599X4,USD,matched,engine,9.99,9.99,9.99,0.00
paypal_us,TXN-101663,ORD-501663,SALE,8J26NVWA5403H0KVM,USD,matched,engine,24.99,24.99,24.99,0.00
paypal_us,TXN-100215,ORD-500215,SALE,8MWKAEEEQ54P94JTE,USD,matched,engine,9.99,9.99,9.99,0.00
paypal_us,TXN-100356,ORD-500356,SALE,8V9MDPQJ2SF50EUG5,USD,matched,engine,9.99,9.99,9.99,0.00
paypal_us,TXN-101835,ORD-501835,SALE,90AFEEXLU543DXBKR,USD,matched,engine,59.99,59.99,59.99,0.00
paypal_us,TXN-101438,ORD-501438,SALE,9NRM15SYZ1GZCE8QK,USD,matched,engine,9.99,9.99,9.99,0.00
paypal_us,TXN-100073,ORD-500073,SALE,9ZQYU5JRY14PDLGN5,USD,matched,engine,24.99,24.99,24.99,0.00
paypal_us,TXN-100138,ORD-500138,SALE,A1GK9B7F01V0DWY2R,USD,matched,engine,24.99,24.99,24.99,0.00
paypal_us,TXN-100294,ORD-500294,SALE,A9MU0KC7XWFM65FYL,USD,matched,engine,9.99,9.99,9.99,0.00
paypal_us,TXN-101954,ORD-501954,SALE,AL9WQABQKPJRA3M3K,USD,matched,engine,9.99,9.99,9.99,0.00
paypal_us,TXN-100355,ORD-500355,SALE,B2FV709M9PDACWJ5M,USD,matched,engine,4.99,4.99,4.99,0.00
paypal_us,TXN-100977,ORD-500977,SALE,BT23DXAH8P36BA0LP,USD,matched,engine,24.99,24.99,24.99,0.00
paypal_us,TXN-100479,ORD-500479,SALE,BTDR7VQTQ8G4GTMGS,USD,matched,engine,9.99,9.99,9.99,0.00
paypal_us,TXN-101673,ORD-501673,SALE,BVLYE3FPRSNTXZV8N,USD,matched,engine,9.99,9.99,9.99,0.00
paypal_us,TXN-100839,ORD-500839,SALE,BZBTHD3QDMUD1T9YR,USD,matched,engine,24.99,24.99,24.99,0.00
paypal_us,TXN-101816,ORD-501816,SALE,CVATFCU5QKN7NBDST,USD,matched,engine,9.99,9.99,9.99,0.00
paypal_us,TXN-101355,ORD-501355,SALE,CXK44PPTAZBXLRT4U,USD,matched,engine,24.99,24.99,24.99,0.00
paypal_us,TXN-101766,ORD-501766,SALE,DD7PDCDNXVDB3LKP4,USD,matched_declined,engine,0.00,0.00,0.00,0.00
paypal_us,TXN-101389,ORD-501389,SALE,DHQVTTAAHEWG9MQUM,USD,matched,engine,24.99,24.99,24.99,0.00
paypal_us,TXN-101689,ORD-501689,SALE,DQQ3616UGMBXYXLLK,USD,matched,engine,59.99,59.99,59.99,0.00
paypal_us,TXN-101190,ORD-501190,SALE,DVS53KPWXS1PZ18W7,USD,matched,engine,9.99,9.99,9.99,0.00
paypal_us,TXN-100148,ORD-500148,SALE,DW0WWAMGQCTAWPCUX,USD,matched_declined,engine,0.00,0.00,0.00,0.00
paypal_us,TXN-101015,ORD-501015,SALE,ED1UXQ7LS3AGHG8XW,USD,matched,engine,9.99,9.99,9.99,0.00
paypal_us,TXN-100907,ORD-500907,SALE,ELT1RK184MBANZ691,USD,matched,engine,9.99,9.99,9.99,0.00
paypal_us,TXN-101865,ORD-501865,SALE,EPL87HB04N64JZBAU,USD,matched,engine,9.99,9.99,9.99,0.00
paypal_us,TXN-100659,ORD-500659,SALE,ESTDR8XTPJ5LJNRJ1,USD,matched,engine,9.99,9.99,9.99,0.00
paypal_us,TXN-100606,ORD-500606,SALE,EYSQMCLNECDUXVT75,USD,matched,engine,24.99,24.99,24.99,0.00
paypal_us,TXN-100775,ORD-500775,SALE,F7XKE6G29U59NWY67,USD,matched,engine,9.99,9.99,9.99,0.00
paypal_us,TXN-101062,ORD-501062,SALE,F94EDFDXMTY5NG0DQ,USD,matched,engine,9.99,9.99,9.99,0.00
paypal_us,TXN-101048,ORD-501048,SALE,FMVTJ1JSYFVRSXM18,USD,matched,engine,9.99,9.99,9.99,0.00
paypal_us,TXN-100143,ORD-500143,SALE,FV69EWNVGWG5E88NE,USD,matched,engine,9.99,9.99,9.99,0.00
paypal_us,TXN-100763,ORD-500763,SALE,FVZ7LDYFWNXKF3YT6,USD,matched,engine,9.99,9.99,9.99,0.00
paypal_us,TXN-101198,ORD-501198,SALE,FXQTXDNVLF3DKR1NQ,USD,matched,engine,4.99,4.99,4.99,0.00
paypal_us,TXN-101143,ORD-501143,SALE,G92G50YG109T923SV,USD,matched,engine,9.99,9.99,9.99,0.00
paypal_us,TXN-101707,ORD-501707,SALE,GBDP3S389FXW61TSJ,USD,matched,engine,9.99,9.99,9.99,0.00
paypal_us,TXN-101094,ORD-501094,SALE,GDKFM2PF2RSGA3UNE,USD,matched,engine,24.99,24.99,24.99,0.00
paypal_us,TXN-100260,ORD-500260,SALE,GHWTJFPP9L7QRT787,USD,matched,engine,9.99,9.99,9.99,0.00
paypal_us,TXN-101489,ORD-501489,SALE,GJ1R6QGT63D6D76X9,USD,matched,engine,4.99,4.99,4.99,0.00
paypal_us,TXN-100416,ORD-500416,SALE,GS8NWUZKKQW0DRCB2,USD,matched,engine,9.99,9.99,9.99,0.00
paypal_us,TXN-101214,ORD-501214,SALE,H9GR1Q3HDWHQ4GPTS,USD,matched,engine,24.99,24.99,24.99,0.00
paypal_us,TXN-101462,ORD-501462,SALE,HUCQEMJHXFAKT080S,USD,matched,engine,9.99,9.99,9.99,0.00
paypal_us,TXN-100574,ORD-500574,SALE,HWFJVQ72HNHN3UXJE,USD,matched,engine,9.99,9.99,9.99,0.00
paypal_us,TXN-100374,ORD-500374,SALE,HX92W72J2A3NHHXJG,USD,matched,engine,9.99,9.99,9.99,0.00
paypal_us,TXN-101849,ORD-501849,SALE,J0WS11XXX1UA3QH3B,USD,matched,engine,9.99,9.99,9.99,0.00
paypal_us,TXN-100295,ORD-500295,SALE,J6RVPP1B9Y1DJW30N,USD,matched,engine,9.99,9.99,9.99,0.00
paypal_us,TXN-101955,ORD-501955,SALE,JC371LHUFHXP0TJP1,USD,matched,engine,4.99,4.99,4.99,0.00
paypal_us,TXN-100827,ORD-500827,SALE,K2CXJDP2FGV6LJE10,USD,matched,engine,24.99,24.99,24.99,0.00
paypal_us,TXN-101847,ORD-501847,SALE,KL0UFMMF47MNL78MU,USD,matched_declined,engine,0.00,0.00,0.00,0.00
paypal_us,TXN-100430,ORD-500430,SALE,L3R510048HCSLJ5L8,USD,matched,engine,9.99,9.99,9.99,0.00
paypal_us,TXN-101687,ORD-501687,SALE,L6J04P3BQ3JAWHURF,USD,matched,engine,59.99,59.99,59.99,0.00
paypal_us,TXN-101435,ORD-501435,SALE,M01EAG73WVV7ASDXV,USD,matched,engine,24.99,24.99,24.99,0.00
paypal_us,TXN-100123,ORD-500123,SALE,MCLXLRR3QB36X1Y1D,USD,matched_declined,engine,0.00,0.00,0.00,0.00
paypal_us,TXN-100083,ORD-500083,SALE,N1XE0S6G2CQ3DMSNK,USD,matched,engine,9.99,9.99,9.99,0.00
paypal_us,TXN-101075,ORD-501075,SALE,N8ZU6VVC2RGFF3XJD,USD,matched,engine,9.99,9.99,9.99,0.00
paypal_us,TXN-100736,ORD-500736,SALE,NHLGCJ17BKHPNG04G,USD,matched,engine,4.99,4.99,4.99,0.00
paypal_us,TXN-101459,ORD-501459,SALE,NR0U8RDJ1P54P1K4U,USD,matched,engine,59.99,59.99,59.99,0.00
paypal_us,TXN-100149,ORD-500149,SALE,P0P0RB4U3QAT1T1GN,USD,matched,engine,4.99,4.99,4.99,0.00
paypal_us,TXN-101574,ORD-501574,SALE,P9PUKFB6SZXZ2YEVJ,USD,matched,engine,9.99,9.99,9.99,0.00
paypal_us,TXN-101414,ORD-501414,SALE,PDFK8VECXWD370DQK,USD,matched,engine,9.99,9.99,9.99,0.00
paypal_us,TXN-101329,ORD-501329,SALE,PVDYRSCPD924T8YKC,USD,matched,engine,59.99,59.99,59.99,0.00
paypal_us,TXN-100074,ORD-500074,SALE,Q9NZM4AY9ERVNZ6AB,USD,matched,engine,9.99,9.99,9.99,0.00
paypal_us,TXN-101046,ORD-501046,SALE,QASXVAJMAMBVWXB1J,USD,matched,engine,9.99,9.99,9.99,0.00
paypal_us,TXN-101821,ORD-501821,SALE,QKEK6SZ7HSN55LEXY,USD,matched,engine,9.99,9.99,9.99,0.00
paypal_us,TXN-100287,ORD-500287,SALE,QQ7U48KDSK1GBAVCZ,USD,matched,engine,9.99,9.99,9.99,0.00
paypal_us,TXN-101986,ORD-501986,SALE,R8K7DT90DKP90F6KN,USD,matched,engine,9.99,9.99,9.99,0.00
paypal_us,TXN-101900,ORD-501900,SALE,RGGR6FYN9T6FU2S83,USD,matched,engine,24.99,24.99,24.99,0.00
paypal_us,TXN-100930,ORD-500930,SALE,RUY76J9TJE84FUJ7R,USD,matched,engine,9.99,9.99,9.99,0.00
paypal_us,TXN-100900,ORD-500900,SALE,S41P30FKUYFRD92WB,USD,matched,engine,24.99,24.99,24.99,0.00
paypal_us,TXN-101352,ORD-501352,SALE,SA2X0JEQRPEGYWLH6,USD,matched,engine,9.99,9.99,9.99,0.00
paypal_us,TXN-101455,ORD-501455,SALE,SCGBG1P6DFKHJMXRZ,USD,matched,engine,9.99,9.99,9.99,0.00
paypal_us,TXN-101490,ORD-501490,SALE,SMAT64PYA6S9YJDPH,USD,matched,engine,9.99,9.99,9.99,0.00
paypal_us,TXN-100572,ORD-500572,SALE,SNWDYV71WFA6NW7VL,USD,matched,engine,24.99,24.99,24.99,0.00
paypal_us,TXN-101253,ORD-501253,SALE,STDBYJ454EAFCQS2P,USD,matched,engine,9.99,9.99,9.99,0.00
paypal_us,TXN-101756,ORD-501756,SALE,SZ0BCDN8BHF5R2C4A,USD,matched,engine,9.99,9.99,9.99,0.00
paypal_us,TXN-101679,ORD-501679,SALE,T8AFQ67GXTHU9GP10,USD,matched,engine,9.99,9.99,9.99,0.00
paypal_us,TXN-100635,ORD-500635,SALE,TF27RUSVKNCWS07T9,USD,matched,engine,9.99,9.99,9.99,0.00
paypal_us,TXN-101379,ORD-501379,SALE,TTEES13HZB65M5CN6,USD,matched,engine,24.99,24.99,24.99,0.00
paypal_us,TXN-100395,ORD-500395,SALE,TTMZ6QYM6QS94CVEM,USD,matched,engine,9.99,9.99,9.99,0.00
paypal_us,TXN-100627,ORD-500627,SALE,U3WF911QN3Q0DL8CM,USD,matched,engine,9.99,9.99,9.99,0.00
paypal_us,TXN-101500,ORD-501500,SALE,UGLWB80ULVHYNDDK6,USD,matched,engine,24.99,24.99,24.99,0.00
paypal_us,TXN-100571,ORD-500571,SALE,UQ72BYYR6T6UCPF2H,USD,matched,engine,9.99,9.99,9.99,0.00
paypal_us,TXN-101354,ORD-501354,SALE,UVJAUPANLA9F2FQF4,USD,matched,engine,9.99,9.99,9.99,0.00
paypal_us,TXN-100375,ORD-500375,SALE,V5TQXAXDECY42WTFX,USD,matched,engine,24.99,24.99,24.99,0.00
paypal_us,TXN-100508,ORD-500508,SALE,VEZY41QWV5FNY5KDD,USD,matched,engine,9.99,9.99,9.99,0.00
paypal_us,TXN-101024,ORD-501024,SALE,VYTDZY97XX0Y4WQWK,USD,matched,engine,24.99,24.99,24.99,0.00
paypal_us,TXN-100068,ORD-500068,SALE,WJRKB0NQTF2H0CRQM,USD,matched,engine,9.99,9.99,9.99,0.00
paypal_us,TXN-101058,ORD-501058,SALE,X1QES73CQCX6W88Z2,USD,matched,engine,4.99,4.99,4.99,0.00
paypal_us,TXN-101750,ORD-501750,SALE,X34VQ0JLZGQSVBLWT,USD,matched,engine,9.99,9.99,9.99,0.00
paypal_us,TXN-100724,ORD-500724,SALE,XEHB9VG1LZ5X719VM,USD,matched,engine,24.99,24.99,24.99,0.00
paypal_us,TXN-100389,ORD-500389,SALE,XR42V2UK5ELNHGYSQ,USD,matched,engine,4.99,4.99,4.99,0.00
paypal_us,TXN-101535,ORD-501535,SALE,Y7X001RACCC80N0JY,USD,matched,engine,9.99,9.99,9.99,0.00
paypal_us,TXN-101701,ORD-501701,SALE,YXHMZFEHPMCYKE7LV,USD,matched,engine,4.99,4.99,4.99,0.00
paypal_us,TXN-101047,ORD-501047,SALE,Z64QNDXAKESSADA8M,USD,matched,engine,9.99,9.99,9.99,0.00
paypal_us,TXN-100480,ORD-500480,SALE,ZP94AS7K9BY0QBATW,USD,matched,engine,24.99,24.99,24.99,0.00
paypal_us,TXN-100940,ORD-500940,SALE,ZSK9W73M7ADASKXL3,USD,matched,engine,4.99,4.99,4.99,0.00
paypal_us,TXN-101301,ORD-501301,SALE,ZSLNZ66MJSGBT06RL,USD,matched,engine,59.99,59.99,59.99,0.00
paypal_us,TXN-101186,ORD-501186,SALE,ZV6M7AJ2MU1N4VQED,USD,matched,engine,9.99,9.99,9.99,0.00
paypal_us,TXN-101055,ORD-501055,SALE,0WAX6U7KHGS8W2W99,USD,matched,engine,24.99,24.99,24.99,0.00
paypal_us,TXN-100234,ORD-500234,SALE,1249RG3PZCCY12EJR,USD,matched,engine,9.99,9.99,9.99,0.00
paypal_us,TXN-100262,ORD-500262,SALE,1B83Y0R5P4RBXSC1Y,USD,matched,engine,4.99,4.99,4.99,0.00
paypal_us,TXN-100397,ORD-500397,SALE,1DBNXY2JFP2UBL658,USD,matched,engine,59.99,59.99,59.99,0.00
paypal_us,TXN-100662,ORD-500662,SALE,1EAYTZG9JG1W4KMB6,USD,matched,engine,59.99,59.99,59.99,0.00
paypal_us,TXN-100449,ORD-500449,SALE,1K0970M3104VQAL85,USD,matched,engine,9.99,9.99,9.99,0.00
paypal_us,TXN-100685,ORD-500685,SALE,1N30NQCXS8SLDN7PN,USD,matched,engine,59.99,59.99,59.99,0.00
paypal_us,TXN-101836,ORD-501836,SALE,24YJ4ZX35CYF8L6E6,USD,matched,engine,4.99,4.99,4.99,0.00
paypal_us,TXN-101045,ORD-501045,SALE,2Z8XJQSA8VZPK9MP0,USD,matched,engine,59.99,59.99,59.99,0.00
paypal_us,TXN-100650,ORD-500650,SALE,31TQGUC3CQFK2CJ51,USD,matched,engine,9.99,9.99,9.99,0.00
paypal_us,TXN-100614,ORD-500614,SALE,3A0G4EBBH33M4NQ9U,USD,matched,engine,9.99,9.99,9.99,0.00
paypal_us,TXN-100587,ORD-500587,SALE,3BQ2CVJZ0U48VNCQT,USD,matched,engine,59.99,59.99,59.99,0.00
paypal_us,TXN-101649,ORD-501649,SALE,3FKB6EQU3D931Q00K,USD,matched,engine,9.99,9.99,9.99,0.00
paypal_us,TXN-101693,ORD-501693,SALE,3X7LMH581XZ1XWQSY,USD,matched,engine,4.99,4.99,4.99,0.00
paypal_us,TXN-100259,ORD-500259,SALE,3XGSYGDZPHE9005LA,USD,matched,engine,9.99,9.99,9.99,0.00
paypal_us,TXN-101706,ORD-501706,SALE,4DT20GXJ8PJWW59JW,USD,matched,engine,9.99,9.99,9.99,0.00
paypal_us,TXN-101887,ORD-501887,SALE,4ZFG8C5K642WEDR56,USD,matched,engine,59.99,59.99,59.99,0.00
paypal_us,TXN-100058,ORD-500058,SALE,5QTN49RTJU3C883JA,USD,matched,engine,4.99,4.99,4.99,0.00
paypal_us,TXN-100071,ORD-500071,SALE,6N8Q5MGFHHL76XHRP,USD,matched,engine,4.99,4.99,4.99,0.00
paypal_us,TXN-101539,ORD-501539,SALE,6VWLBLL0S1QDRRVA4,USD,matched,engine,9.99,9.99,9.99,0.00
paypal_us,TXN-100534,ORD-500534,SALE,8UCKLRW064VRXK6CP,USD,matched,engine,24.99,24.99,24.99,0.00
paypal_us,TXN-101932,ORD-501932,SALE,909URE7JB5FC5YX7S,USD,matched_declined,engine,0.00,0.00,0.00,0.00
paypal_us,TXN-100108,ORD-500108,SALE,9VJZ1FF0LAKMMHP5W,USD,matched,engine,59.99,59.99,59.99,0.00
paypal_us,TXN-100894,ORD-500894,SALE,ACEDD6E8NLFNKP6N4,USD,matched,engine,59.99,59.99,59.99,0.00
paypal_us,TXN-101692,ORD-501692,SALE,AEE0VRC6RA1HBXMVV,USD,matched,engine,9.99,9.99,9.99,0.00
paypal_us,TXN-100323,ORD-500323,SALE,ANSA6ALDVKGLAUH7A,USD,matched,engine,4.99,4.99,4.99,0.00
paypal_us,TXN-101471,ORD-501471,SALE,AYBVH121V5WV5PYZG,USD,matched,engine,59.99,59.99,59.99,0.00
paypal_us,TXN-100060,ORD-500060,SALE,BBBZ4YFRZA5S948C4,USD,matched,engine,24.99,24.99,24.99,0.00
paypal_us,TXN-100536,ORD-500536,SALE,BSP71KX88DRD23J47,USD,matched,engine,59.99,59.99,59.99,0.00
paypal_us,TXN-101622,ORD-501622,SALE,BV9JLQRBTGA36D5MR,USD,matched,engine,24.99,24.99,24.99,0.00
paypal_us,TXN-101680,ORD-501680,SALE,CFNURCBDXS5XYQEMM,USD,matched,engine,24.99,24.99,24.99,0.00
paypal_us,TXN-101941,ORD-501941,SALE,CGHN89H6A853ZPJKP,USD,matched,engine,9.99,9.99,9.99,0.00
paypal_us,TXN-101691,ORD-501691,SALE,CWQJBK1U8MDXP6TYP,USD,matched,engine,9.99,9.99,9.99,0.00
paypal_us,TXN-101616,ORD-501616,SALE,DMKU67CF76VHTBZJT,USD,matched,engine,59.99,59.99,59.99,0.00
paypal_us,TXN-100875,ORD-500875,SALE,DMWMDMN8QYVVLA61K,USD,matched,engine,9.99,9.99,9.99,0.00
paypal_us,TXN-100183,ORD-500183,SALE,DQCCLU3XUKAQXUTEK,USD,matched,engine,9.99,9.99,9.99,0.00
paypal_us,TXN-100249,ORD-500249,SALE,DRFTF322RVSWR2UHS,USD,matched,engine,59.99,59.99,59.99,0.00
paypal_us,TXN-107807,ORD-501249,REFUND,E84KFHUMRA1QK333M,USD,matched,engine,-5.00,-5.00,-5.00,0.00
paypal_us,TXN-101658,ORD-501658,SALE,EJH5T9DDMAWYMC97H,USD,matched,engine,9.99,9.99,9.99,0.00
paypal_us,TXN-101748,ORD-501748,SALE,ENVVHLS9V177LGD43,USD,matched,engine,9.99,9.99,9.99,0.00
paypal_us,TXN-100701,ORD-500701,SALE,ES2V1MRBVJ48R2CG5,USD,matched,engine,9.99,9.99,9.99,0.00
paypal_us,TXN-100444,ORD-500444,SALE,FBSJH1ECT97T0QG37,USD,matched,engine,9.99,9.99,9.99,0.00
paypal_us,TXN-101393,ORD-501393,SALE,FCU6WENNHYM7LTRQ0,USD,matched,engine,9.99,9.99,9.99,0.00
paypal_us,TXN-101840,ORD-501840,SALE,FKV5JPKZPCHZ4NMCP,USD,matched,engine,24.99,24.99,24.99,0.00
paypal_us,TXN-101964,ORD-501964,SALE,G1S226CMWQP0XLLRG,USD,matched,engine,9.99,9.99,9.99,0.00
paypal_us,TXN-101639,ORD-501639,SALE,GNAKFBN8RTAA69WFS,USD,matched,engine,9.99,9.99,9.99,0.00
paypal_us,TXN-102050,ORD-502050,SALE,GQM6QQ87JKVSQ24ZV,USD,matched,engine,4.99,4.99,4.99,0.00
paypal_us,TXN-100494,ORD-500494,SALE,GZ0YLU46VLMKKCV7M,USD,matched,engine,9.99,9.99,9.99,0.00
paypal_us,TXN-100667,ORD-500667,SALE,HDPNTGXSSX0LZ7H62,USD,matched,engine,9.99,9.99,9.99,0.00
paypal_us,TXN-101558,ORD-501558,SALE,HQEPEFZA4M6GCHVLE,USD,matched,engine,9.99,9.99,9.99,0.00
paypal_us,TXN-100222,ORD-500222,SALE,HXAYPPJTLQC7Y7R17,USD,matched,engine,24.99,24.99,24.99,0.00
paypal_us,TXN-101297,ORD-501297,SALE,HYXBQQYGL3Y1XGLGX,USD,matched,engine,9.99,9.99,9.99,0.00
paypal_us,TXN-101327,ORD-501327,SALE,J5HA2V8L1ZDFRRL6P,USD,matched,engine,9.99,9.99,9.99,0.00
paypal_us,TXN-102043,ORD-502043,SALE,J5K61N8QXSWLT4H79,USD,matched,engine,4.99,4.99,4.99,0.00
paypal_us,TXN-101431,ORD-501431,SALE,J5LYWZYSJR9T45QCN,USD,matched,engine,24.99,24.99,24.99,0.00
paypal_us,TXN-100618,ORD-500618,SALE,JAX928CZDM97T01TQ,USD,matched,engine,9.99,9.99,9.99,0.00
paypal_us,TXN-100649,ORD-500649,SALE,JFMBKHD1PFYBLPLY7,USD,matched,engine,9.99,9.99,9.99,0.00
paypal_us,TXN-100928,ORD-500928,SALE,JJ6DVZDAD5H5SZMP7,USD,matched,engine,4.99,4.99,4.99,0.00
paypal_us,TXN-101416,ORD-501416,SALE,K649ABWVMXCBNUVXZ,USD,matched,engine,9.99,9.99,9.99,0.00
paypal_us,TXN-101914,ORD-501914,SALE,KJA098F04PNHAP6E9,USD,matched,engine,59.99,59.99,59.99,0.00
paypal_us,TXN-101475,ORD-501475,SALE,KY7G5YWLUGYXKLWAK,USD,matched,engine,9.99,9.99,9.99,0.00
paypal_us,TXN-101320,ORD-501320,SALE,L7G1HM8CW6JYJ9TEL,USD,matched,engine,9.99,9.99,9.99,0.00
paypal_us,TXN-100525,ORD-500525,SALE,L9FCE060HDXGWBBN3,USD,matched,engine,24.99,24.99,24.99,0.00
paypal_us,TXN-101380,ORD-501380,SALE,LABEM6FQ445U3N6QV,USD,matched,engine,9.99,9.99,9.99,0.00
paypal_us,TXN-101183,ORD-501183,SALE,LE0HHPG5VD2Q0UDT3,USD,matched,engine,4.99,4.99,4.99,0.00
paypal_us,TXN-101583,ORD-501583,SALE,LMETWBMRG37LQ3UFE,USD,matched_declined,engine,0.00,0.00,0.00,0.00
paypal_us,TXN-101079,ORD-501079,SALE,LQ3P03B9UARB5FHWZ,USD,matched,engine,9.99,9.99,9.99,0.00
paypal_us,TXN-100379,ORD-500379,SALE,LW38J8Z92A36DT4R0,USD,matched,engine,59.99,59.99,59.99,0.00
paypal_us,TXN-101742,ORD-501742,SALE,M74M586QU8CWCA09G,USD,matched,engine,59.99,59.99,59.99,0.00
paypal_us,TXN-101199,ORD-501199,SALE,MAZL4XWJU6FM3YM0K,USD,matched,engine,24.99,24.99,24.99,0.00
paypal_us,TXN-100892,ORD-500892,SALE,MDQ0Y4C0Y1JBWWGHD,USD,matched,engine,9.99,9.99,9.99,0.00
paypal_us,TXN-100564,ORD-500564,SALE,MG2HENC9PN4797NKM,USD,matched,engine,24.99,24.99,24.99,0.00
paypal_us,TXN-101349,ORD-501349,SALE,MJFPJBM0VUYYW67R4,USD,matched,engine,9.99,9.99,9.99,0.00
paypal_us,TXN-101433,ORD-501433,SALE,N2N306JHA83FUAC5S,USD,matched,engine,59.99,59.99,59.99,0.00
paypal_us,TXN-102000,ORD-502000,SALE,N4EZLL4X6C6AZZ25E,USD,matched,engine,59.99,59.99,59.99,0.00
paypal_us,TXN-100452,ORD-500452,SALE,N7WUG0VTVCZB33BTM,USD,matched,engine,9.99,9.99,9.99,0.00
paypal_us,TXN-101082,ORD-501082,SALE,NE8TY0KTMEEFLNXLQ,USD,matched,engine,9.99,9.99,9.99,0.00
paypal_us,TXN-100039,ORD-500039,SALE,NWZK0DQ2JA0HLAQF4,USD,matched,engine,59.99,59.99,59.99,0.00
paypal_us,TXN-101119,ORD-501119,SALE,P1QYJ6GV2AP70185H,USD,matched,engine,9.99,9.99,9.99,0.00
paypal_us,TXN-100298,ORD-500298,SALE,Q3X2PV2Y5YV4Z1VLR,USD,matched,engine,9.99,9.99,9.99,0.00
paypal_us,TXN-101210,ORD-501210,SALE,QN0R9HQYJAUX3XMLG,USD,matched,engine,9.99,9.99,9.99,0.00
paypal_us,TXN-100745,ORD-500745,SALE,RJW9PHWHAEXZT5833,USD,matched,engine,9.99,9.99,9.99,0.00
paypal_us,TXN-100105,ORD-500105,SALE,RW0F7DWAJ2CFJF5TD,USD,matched_declined,engine,0.00,0.00,0.00,0.00
paypal_us,TXN-100622,ORD-500622,SALE,S1KXD9HHRK5L064VV,USD,matched,engine,24.99,24.99,24.99,0.00
paypal_us,TXN-100119,ORD-500119,SALE,S21ASJR9ZAZZ7FQZH,USD,matched,engine,24.99,24.99,24.99,0.00
paypal_us,TXN-100346,ORD-500346,SALE,S5EMMN59Q48SMSFEK,USD,matched,engine,24.99,24.99,24.99,0.00
paypal_us,TXN-101940,ORD-501940,SALE,SNGBL0K5USJG7QRE9,USD,matched,engine,9.99,9.99,9.99,0.00
paypal_us,TXN-101302,ORD-501302,SALE,SPT4AC50V5ERW5S7G,USD,matched,engine,9.99,9.99,9.99,0.00
paypal_us,TXN-101602,ORD-501602,SALE,THSFTM6ZVWJNDWXVZ,USD,matched,engine,9.99,9.99,9.99,0.00
paypal_us,TXN-100637,ORD-500637,SALE,U6B985B485BQDQQVG,USD,matched,engine,24.99,24.99,24.99,0.00
paypal_us,TXN-101938,ORD-501938,SALE,U81RRM11431P67193,USD,matched,engine,9.99,9.99,9.99,0.00
paypal_us,TXN-101683,ORD-501683,SALE,UFGVPMG1LT6UDUGQC,USD,matched,engine,9.99,9.99,9.99,0.00
paypal_us,TXN-101252,ORD-501252,SALE,V7SGXW7KNX4PVR4LX,USD,matched,engine,9.99,9.99,9.99,0.00
paypal_us,TXN-101953,ORD-501953,SALE,VUM3LQ689G6955JT4,USD,matched,engine,4.99,4.99,4.99,0.00
paypal_us,TXN-100882,ORD-500882,SALE,VXM2287R3PUNMXQ65,USD,matched_declined,engine,0.00,0.00,0.00,0.00
paypal_us,TXN-101643,ORD-501643,SALE,W71K0FGTLQE438NWM,USD,matched,engine,4.99,4.99,4.99,0.00
paypal_us,TXN-100004,ORD-500004,SALE,WDZWHDV64QE86JSV1,USD,matched,engine,9.99,9.99,9.99,0.00
paypal_us,TXN-101420,ORD-501420,SALE,WSPDVUZG0N5XTD3V2,USD,matched,engine,4.99,4.99,4.99,0.00
paypal_us,TXN-101788,ORD-501788,SALE,WTRX2CN38VXQX1ZG8,USD,matched,engine,9.99,9.99,9.99,0.00
paypal_us,TXN-101088,ORD-501088,SALE,WU1GL4R12FJXFVVAR,USD,matched,engine,9.99,9.99,9.99,0.00
paypal_us,TXN-101817,ORD-501817,SALE,XCBPS84JRM3WPZ5BY,USD,matched,engine,59.99,59.99,59.99,0.00
paypal_us,TXN-101423,ORD-501423,SALE,XD5Y59LT4THZX120C,USD,matched,engine,24.99,24.99,24.99,0.00
paypal_us,TXN-100478,ORD-500478,SALE,XT1FCLP1B3ZJAPHH3,USD,matched,engine,9.99,9.99,9.99,0.00
paypal_us,TXN-100647,ORD-500647,SALE,YN33A1E7NFQ3TUWQ1,USD,matched,engine,9.99,9.99,9.99,0.00
paypal_us,TXN-101497,ORD-501497,SALE,ZF78HCR55RX6R5YCB,USD,matched,engine,24.99,24.99,24.99,0.00
paypal_us,TXN-100732,ORD-500732,SALE,ZHPX188P1RBFREHMR,USD,matched,engine,9.99,9.99,9.99,0.00
paypal_us,TXN-101820,ORD-501820,SALE,ZRQGNUMVMNNAGR9VG,USD,matched,engine,24.99,24.99,24.99,0.00
paypal_us,TXN-100548,ORD-500548,SALE,ZYW85J6ESG74TBNXJ,USD,matched,engine,9.99,9.99,9.99,0.00
paypal_us,TXN-101593,ORD-501593,SALE,01AN8FGK1VXQQH9MM,USD,matched,engine,9.99,9.99,9.99,0.00
paypal_us,TXN-100157,ORD-500157,SALE,06ZBHNF8BG8A1LFUQ,USD,matched_declined,engine,0.00,0.00,0.00,0.00
paypal_us,TXN-100631,ORD-500631,SALE,0HB6LUVGED2K4VP5U,USD,matched,engine,24.99,24.99,24.99,0.00
paypal_us,TXN-100538,ORD-500538,SALE,0J0EN3N8PCMCK6KHR,USD,matched,engine,9.99,9.99,9.99,0.00
paypal_us,TXN-101875,ORD-501875,SALE,0QR49Z48QCFDXJ0RF,USD,matched,engine,24.99,24.99,24.99,0.00
paypal_us,TXN-100009,ORD-500009,SALE,0S9W1EEM7G0UWH62M,USD,matched,engine,24.99,24.99,24.99,0.00
paypal_us,TXN-100831,ORD-500831,SALE,0SBS6ZEK1SD2HF5CE,USD,matched,engine,24.99,24.99,24.99,0.00
paypal_us,TXN-101910,ORD-501910,SALE,0SMYKMZ92R8TF24J2,USD,matched,engine,9.99,9.99,9.99,0.00
paypal_us,TXN-101130,ORD-501130,SALE,0W248QKL355RM5G7J,USD,matched_declined,engine,0.00,0.00,0.00,0.00
paypal_us,TXN-100365,ORD-500365,SALE,176LR0SBND7GYM5UA,USD,matched,engine,9.99,9.99,9.99,0.00
paypal_us,TXN-100813,ORD-500813,SALE,3E6Y7MCGK55P85SZV,USD,matched,engine,59.99,59.99,59.99,0.00
paypal_us,TXN-100089,ORD-500089,SALE,3ECDPHCU2MW2PRY94,USD,matched,engine,24.99,24.99,24.99,0.00
paypal_us,TXN-101020,ORD-501020,SALE,3JC2LFK5YFKY2Y16C,USD,matched,engine,24.99,24.99,24.99,0.00
paypal_us,TXN-100823,ORD-500823,SALE,46AE3906LWUH9HPT6,USD,matched,engine,4.99,4.99,4.99,0.00
paypal_us,TXN-100971,ORD-500971,SALE,4XMA4RVMP3W4XH8LS,USD,matched,engine,9.99,9.99,9.99,0.00
paypal_us,TXN-100405,ORD-500405,SALE,55G53EZ203LFVY5JJ,USD,matched,engine,59.99,59.99,59.99,0.00
paypal_us,TXN-101245,ORD-501245,SALE,5GQ3P3WU0J8VEG6R3,USD,matched,engine,59.99,59.99,59.99,0.00
paypal_us,TXN-100458,ORD-500458,SALE,5MBWH1N9YWUFDGZGZ,USD,matched,engine,59.99,59.99,59.99,0.00
paypal_us,TXN-100426,ORD-500426,SALE,5U34B7JM7RDRCELFT,USD,matched,engine,59.99,59.99,59.99,0.00
paypal_us,TXN-100705,ORD-500705,SALE,60BDRFGDQMQ6XRN9C,USD,matched,engine,24.99,24.99,24.99,0.00
paypal_us,TXN-102029,ORD-502029,SALE,69MPX7Z27JB4TWK4Y,USD,matched,engine,9.99,9.99,9.99,0.00
paypal_us,TXN-101044,ORD-501044,SALE,6QNCR82LG5W8PBBKL,USD,matched,engine,9.99,9.99,9.99,0.00
paypal_us,TXN-101850,ORD-501850,SALE,74XM6JVFYQ36UBMU8,USD,matched,engine,4.99,4.99,4.99,0.00
paypal_us,TXN-100308,ORD-500308,SALE,76REXHK2UU1UMUJH2,USD,matched_declined,engine,0.00,0.00,0.00,0.00
paypal_us,TXN-100599,ORD-500599,SALE,7CPWW55ZN01CXS5DE,USD,matched_declined,engine,0.00,0.00,0.00,0.00
paypal_us,TXN-100566,ORD-500566,SALE,7DJVDXHA8S4ZW57PD,USD,matched,engine,24.99,24.99,24.99,0.00
paypal_us,TXN-101012,ORD-501012,SALE,7H4WFZE9AK1S472US,USD,matched,engine,9.99,9.99,9.99,0.00
paypal_us,TXN-101734,ORD-501734,SALE,7KT0312DYACUP7NA9,USD,matched,engine,24.99,24.99,24.99,0.00
paypal_us,TXN-100910,ORD-500910,SALE,7P9QK1WYVX8N5N4NA,USD,matched,engine,9.99,9.99,9.99,0.00
paypal_us,TXN-100845,ORD-500845,SALE,7TAWNZPC5FWZLVFJQ,USD,matched,engine,9.99,9.99,9.99,0.00
paypal_us,TXN-100087,ORD-500087,SALE,83988N59KSP4GMYFE,USD,matched,engine,24.99,24.99,24.99,0.00
paypal_us,TXN-101815,ORD-501815,SALE,8BWKNW96WR4YYSKQF,USD,matched,engine,9.99,9.99,9.99,0.00
paypal_us,TXN-101403,ORD-501403,SALE,8MJ0T5PP8DZQFYB9S,USD,matched,engine,9.99,9.99,9.99,0.00
paypal_us,TXN-101977,ORD-501977,SALE,8SQNS8SGHXQAMHZTF,USD,matched,engine,4.99,4.99,4.99,0.00
paypal_us,TXN-100537,ORD-500537,SALE,A18YPHB0K4ZMVKX9R,USD,matched,engine,9.99,9.99,9.99,0.00
paypal_us,TXN-100507,ORD-500507,SALE,A85G92JUXFQR2GSSS,USD,matched,engine,9.99,9.99,9.99,0.00
paypal_us,TXN-101505,ORD-501505,SALE,AEAVPV5S0VNMMC49W,USD,matched,engine,9.99,9.99,9.99,0.00
paypal_us,TXN-101466,ORD-501466,SALE,AR6F3M87Y5U93ML3F,USD,matched,engine,24.99,24.99,24.99,0.00
paypal_us,TXN-100731,ORD-500731,SALE,ASEUEF0Z5TSW3U4NS,USD,matched_declined,engine,0.00,0.00,0.00,0.00
paypal_us,TXN-100688,ORD-500688,SALE,AURD7ZRD14KX9STRM,USD,matched,engine,59.99,59.99,59.99,0.00
paypal_us,TXN-100683,ORD-500683,SALE,AZ1UZGCR98NWEMJ83,USD,matched,engine,4.99,4.99,4.99,0.00
paypal_us,TXN-101476,ORD-501476,SALE,BFVYKJH7NS48B0KVY,USD,matched,engine,9.99,9.99,9.99,0.00
paypal_us,TXN-101077,ORD-501077,SALE,BTZ3YKU3FXJTZJY5S,USD,matched,engine,9.99,9.99,9.99,0.00
paypal_us,TXN-100429,ORD-500429,SALE,BUL6UFK4WZA82ZCZF,USD,matched,engine,9.99,9.99,9.99,0.00
paypal_us,TXN-101783,ORD-501783,SALE,BYMSKG55XDEYUL4H4,USD,matched,engine,59.99,59.99,59.99,0.00
paypal_us,TXN-101448,ORD-501448,SALE,C0361VYXS79YA1TJ2,USD,matched,engine,24.99,24.99,24.99,0.00
paypal_us,TXN-107803,ORD-501119,REFUND,C4GPUNU41J0578EVY,USD,matched,engine,-9.99,-9.99,-9.99,0.00
paypal_us,TXN-101458,ORD-501458,SALE,C74UQYSGEMQ0R5BH1,USD,matched,engine,9.99,9.99,9.99,0.00
paypal_us,TXN-102040,ORD-502040,SALE,CC0690Z5JMP9MH58E,USD,matched,engine,9.99,9.99,9.99,0.00
paypal_us,TXN-101451,ORD-501451,SALE,CJ44C6BA3M13ZUMUU,USD,matched,engine,24.99,24.99,24.99,0.00
paypal_us,TXN-101688,ORD-501688,SALE,CXDY88FQ06BJPQB04,USD,matched,engine,9.99,9.99,9.99,0.00
paypal_us,TXN-101073,ORD-501073,SALE,D23VXSJN0BUW98X1D,USD,matched,engine,59.99,59.99,59.99,0.00
paypal_us,TXN-101629,ORD-501629,SALE,D3K2FZA764Z96VBS9,USD,matched,engine,24.99,24.99,24.99,0.00
paypal_us,TXN-100543,ORD-500543,SALE,DQVEQRR3B26A10E3V,USD,matched,engine,59.99,59.99,59.99,0.00
paypal_us,TXN-101516,ORD-501516,SALE,DXYW01T47BZTD92PX,USD,matched,engine,24.99,24.99,24.99,0.00
paypal_us,TXN-100098,ORD-500098,SALE,E5GCK9EPWNAPPVFS1,USD,matched,engine,9.99,9.99,9.99,0.00
paypal_us,TXN-101428,ORD-501428,SALE,ERGBJ824DK4TNRVG6,USD,matched,engine,9.99,9.99,9.99,0.00
paypal_us,TXN-101550,ORD-501550,SALE,F4AB6ULVDM7ESDEAP,USD,matched,engine,9.99,9.99,9.99,0.00
paypal_us,TXN-102006,ORD-502006,SALE,FJQCGUKA4M22DN087,USD,matched,engine,9.99,9.99,9.99,0.00
paypal_us,TXN-101243,ORD-501243,SALE,G0WREMS124WEN02EK,USD,matched,engine,9.99,9.99,9.99,0.00
paypal_us,TXN-101313,ORD-501313,SALE,G630AC8375S2GDSWP,USD,matched,engine,4.99,4.99,4.99,0.00
paypal_us,TXN-100286,ORD-500286,SALE,G6HR5J2VHKPDHQPT8,USD,matched,engine,24.99,24.99,24.99,0.00
paypal_us,TXN-100411,ORD-500411,SALE,G9QYXT5XZ8J88US7Z,USD,matched,engine,9.99,9.99,9.99,0.00
paypal_us,TXN-101634,ORD-501634,SALE,GFBUK7HWND806SR74,USD,matched,engine,9.99,9.99,9.99,0.00
paypal_us,TXN-101571,ORD-501571,SALE,GGEHGWDCGEQQY3P07,USD,matched_declined,engine,0.00,0.00,0.00,0.00
paypal_us,TXN-100246,ORD-500246,SALE,GP7G37C4HWLV1ZEAA,USD,matched,engine,24.99,24.99,24.99,0.00
paypal_us,TXN-100114,ORD-500114,SALE,GS120VCNZUZJDEW1H,USD,matched,engine,9.99,9.99,9.99,0.00
paypal_us,TXN-101739,ORD-501739,SALE,GYVU9ML8LYQT6RU3W,USD,matched,engine,9.99,9.99,9.99,0.00
paypal_us,TXN-100200,ORD-500200,SALE,H60D6REPAKARAM2RS,USD,matched,engine,24.99,24.99,24.99,0.00
paypal_us,TXN-101098,ORD-501098,SALE,HB2XB4GWNEC0J27GK,USD,matched,engine,4.99,4.99,4.99,0.00
paypal_us,TXN-101171,ORD-501171,SALE,HCUQ5UJ6UXPPQCE9C,USD,matched,engine,9.99,9.99,9.99,0.00
paypal_us,TXN-101718,ORD-501718,SALE,HHPAG260A0BZPKPES,USD,matched,engine,4.99,4.99,4.99,0.00
paypal_us,TXN-107826,ORD-501872,REFUND,HJCD0KUCFZE4Y7U90,USD,matched,engine,-30.00,-30.00,-30.00,0.00
paypal_us,TXN-100168,ORD-500168,SALE,HMUKNKPH9BCDTN3BR,USD,matched_declined,engine,0.00,0.00,0.00,0.00
paypal_us,TXN-100094,ORD-500094,SALE,HS01A2TW097PS241P,USD,matched,engine,9.99,9.99,9.99,0.00
paypal_us,TXN-100110,ORD-500110,SALE,HXDGKNLXJYS6N05PW,USD,matched,engine,9.99,9.99,9.99,0.00
paypal_us,TXN-100281,ORD-500281,SALE,K1C6F4CTC01BTW3PX,USD,matched,engine,9.99,9.99,9.99,0.00
paypal_us,TXN-101178,ORD-501178,SALE,K349VCZ0ZSCC1LV33,USD,matched,engine,9.99,9.99,9.99,0.00
paypal_us,TXN-101070,ORD-501070,SALE,K91AUJV0VND49HCYM,USD,matched,engine,4.99,4.99,4.99,0.00
paypal_us,TXN-102007,ORD-502007,SALE,KPWQUTTSJUKXCBLHV,USD,matched,engine,59.99,59.99,59.99,0.00
paypal_us,TXN-101801,ORD-501801,SALE,KV0SB7G519UDJ5VBD,USD,matched,engine,9.99,9.99,9.99,0.00
paypal_us,TXN-100968,ORD-500968,SALE,LG0ZFNXHAY801MEF2,USD,matched,engine,59.99,59.99,59.99,0.00
paypal_us,TXN-101477,ORD-501477,SALE,LLEZ8RA0TDP1H1EJG,USD,matched,engine,9.99,9.99,9.99,0.00
paypal_us,TXN-101083,ORD-501083,SALE,LUU170774WJGSJGB1,USD,matched,engine,9.99,9.99,9.99,0.00
paypal_us,TXN-101194,ORD-501194,SALE,LWNN7W5LSEH1GZAVV,USD,matched,engine,24.99,24.99,24.99,0.00
paypal_us,TXN-100096,ORD-500096,SALE,LX1F3WY5WGCKMGD0U,USD,matched,engine,24.99,24.99,24.99,0.00
paypal_us,TXN-101700,ORD-501700,SALE,MAFFZLP0R8A94XVBH,USD,matched,engine,9.99,9.99,9.99,0.00
paypal_us,TXN-101762,ORD-501762,SALE,MMHZF2F2LCBTBPFZP,USD,matched,engine,59.99,59.99,59.99,0.00
paypal_us,TXN-100542,ORD-500542,SALE,N39PPWDH7V78ZA4S8,USD,matched,engine,59.99,59.99,59.99,0.00
paypal_us,TXN-101638,ORD-501638,SALE,NFQ5D8GH089RLUGM5,USD,matched,engine,4.99,4.99,4.99,0.00
paypal_us,TXN-101343,ORD-501343,SALE,P2PAQYSRAAC8ZYSYK,USD,matched,engine,9.99,9.99,9.99,0.00
paypal_us,TXN-101729,ORD-501729,SALE,PKB4L9KKKEP0KY4RQ,USD,matched,engine,9.99,9.99,9.99,0.00
paypal_us,TXN-101648,ORD-501648,SALE,PS1VLB2HW39NB0C32,USD,matched,engine,24.99,24.99,24.99,0.00
paypal_us,TXN-100975,ORD-500975,SALE,Q4YV7X40J2JMNGVGC,USD,matched,engine,24.99,24.99,24.99,0.00
paypal_us,TXN-101164,ORD-501164,SALE,Q7M651J18U5RKSM04,USD,matched,engine,9.99,9.99,9.99,0.00
paypal_us,TXN-101746,ORD-501746,SALE,Q823NQ4E1CVUTJKM3,USD,matched,engine,9.99,9.99,9.99,0.00
paypal_us,TXN-100610,ORD-500610,SALE,Q9DNNTYHV9GT4LE44,USD,matched,engine,24.99,24.99,24.99,0.00
paypal_us,TXN-100792,ORD-500792,SALE,QKAKZF9F8RU3C6ZM6,USD,matched,engine,4.99,4.99,4.99,0.00
paypal_us,TXN-101337,ORD-501337,SALE,QRP2QEL7LTXFRFWV6,USD,matched_declined,engine,0.00,0.00,0.00,0.00
paypal_us,TXN-100987,ORD-500987,SALE,QX7LVTJ6J6GWG5JVK,USD,matched,engine,24.99,24.99,24.99,0.00
paypal_us,TXN-100678,ORD-500678,SALE,QYPRF9ELKLG1K2177,USD,matched,engine,9.99,9.99,9.99,0.00
paypal_us,TXN-101876,ORD-501876,SALE,RWDG89NJXQN61D06Z,USD,matched,engine,9.99,9.99,9.99,0.00
paypal_us,TXN-100844,ORD-500844,SALE,RWGLKMZG6QTEM7AFE,USD,matched,engine,4.99,4.99,4.99,0.00
paypal_us,TXN-101367,ORD-501367,SALE,RZP7YQPTRK38DFK4Q,USD,matched_declined,engine,0.00,0.00,0.00,0.00
paypal_us,TXN-101858,ORD-501858,SALE,S3Y41LWDD4CJ7FNEG,USD,matched_declined,engine,0.00,0.00,0.00,0.00
paypal_us,TXN-100314,ORD-500314,SALE,S5MWLHMN7LEWQQBUJ,USD,matched,engine,9.99,9.99,9.99,0.00
paypal_us,TXN-100061,ORD-500061,SALE,S8RF817F6MG1KMLLF,USD,matched,engine,24.99,24.99,24.99,0.00
paypal_us,TXN-101120,ORD-501120,SALE,SMPSBRV48242ZLEV3,USD,matched,engine,24.99,24.99,24.99,0.00
paypal_us,TXN-101897,ORD-501897,SALE,SNJUAGTBCL14DWUK5,USD,matched_declined,engine,0.00,0.00,0.00,0.00
paypal_us,TXN-101330,ORD-501330,SALE,SZ9HMCEXSSRPEBMA6,USD,matched,engine,59.99,59.99,59.99,0.00
paypal_us,TXN-101080,ORD-501080,SALE,T1Y6DTJ8J6925J4P5,USD,matched,engine,9.99,9.99,9.99,0.00
paypal_us,TXN-101581,ORD-501581,SALE,T5XBPE9G8QRF0LUYX,USD,matched,engine,9.99,9.99,9.99,0.00
paypal_us,TXN-101167,ORD-501167,SALE,T8X5A7H04PY6UDX83,USD,matched,engine,24.99,24.99,24.99,0.00
paypal_us,TXN-100011,ORD-500011,SALE,TGH5AC5JPE366755X,USD,matched,engine,9.99,9.99,9.99,0.00
paypal_us,TXN-101145,ORD-501145,SALE,TL1HV1JSB9GS0MBNF,USD,matched,engine,4.99,4.99,4.99,0.00
paypal_us,TXN-101027,ORD-501027,SALE,TLCBXKCMXR0ZU9X36,USD,matched,engine,9.99,9.99,9.99,0.00
paypal_us,TXN-100720,ORD-500720,SALE,TTYT48KMANUM7LG1X,USD,matched,engine,9.99,9.99,9.99,0.00
paypal_us,TXN-101957,ORD-501957,SALE,TVEXMXL5A67NBS2A1,USD,matched,engine,59.99,59.99,59.99,0.00
paypal_us,TXN-100830,ORD-500830,SALE,U2ZR0E8PH7A50FDSR,USD,matched,engine,24.99,24.99,24.99,0.00
paypal_us,TXN-101909,ORD-501909,SALE,UCTP97VM9R5YD5RN0,USD,matched,engine,24.99,24.99,24.99,0.00
paypal_us,TXN-101512,ORD-501512,SALE,UQJCW27P2MD3XNCGQ,USD,matched,engine,59.99,59.99,59.99,0.00
paypal_us,TXN-101656,ORD-501656,SALE,UVXX3G1BHXPJEVU25,USD,matched,engine,4.99,4.99,4.99,0.00
paypal_us,TXN-101000,ORD-501000,SALE,W4QTMRZJYS5Q3K41F,USD,matched,engine,24.99,24.99,24.99,0.00
paypal_us,TXN-100403,ORD-500403,SALE,WFDPS94MK1E1272LJ,USD,matched,engine,9.99,9.99,9.99,0.00
paypal_us,TXN-101879,ORD-501879,SALE,WTGR2RGS9EFQ7589N,USD,matched,engine,59.99,59.99,59.99,0.00
paypal_us,TXN-100990,ORD-500990,SALE,X2KM0KRR4KWKR92MT,USD,matched,engine,9.99,9.99,9.99,0.00
paypal_us,TXN-100208,ORD-500208,SALE,XC53BGNJ1Y02H3FXT,USD,matched,engine,24.99,24.99,24.99,0.00
paypal_us,TXN-101605,ORD-501605,SALE,XH04J4Z50JNSBZ7LQ,USD,matched,engine,9.99,9.99,9.99,0.00
paypal_us,TXN-101259,ORD-501259,SALE,XW9HEJDWC3P3CVUNL,USD,matched,engine,24.99,24.99,24.99,0.00
paypal_us,TXN-101640,ORD-501640,SALE,YJPFZ1GKR9FCAU61K,USD,matched,engine,4.99,4.99,4.99,0.00
paypal_us,TXN-100318,ORD-500318,SALE,YWE0TAWGPP7HD3YVP,USD,matched,engine,59.99,59.99,59.99,0.00
paypal_us,TXN-100694,ORD-500694,SALE,YWG6UELR4RKL418ME,USD,matched,engine,9.99,9.99,9.99,0.00
paypal_us,TXN-101522,ORD-501522,SALE,YYR0L5SPVV5HWXR9C,USD,matched,engine,9.99,9.99,9.99,0.00
paypal_us,TXN-101093,ORD-501093,SALE,Z0NU2WEQYY4D6YU42,USD,matched,engine,9.99,9.99,9.99,0.00
paypal_us,TXN-107825,ORD-501828,REFUND,ZCTDTQD4PD4CXFHRC,USD,matched,engine,-30.00,-30.00,-30.00,0.00
paypal_us,TXN-100499,ORD-500499,SALE,0F2EW0F44KS9C2ZGR,USD,matched,engine,59.99,59.99,59.99,0.00
paypal_us,TXN-101106,ORD-501106,SALE,0Y1EB05QGNXB9P9D5,USD,matched,engine,9.99,9.99,9.99,0.00
paypal_us,TXN-101727,ORD-501727,SALE,0YB1SFDL42FRWBAK3,USD,matched,engine,24.99,24.99,24.99,0.00
paypal_us,TXN-100786,ORD-500786,SALE,1076WMFPDFJLMEE0V,USD,matched,engine,59.99,59.99,59.99,0.00
paypal_us,TXN-101962,ORD-501962,SALE,19M65WJMWCYEEEP6J,USD,matched,engine,4.99,4.99,4.99,0.00
paypal_us,TXN-101036,ORD-501036,SALE,1MY2QM5PS935UKCT6,USD,matched,engine,9.99,9.99,9.99,0.00
paypal_us,TXN-101764,ORD-501764,SALE,1SYQY2NG1BSE5G37Z,USD,matched,engine,24.99,24.99,24.99,0.00
paypal_us,TXN-107813,ORD-501369,REFUND,20X89RHQRLZNTK4G6,USD,matched,engine,-30.00,-30.00,-30.00,0.00
paypal_us,TXN-101796,ORD-501796,SALE,24Q2PYNDE2P56KHU0,USD,matched,engine,9.99,9.99,9.99,0.00
paypal_us,TXN-101597,ORD-501597,SALE,32K5KFDG7GCEVZ97C,USD,matched,engine,24.99,24.99,24.99,0.00
paypal_us,TXN-101375,ORD-501375,SALE,3CPF2NS4ST0S553DK,USD,matched,engine,9.99,9.99,9.99,0.00
paypal_us,TXN-101670,ORD-501670,SALE,3H7D8SY7RP3FDM3E1,USD,matched,engine,9.99,9.99,9.99,0.00
paypal_us,TXN-101590,ORD-501590,SALE,40AZGKR4THHVFN8BP,USD,matched,engine,9.99,9.99,9.99,0.00
paypal_us,TXN-101826,ORD-501826,SALE,47EHM4UCA52H9PRC3,USD,matched,engine,24.99,24.99,24.99,0.00
paypal_us,TXN-100665,ORD-500665,SALE,56K572J501FMRRR27,USD,matched_declined,engine,0.00,0.00,0.00,0.00
paypal_us,TXN-101794,ORD-501794,SALE,5E5WACP275MTGE61Y,USD,matched_declined,engine,0.00,0.00,0.00,0.00
paypal_us,TXN-100326,ORD-500326,SALE,5GK374VH1979437KU,USD,matched_declined,engine,0.00,0.00,0.00,0.00
paypal_us,TXN-101397,ORD-501397,SALE,5LTABF0MWVRPGGB9N,USD,matched,engine,59.99,59.99,59.99,0.00
paypal_us,TXN-101589,ORD-501589,SALE,68RYCUUUDDZSWYEJG,USD,matched,engine,4.99,4.99,4.99,0.00
paypal_us,TXN-100634,ORD-500634,SALE,6LS12HB2KGQCMA0HS,USD,matched,engine,24.99,24.99,24.99,0.00
paypal_us,TXN-101457,ORD-501457,SALE,6W58F6JJBHZJHZ357,USD,matched,engine,24.99,24.99,24.99,0.00
paypal_us,TXN-101881,ORD-501881,SALE,70URL2WC2E7AXZW8E,USD,matched,engine,9.99,9.99,9.99,0.00
paypal_us,TXN-101384,ORD-501384,SALE,7FNC0C3UJQ176AZPC,USD,matched,engine,9.99,9.99,9.99,0.00
paypal_us,TXN-101207,ORD-501207,SALE,86YLA21AT9Z9Y0JQB,USD,matched,engine,4.99,4.99,4.99,0.00
paypal_us,TXN-101202,ORD-501202,SALE,8J1C686UYXNSDWQNU,USD,matched,engine,59.99,59.99,59.99,0.00
paypal_us,TXN-100761,ORD-500761,SALE,8K7K73QMN598246TC,USD,matched,engine,24.99,24.99,24.99,0.00
paypal_us,TXN-101831,ORD-501831,SALE,8R62GZ1CDXMZ27UNH,USD,matched,engine,9.99,9.99,9.99,0.00
paypal_us,TXN-101564,ORD-501564,SALE,9GZZK77DJW3CBG7T5,USD,matched,engine,24.99,24.99,24.99,0.00
paypal_us,TXN-101513,ORD-501513,SALE,9LHAEB0KBL04DKT7J,USD,matched_declined,engine,0.00,0.00,0.00,0.00
paypal_us,TXN-100609,ORD-500609,SALE,9T2T3AFKX6N17A002,USD,matched,engine,9.99,9.99,9.99,0.00
paypal_us,TXN-100445,ORD-500445,SALE,9WHJLUVDXVVC410NF,USD,matched,engine,9.99,9.99,9.99,0.00
paypal_us,TXN-101662,ORD-501662,SALE,9Y0SE0DRXMDGW84C8,USD,matched,engine,9.99,9.99,9.99,0.00
paypal_us,TXN-101534,ORD-501534,SALE,A050HP9498PZX7A4J,USD,matched,engine,9.99,9.99,9.99,0.00
paypal_us,TXN-101607,ORD-501607,SALE,A287YHQ2K6W4JWYAX,USD,matched,engine,24.99,24.99,24.99,0.00
paypal_us,TXN-100022,ORD-500022,SALE,A8MPX8EDDLLRDV4U1,USD,matched,engine,9.99,9.99,9.99,0.00
paypal_us,TXN-101988,ORD-501988,SALE,AGHX6JFLHU56BRYB0,USD,matched,engine,9.99,9.99,9.99,0.00
paypal_us,TXN-101528,ORD-501528,SALE,AX3QF8JVAM8BNLQEF,USD,matched,engine,9.99,9.99,9.99,0.00
paypal_us,TXN-100717,ORD-500717,SALE,B4DTTH35MV8LN1DK7,USD,matched,engine,59.99,59.99,59.99,0.00
paypal_us,TXN-101317,ORD-501317,SALE,B7CJLMQJM3MPYWQSV,USD,matched,engine,24.99,24.99,24.99,0.00
paypal_us,TXN-100450,ORD-500450,SALE,B8MGFEX2LVF0Z2VF8,USD,matched,engine,9.99,9.99,9.99,0.00
paypal_us,TXN-101969,ORD-501969,SALE,BQ6GU7XTNWWU5A75W,USD,matched,engine,59.99,59.99,59.99,0.00
paypal_us,TXN-101409,ORD-501409,SALE,BREA1DQJ77504DWR2,USD,matched,engine,9.99,9.99,9.99,0.00
paypal_us,TXN-101509,ORD-501509,SALE,C1XZ0V275KMKWMBXU,USD,matched,engine,4.99,4.99,4.99,0.00
paypal_us,TXN-100558,ORD-500558,SALE,C4QNK7WTNK78P8WQ3,USD,matched,engine,9.99,9.99,9.99,0.00
paypal_us,TXN-101410,ORD-501410,SALE,C582R4JG7XDKD3ZFD,USD,matched,engine,9.99,9.99,9.99,0.00
paypal_us,TXN-100803,ORD-500803,SALE,C6AW1VKRXP301CTJN,USD,matched,engine,24.99,24.99,24.99,0.00
paypal_us,TXN-101019,ORD-501019,SALE,CE79JXDX3EKRK5GHB,USD,matched,engine,59.99,59.99,59.99,0.00
paypal_us,TXN-101533,ORD-501533,SALE,CHEWPN9C1UTHGHPTW,USD,matched,engine,9.99,9.99,9.99,0.00
paypal_us,TXN-101493,ORD-501493,SALE,CKAQP0WDNPN58XQWJ,USD,matched,engine,9.99,9.99,9.99,0.00
paypal_us,TXN-100376,ORD-500376,SALE,CLEYLRWATLNXCYM6E,USD,matched,engine,4.99,4.99,4.99,0.00
paypal_us,TXN-101856,ORD-501856,SALE,CMANVZX3HQY4A9VLQ,USD,matched,engine,9.99,9.99,9.99,0.00
paypal_us,TXN-101584,ORD-501584,SALE,D02T47UVH640VWBFY,USD,matched,engine,9.99,9.99,9.99,0.00
paypal_us,TXN-100849,ORD-500849,SALE,D5DAPEWJB7XS2YQND,USD,matched,engine,59.99,59.99,59.99,0.00
paypal_us,TXN-100212,ORD-500212,SALE,D8U12ST2EWCCTS8LW,USD,matched,engine,9.99,9.99,9.99,0.00
paypal_us,TXN-100264,ORD-500264,SALE,DQ3ZU93S7MRCF6S1R,USD,matched,engine,9.99,9.99,9.99,0.00
paypal_us,TXN-101013,ORD-501013,SALE,DXV407TZRYZPGD87H,USD,matched,engine,9.99,9.99,9.99,0.00
paypal_us,TXN-101371,ORD-501371,SALE,E05WZRA8DSR70RUTS,USD,matched,engine,59.99,59.99,59.99,0.00
paypal_us,TXN-100335,ORD-500335,SALE,E75WDHX04LYY0ZMK4,USD,matched_declined,engine,0.00,0.00,0.00,0.00
paypal_us,TXN-100438,ORD-500438,SALE,EBH4CT5WV62Z7T5NX,USD,matched,engine,24.99,24.99,24.99,0.00
paypal_us,TXN-100925,ORD-500925,SALE,EU1SLTNBNXYTRACB6,USD,matched,engine,9.99,9.99,9.99,0.00
paypal_us,TXN-100944,ORD-500944,SALE,EX7AZ058D9L9U9KNS,USD,matched,engine,24.99,24.99,24.99,0.00
paypal_us,TXN-101807,ORD-501807,SALE,F017LBVN5MQ91SYGW,USD,matched,engine,59.99,59.99,59.99,0.00
paypal_us,TXN-101895,ORD-501895,SALE,FJCLK02M5GP5XW8BF,USD,matched,engine,9.99,9.99,9.99,0.00
paypal_us,TXN-102039,ORD-502039,SALE,G24KWY51VWNXJEX35,USD,matched,engine,9.99,9.99,9.99,0.00
paypal_us,TXN-100991,ORD-500991,SALE,G4A99CNRE5AMT7UHU,USD,matched,engine,9.99,9.99,9.99,0.00
paypal_us,TXN-100254,ORD-500254,SALE,G5MEGH7QX3Y01SE91,USD,matched,engine,24.99,24.99,24.99,0.00
paypal_us,TXN-101646,ORD-501646,SALE,GBC7C9MD2CN5C9QTV,USD,matched,engine,9.99,9.99,9.99,0.00
paypal_us,TXN-101474,ORD-501474,SALE,GG8MHZC12EFGE5TYK,USD,matched_declined,engine,0.00,0.00,0.00,0.00
paypal_us,TXN-100799,ORD-500799,SALE,GPRK6B8LYGP1CT0WU,USD,matched,engine,9.99,9.99,9.99,0.00
paypal_us,TXN-101238,ORD-501238,SALE,GSWG4J6DJC6AH616D,USD,matched,engine,59.99,59.99,59.99,0.00
paypal_us,TXN-100673,ORD-500673,SALE,GTFJWU2PAZR2930P3,USD,matched,engine,59.99,59.99,59.99,0.00
paypal_us,TXN-100135,ORD-500135,SALE,GXC8V4X2Y8UG98MJF,USD,matched,engine,24.99,24.99,24.99,0.00
paypal_us,TXN-101278,ORD-501278,SALE,GYU2HF56VRX2BMUXA,USD,matched,engine,4.99,4.99,4.99,0.00
paypal_us,TXN-100725,ORD-500725,SALE,GYVKN81H2A340H87M,USD,matched_declined,engine,0.00,0.00,0.00,0.00
paypal_us,TXN-101562,ORD-501562,SALE,HE6YQV6SFLKF75KY7,USD,matched,engine,9.99,9.99,9.99,0.00
paypal_us,TXN-100832,ORD-500832,SALE,HPJ3PTXRN2B0F1XZ6,USD,matched,engine,24.99,24.99,24.99,0.00
paypal_us,TXN-101322,ORD-501322,SALE,HUMZ2JMW7NN5E5UK0,USD,matched,engine,9.99,9.99,9.99,0.00
paypal_us,TXN-100152,ORD-500152,SALE,JVNNU3NBAVUNTQCJX,USD,matched,engine,9.99,9.99,9.99,0.00
paypal_us,TXN-101008,ORD-501008,SALE,K2GBY8NGU35R6VMKZ,USD,matched,engine,9.99,9.99,9.99,0.00
paypal_us,TXN-101661,ORD-501661,SALE,K3L9JRX4T1S0KERL4,USD,matched,engine,9.99,9.99,9.99,0.00
paypal_us,TXN-102036,ORD-502036,SALE,K6UXNW1VKB4P3JPXN,USD,matched,engine,24.99,24.99,24.99,0.00
paypal_us,TXN-101339,ORD-501339,SALE,KFTLFVW0LE95CQ686,USD,matched,engine,9.99,9.99,9.99,0.00
paypal_us,TXN-100784,ORD-500784,SALE,KGK20RDLQZ0EQGP28,USD,matched,engine,9.99,9.99,9.99,0.00
paypal_us,TXN-101834,ORD-501834,SALE,LE6UKPC6QWM1YES2N,USD,matched,engine,59.99,59.99,59.99,0.00
paypal_us,TXN-100920,ORD-500920,SALE,LQESNGKE1AVKEZ8Z9,USD,matched,engine,9.99,9.99,9.99,0.00
paypal_us,TXN-100113,ORD-500113,SALE,LXHXC6PUMJD62LAQR,USD,matched,engine,9.99,9.99,9.99,0.00
paypal_us,TXN-101163,ORD-501163,SALE,LYUVJQYDV4RHBQPGH,USD,matched,engine,9.99,9.99,9.99,0.00
paypal_us,TXN-101394,ORD-501394,SALE,M5NP107QJGHDNHABA,USD,matched,engine,24.99,24.99,24.99,0.00
paypal_us,TXN-100366,ORD-500366,SALE,MHLKBSE860SY7DU54,USD,matched,engine,9.99,9.99,9.99,0.00
paypal_us,TXN-101708,ORD-501708,SALE,MWSHBYQ9AG1BAGJT7,USD,matched,engine,9.99,9.99,9.99,0.00
paypal_us,TXN-100621,ORD-500621,SALE,MXRHKEFN78RN6M8C7,USD,matched,engine,9.99,9.99,9.99,0.00
paypal_us,TXN-100067,ORD-500067,SALE,N46VZEWSQRDLGZ7TR,USD,matched,engine,9.99,9.99,9.99,0.00
paypal_us,TXN-100870,ORD-500870,SALE,NCUD13FZSUS8YB7JA,USD,matched,engine,9.99,9.99,9.99,0.00
paypal_us,TXN-100033,ORD-500033,SALE,NGGJW0MND6WT9GVBS,USD,matched,engine,4.99,4.99,4.99,0.00
paypal_us,TXN-101556,ORD-501556,SALE,NLVMDUBC2SLRLXK1M,USD,matched,engine,9.99,9.99,9.99,0.00
paypal_us,TXN-100248,ORD-500248,SALE,NQLBE6QV0PC4KD2W4,USD,matched,engine,9.99,9.99,9.99,0.00
paypal_us,TXN-100338,ORD-500338,SALE,P09LLJZM55E4DKGHM,USD,matched,engine,24.99,24.99,24.99,0.00
paypal_us,TXN-101886,ORD-501886,SALE,PX2H3WU5LPK4RXEG7,USD,matched,engine,9.99,9.99,9.99,0.00
paypal_us,TXN-101408,ORD-501408,SALE,QRCMLNCTCV708DG5M,USD,matched,engine,4.99,4.99,4.99,0.00
paypal_us,TXN-101828,ORD-501828,SALE,QSDZAF66280S1GGYG,USD,matched,engine,59.99,59.99,59.99,0.00
paypal_us,TXN-100261,ORD-500261,SALE,QUWTW9W4Z7WGU5KH9,USD,matched,engine,24.99,24.99,24.99,0.00
paypal_us,TXN-100723,ORD-500723,SALE,R4A4KU79WUR4L4XBF,USD,matched,engine,24.99,24.99,24.99,0.00
paypal_us,TXN-101947,ORD-501947,SALE,R6R5YTQAXV2GNBYVG,USD,matched,engine,9.99,9.99,9.99,0.00
paypal_us,TXN-101203,ORD-501203,SALE,REMZYJASDCXLABAM2,USD,matched,engine,9.99,9.99,9.99,0.00
paypal_us,TXN-100427,ORD-500427,SALE,RL7U1B69CGSTYA9HT,USD,matched,engine,24.99,24.99,24.99,0.00
paypal_us,TXN-101386,ORD-501386,SALE,RL8EC16AWHFX9ZMVP,USD,matched,engine,9.99,9.99,9.99,0.00
paypal_us,TXN-100793,ORD-500793,SALE,RRXXZ19YX05KRBK7G,USD,matched,engine,9.99,9.99,9.99,0.00
paypal_us,TXN-100177,ORD-500177,SALE,S66DT6VF57V9SWGRS,USD,matched,engine,9.99,9.99,9.99,0.00
paypal_us,TXN-101464,ORD-501464,SALE,S9A4CHZ4RZKSCLRZ4,USD,matched,engine,9.99,9.99,9.99,0.00
paypal_us,TXN-100410,ORD-500410,SALE,SAAPDBLNST0US9MJH,USD,matched,engine,9.99,9.99,9.99,0.00
paypal_us,TXN-101592,ORD-501592,SALE,SR4LLEVCZ1GTSP9FA,USD,matched,engine,4.99,4.99,4.99,0.00
paypal_us,TXN-101140,ORD-501140,SALE,SYQYVGGXAJSQ39MYR,USD,matched,engine,9.99,9.99,9.99,0.00
paypal_us,TXN-100653,ORD-500653,SALE,SZ5JJJDV76180F1SL,USD,matched,engine,9.99,9.99,9.99,0.00
paypal_us,TXN-101929,ORD-501929,SALE,TB39Y3GE7F8ST8U2X,USD,matched,engine,59.99,59.99,59.99,0.00
paypal_us,TXN-100749,ORD-500749,SALE,U3XNF06E5UVH0U9EJ,USD,matched,engine,9.99,9.99,9.99,0.00
paypal_us,TXN-101608,ORD-501608,SALE,U8XDF5M0L8HEUGASX,USD,matched,engine,9.99,9.99,9.99,0.00
paypal_us,TXN-101654,ORD-501654,SALE,U9SA3YAAKXZA75NV4,USD,matched,engine,9.99,9.99,9.99,0.00
paypal_us,TXN-101911,ORD-501911,SALE,UDWM4HNQH73WF9MHP,USD,matched_declined,engine,0.00,0.00,0.00,0.00
paypal_us,TXN-101956,ORD-501956,SALE,UPM3UJFBVVZDNTB19,USD,matched,engine,24.99,24.99,24.99,0.00
paypal_us,TXN-100079,ORD-500079,SALE,VBV05JDBDXEEJ6BTR,USD,matched,engine,9.99,9.99,9.99,0.00
paypal_us,TXN-102014,ORD-502014,SALE,VFQ37972Y3XEXUDR0,USD,matched,engine,4.99,4.99,4.99,0.00
paypal_us,TXN-100765,ORD-500765,SALE,WGSPUBCJN9V457PTU,USD,matched,engine,59.99,59.99,59.99,0.00
paypal_us,TXN-101021,ORD-501021,SALE,X5D1LDF0LX11G42G3,USD,matched,engine,59.99,59.99,59.99,0.00
paypal_us,TXN-100556,ORD-500556,SALE,X851C3GRKARBFKV4G,USD,matched,engine,9.99,9.99,9.99,0.00
paypal_us,TXN-100957,ORD-500957,SALE,XY6E33NLFWUH6EDDN,USD,matched,engine,9.99,9.99,9.99,0.00
paypal_us,TXN-101399,ORD-501399,SALE,YP6ZBJ4LD167P1TVB,USD,matched,engine,9.99,9.99,9.99,0.00
paypal_us,TXN-101882,ORD-501882,SALE,YTHGYQM8GA4VBQB5P,USD,matched,engine,9.99,9.99,9.99,0.00
paypal_us,TXN-101669,ORD-501669,SALE,00JKAQ7XXEY8F502D,USD,matched,engine,9.99,9.99,9.99,0.00
paypal_us,TXN-101714,ORD-501714,SALE,026JRB5GW7T65X3CF,USD,matched,engine,9.99,9.99,9.99,0.00
paypal_us,TXN-100979,ORD-500979,SALE,03VSTY03A3JYT20GF,USD,matched,engine,9.99,9.99,9.99,0.00
paypal_us,TXN-101400,ORD-501400,SALE,0NC2WUNNNZKZRLJZF,USD,matched,engine,59.99,59.99,59.99,0.00
paypal_us,TXN-101946,ORD-501946,SALE,11PQYNRHK706AQZ36,USD,matched,engine,9.99,9.99,9.99,0.00
paypal_us,TXN-101176,ORD-501176,SALE,19FQLGHQ5DRSE9VBF,USD,matched,engine,9.99,9.99,9.99,0.00
paypal_us,TXN-102013,ORD-502013,SALE,1ADD5SEPDKK85HM3S,USD,matched,engine,24.99,24.99,24.99,0.00
paypal_us,TXN-101998,ORD-501998,SALE,1F9UKWBC252K1W6GS,USD,matched,engine,4.99,4.99,4.99,0.00
paypal_us,TXN-101432,ORD-501432,SALE,1RLZUGRFMDDMQABEL,USD,matched,engine,24.99,24.99,24.99,0.00
paypal_us,TXN-101979,ORD-501979,SALE,21VU8HX2YWVP4TT4J,USD,matched,engine,9.99,9.99,9.99,0.00
paypal_us,TXN-100055,ORD-500055,SALE,263PWS0BM7VFTPVUF,USD,matched,engine,59.99,59.99,59.99,0.00
paypal_us,TXN-101543,ORD-501543,SALE,2BB3VYPHD67LL3SHZ,USD,matched,engine,9.99,9.99,9.99,0.00
paypal_us,TXN-100421,ORD-500421,SALE,36A092M9PF0J21MLH,USD,matched_declined,engine,0.00,0.00,0.00,0.00
paypal_us,TXN-101636,ORD-501636,SALE,3D67PGJ40F3XJF8DL,USD,matched,engine,9.99,9.99,9.99,0.00
paypal_us,TXN-101071,ORD-501071,SALE,3MTM0VURB84SFW8G8,USD,matched,engine,9.99,9.99,9.99,0.00
paypal_us,TXN-101413,ORD-501413,SALE,46ZEVCZ37MQHJFX33,USD,matched,engine,4.99,4.99,4.99,0.00
paypal_us,TXN-100447,ORD-500447,SALE,4ABEPKZ9TN54HWTPM,USD,matched,engine,59.99,59.99,59.99,0.00
paypal_us,TXN-101557,ORD-501557,SALE,4L5KE2M3M8KBMQVG3,USD,matched,engine,9.99,9.99,9.99,0.00
paypal_us,TXN-100342,ORD-500342,SALE,4PNZMW68XXWE666HV,USD,matched,engine,9.99,9.99,9.99,0.00
paypal_us,TXN-100939,ORD-500939,SALE,4ULGA6RDSYAKYGQUX,USD,matched,engine,24.99,24.99,24.99,0.00
paypal_us,TXN-100865,ORD-500865,SALE,4VSA9EVB8RTW8JDVZ,USD,matched_declined,engine,0.00,0.00,0.00,0.00
paypal_us,TXN-101591,ORD-501591,SALE,5BEDH0KWBH8FYYJ0U,USD,matched,engine,9.99,9.99,9.99,0.00
paypal_us,TXN-101903,ORD-501903,SALE,5L61KF7WXPB1ELRZT,USD,matched,engine,24.99,24.99,24.99,0.00
paypal_us,TXN-101258,ORD-501258,SALE,5NSBU7919RSWGS1MJ,USD,matched,engine,59.99,59.99,59.99,0.00
paypal_us,TXN-100240,ORD-500240,SALE,5PK3VYTXMJNU9FMCH,USD,matched,engine,59.99,59.99,59.99,0.00
paypal_us,TXN-100966,ORD-500966,SALE,5Q8F0DZ88F9EUCY8G,USD,matched,engine,9.99,9.99,9.99,0.00
paypal_us,TXN-101508,ORD-501508,SALE,60HXPPRSCQ30PR0FC,USD,matched,engine,4.99,4.99,4.99,0.00
paypal_us,TXN-100344,ORD-500344,SALE,62565PT3H5HZQV8XD,USD,matched,engine,9.99,9.99,9.99,0.00
paypal_us,TXN-101254,ORD-501254,SALE,63EJABR866CSYXW2W,USD,matched,engine,9.99,9.99,9.99,0.00
paypal_us,TXN-100339,ORD-500339,SALE,64JD099S7A4WTJP2G,USD,matched,engine,24.99,24.99,24.99,0.00
paypal_us,TXN-100684,ORD-500684,SALE,67R1B5WUPAZP1TK9U,USD,matched,engine,24.99,24.99,24.99,0.00
paypal_us,TXN-100906,ORD-500906,SALE,74WL2JBUPX7K52AN6,USD,matched_declined,engine,0.00,0.00,0.00,0.00
paypal_us,TXN-100884,ORD-500884,SALE,7FTLSR4XAT5TKVLKF,USD,matched,engine,9.99,9.99,9.99,0.00
paypal_us,TXN-100822,ORD-500822,SALE,7ZHH8D4Q0MTAET8KD,USD,matched,engine,24.99,24.99,24.99,0.00
paypal_us,TXN-101162,ORD-501162,SALE,86SZ0Q7Z6Q2XFGQ4A,USD,matched,engine,24.99,24.99,24.99,0.00
paypal_us,TXN-101481,ORD-501481,SALE,8H572997D656ETT8A,USD,matched_declined,engine,0.00,0.00,0.00,0.00
paypal_us,TXN-101868,ORD-501868,SALE,9A7L4L51RYPU0E05W,USD,matched_declined,engine,0.00,0.00,0.00,0.00
paypal_us,TXN-100782,ORD-500782,SALE,9J0Q15DPE51TB3LMZ,USD,matched,engine,24.99,24.99,24.99,0.00
paypal_us,TXN-100992,ORD-500992,SALE,9M7MMV1F93TWSQNC5,USD,matched,engine,59.99,59.99,59.99,0.00
paypal_us,TXN-100002,ORD-500002,SALE,9NHY44RKMRSMT55W9,USD,matched,engine,9.99,9.99,9.99,0.00
paypal_us,TXN-100409,ORD-500409,SALE,9YP6FBVTVGSANLX9U,USD,matched,engine,4.99,4.99,4.99,0.00
paypal_us,TXN-100170,ORD-500170,SALE,AQXB3SLT2BBAX499V,USD,matched,engine,59.99,59.99,59.99,0.00
paypal_us,TXN-101520,ORD-501520,SALE,AXHTX8N5LKX3M50EN,USD,matched,engine,9.99,9.99,9.99,0.00
paypal_us,TXN-101757,ORD-501757,SALE,AZ6JXJP0B2JUZ56C4,USD,matched,engine,24.99,24.99,24.99,0.00
paypal_us,TXN-100878,ORD-500878,SALE,BD60RXQ0RHMVH7Y8L,USD,matched_declined,engine,0.00,0.00,0.00,0.00
paypal_us,TXN-100293,ORD-500293,SALE,BJEP6MMJKV7V7NLGB,USD,matched,engine,9.99,9.99,9.99,0.00
paypal_us,TXN-101825,ORD-501825,SALE,BQ00SBGFQPD2SAGF8,USD,matched,engine,24.99,24.99,24.99,0.00
paypal_us,TXN-100658,ORD-500658,SALE,BTFSA2MJEW6NMQZ29,USD,matched,engine,24.99,24.99,24.99,0.00
paypal_us,TXN-101225,ORD-501225,SALE,BTQZ6V7SXXKE2Q4JW,USD,matched_declined,engine,0.00,0.00,0.00,0.00
paypal_us,TXN-101848,ORD-501848,SALE,C7C9QVKUVNDEKW43G,USD,matched,engine,24.99,24.99,24.99,0.00
paypal_us,TXN-100146,ORD-500146,SALE,CPWF3MP34MAKYEZVU,USD,matched,engine,9.99,9.99,9.99,0.00
paypal_us,TXN-100559,ORD-500559,SALE,D95BH8LXY65YXQV17,USD,matched,engine,9.99,9.99,9.99,0.00
paypal_us,TXN-100476,ORD-500476,SALE,DCY7F7N863PXS87KF,USD,matched,engine,24.99,24.99,24.99,0.00
paypal_us,TXN-100417,ORD-500417,SALE,DKF4J3HQ2T5C4Q9JC,USD,matched,engine,9.99,9.99,9.99,0.00
paypal_us,TXN-101777,ORD-501777,SALE,DQLCRR8WX98VHDMBH,USD,matched,engine,9.99,9.99,9.99,0.00
paypal_us,TXN-100193,ORD-500193,SALE,DZU9870XKVF40N2F3,USD,matched_declined,engine,0.00,0.00,0.00,0.00
paypal_us,TXN-100554,ORD-500554,SALE,EEDTP34ER3MKX0GFV,USD,matched,engine,9.99,9.99,9.99,0.00
paypal_us,TXN-102003,ORD-502003,SALE,EST0P9XSCM3FLB1A8,USD,matched,engine,59.99,59.99,59.99,0.00
paypal_us,TXN-102038,ORD-502038,SALE,F0KQ9PY28WGK1RJ4U,USD,matched,engine,4.99,4.99,4.99,0.00
paypal_us,TXN-100915,ORD-500915,SALE,F5WMK5KZSZY03QCC8,USD,matched,engine,4.99,4.99,4.99,0.00
paypal_us,TXN-101035,ORD-501035,SALE,FERT6E8B54VBMQ3N9,USD,matched,engine,24.99,24.99,24.99,0.00
paypal_us,TXN-102026,ORD-502026,SALE,FRPWLJULJUM9RJ1A0,USD,matched,engine,4.99,4.99,4.99,0.00
paypal_us,TXN-100093,ORD-500093,SALE,FWCRXLLY9QF3N54GF,USD,matched,engine,59.99,59.99,59.99,0.00
paypal_us,TXN-101504,ORD-501504,SALE,G47U89LR4JNUMFN0G,USD,matched_declined,engine,0.00,0.00,0.00,0.00
paypal_us,TXN-101310,ORD-501310,SALE,GGWXGLW5PGM96CTYZ,USD,matched_declined,engine,0.00,0.00,0.00,0.00
paypal_us,TXN-101864,ORD-501864,SALE,GHBM1HWA8AHTVA61X,USD,matched,engine,24.99,24.99,24.99,0.00
paypal_us,TXN-101771,ORD-501771,SALE,GXAZDLR3UH8CBDDZV,USD,matched,engine,9.99,9.99,9.99,0.00
paypal_us,TXN-101614,ORD-501614,SALE,GZGNS3M7E7BRZQLBQ,USD,matched,engine,9.99,9.99,9.99,0.00
paypal_us,TXN-100766,ORD-500766,SALE,HNFYZPZPYMF838FDP,USD,matched,engine,9.99,9.99,9.99,0.00
paypal_us,TXN-102004,ORD-502004,SALE,HUEG1QNJE5E3FAVB7,USD,matched,engine,9.99,9.99,9.99,0.00
paypal_us,TXN-100210,ORD-500210,SALE,HW3YL0CAW1TT13YE6,USD,matched,engine,24.99,24.99,24.99,0.00
paypal_us,TXN-101575,ORD-501575,SALE,HYGP0GC5BQ5TZ0PMH,USD,matched,engine,59.99,59.99,59.99,0.00
paypal_us,TXN-100937,ORD-500937,SALE,J3WFNUTYZ0ZKFF9KU,USD,matched,engine,9.99,9.99,9.99,0.00
paypal_us,TXN-102023,ORD-502023,SALE,J5PNJ4BUCL9LD0C3K,USD,matched,engine,9.99,9.99,9.99,0.00
paypal_us,TXN-100420,ORD-500420,SALE,JC3XR16XEJ6MVV08T,USD,matched,engine,9.99,9.99,9.99,0.00
paypal_us,TXN-100491,ORD-500491,SALE,JJEMR83AKMFS4Y0LE,USD,matched,engine,9.99,9.99,9.99,0.00
paypal_us,TXN-100487,ORD-500487,SALE,JL1DY380XQL2QKVXE,USD,matched,engine,9.99,9.99,9.99,0.00
paypal_us,TXN-101933,ORD-501933,SALE,K01K94FVNK82GT8G4,USD,matched,engine,24.99,24.99,24.99,0.00
paypal_us,TXN-100197,ORD-500197,SALE,K0EYAC4RL6NRV5VFN,USD,matched,engine,9.99,9.99,9.99,0.00
paypal_us,TXN-100032,ORD-500032,SALE,K10QUAUSJ21CWK2AM,USD,matched,engine,9.99,9.99,9.99,0.00
paypal_us,TXN-100189,ORD-500189,SALE,K38F1V9PHFV2UV3QM,USD,matched,engine,9.99,9.99,9.99,0.00
paypal_us,TXN-101666,ORD-501666,SALE,K7S4D9JTVNVVVY189,USD,matched,engine,9.99,9.99,9.99,0.00
paypal_us,TXN-100515,ORD-500515,SALE,KTBFLWHZ77LT8WNJZ,USD,matched,engine,4.99,4.99,4.99,0.00
paypal_us,TXN-100804,ORD-500804,SALE,KWR2MXKFQ7AZ0V7ZP,USD,matched,engine,9.99,9.99,9.99,0.00
paypal_us,TXN-101002,ORD-501002,SALE,L5Q8UMWYG9WUU5S23,USD,matched,engine,59.99,59.99,59.99,0.00
paypal_us,TXN-100158,ORD-500158,SALE,LUS2RA9EPWB6YHXFU,USD,matched_declined,engine,0.00,0.00,0.00,0.00
paypal_us,TXN-101615,ORD-501615,SALE,LVWFLFCXBUBJSF9JE,USD,matched,engine,24.99,24.99,24.99,0.00
paypal_us,TXN-100901,ORD-500901,SALE,LWFQNTHALN3NZHM1T,USD,matched,engine,9.99,9.99,9.99,0.00
paypal_us,TXN-101191,ORD-501191,SALE,M634DS5W68EBD8P7Q,USD,matched,engine,9.99,9.99,9.99,0.00
paypal_us,TXN-100734,ORD-500734,SALE,M63E7YGQN67VLEN6Y,USD,matched,engine,9.99,9.99,9.99,0.00
paypal_us,TXN-100221,ORD-500221,SALE,M6SQGNDCRFFXCUDDK,USD,matched,engine,4.99,4.99,4.99,0.00
paypal_us,TXN-100579,ORD-500579,SALE,MDCK8GP1835FAJP1Z,USD,matched,engine,9.99,9.99,9.99,0.00
paypal_us,TXN-100099,ORD-500099,SALE,MR5ULXRVTEH4JSHFN,USD,matched,engine,9.99,9.99,9.99,0.00
paypal_us,TXN-101388,ORD-501388,SALE,NHVCW0FTQ7LD54KS1,USD,matched,engine,59.99,59.99,59.99,0.00
paypal_us,TXN-100163,ORD-500163,SALE,NW6YRY4KMQJ13GJG7,USD,matched,engine,9.99,9.99,9.99,0.00
paypal_us,TXN-100620,ORD-500620,SALE,PBHRYB71XNFBGDA3E,USD,matched,engine,59.99,59.99,59.99,0.00
paypal_us,TXN-101745,ORD-501745,SALE,PDVYZD6GBB9VGZ6DP,USD,matched,engine,9.99,9.99,9.99,0.00
paypal_us,TXN-101585,ORD-501585,SALE,PRFY0W62NTCYSGHD7,USD,matched,engine,59.99,59.99,59.99,0.00
paypal_us,TXN-100796,ORD-500796,SALE,PYNHW7XQM9BV3MWYU,USD,matched,engine,59.99,59.99,59.99,0.00
paypal_us,TXN-101426,ORD-501426,SALE,QDLLBR0YAVCCAZH0D,USD,matched,engine,24.99,24.99,24.99,0.00
paypal_us,TXN-100871,ORD-500871,SALE,QDS5QTS0Y3SG2FVN5,USD,matched_declined,engine,0.00,0.00,0.00,0.00
paypal_us,TXN-100866,ORD-500866,SALE,QEDF89XL8SVS5XUGG,USD,matched,engine,9.99,9.99,9.99,0.00
paypal_us,TXN-101169,ORD-501169,SALE,QJFSWK0W14WSPZ393,USD,matched,engine,59.99,59.99,59.99,0.00
paypal_us,TXN-101603,ORD-501603,SALE,QLTWRSQENN9V5HPDF,USD,matched,engine,24.99,24.99,24.99,0.00
paypal_us,TXN-100014,ORD-500014,SALE,R0GBQ1CHPMSCR7864,USD,matched,engine,9.99,9.99,9.99,0.00
paypal_us,TXN-101993,ORD-501993,SALE,R4CJCVKRQQWDUBAXH,USD,matched,engine,4.99,4.99,4.99,0.00
paypal_us,TXN-100690,ORD-500690,SALE,RC2ZTTUK1PB4E6JYF,USD,matched_declined,engine,0.00,0.00,0.00,0.00
paypal_us,TXN-101710,ORD-501710,SALE,RPUSAJ1Y2H01EZZ07,USD,matched,engine,9.99,9.99,9.99,0.00
paypal_us,TXN-101353,ORD-501353,SALE,S6T4CN4UQ1LH1XQX0,USD,matched,engine,59.99,59.99,59.99,0.00
paypal_us,TXN-100188,ORD-500188,SALE,SB8Q6WZE6U49ZD264,USD,matched,engine,9.99,9.99,9.99,0.00
paypal_us,TXN-100080,ORD-500080,SALE,SE833NG9WLV0Y9315,USD,matched,engine,9.99,9.99,9.99,0.00
paypal_us,TXN-100617,ORD-500617,SALE,SXNZQCGAS4P3M05KL,USD,matched,engine,4.99,4.99,4.99,0.00
paypal_us,TXN-101781,ORD-501781,SALE,TCSTNPB82DM6DG5KD,USD,matched,engine,9.99,9.99,9.99,0.00
paypal_us,TXN-101396,ORD-501396,SALE,U064VSPMCSR5DT8MA,USD,matched,engine,4.99,4.99,4.99,0.00
paypal_us,TXN-100770,ORD-500770,SALE,U20M9S06EVFNBZAG6,USD,matched,engine,24.99,24.99,24.99,0.00
paypal_us,TXN-100115,ORD-500115,SALE,U4Y1FLT9HCTRAB1E4,USD,matched,engine,59.99,59.99,59.99,0.00
paypal_us,TXN-101793,ORD-501793,SALE,U6RTH1ZQ4BNAG310M,USD,matched,engine,9.99,9.99,9.99,0.00
paypal_us,TXN-100187,ORD-500187,SALE,UAAWT08RHBP5BV7MK,USD,matched,engine,9.99,9.99,9.99,0.00
paypal_us,TXN-101358,ORD-501358,SALE,URQRYQXFN66EM333R,USD,matched,engine,24.99,24.99,24.99,0.00
paypal_us,TXN-101089,ORD-501089,SALE,URQYQGKGU0FZ8QTPN,USD,matched_declined,engine,0.00,0.00,0.00,0.00
paypal_us,TXN-101779,ORD-501779,SALE,UTPPJKQL4AP6M58ZG,USD,matched,engine,9.99,9.99,9.99,0.00
paypal_us,TXN-100282,ORD-500282,SALE,V6RAM8WCMXJDE3U2F,USD,matched,engine,24.99,24.99,24.99,0.00
paypal_us,TXN-101633,ORD-501633,SALE,VB4RKZQSH1S54K7FR,USD,matched,engine,9.99,9.99,9.99,0.00
paypal_us,TXN-100424,ORD-500424,SALE,VRLH17RBDNQJ2UEL0,USD,matched,engine,9.99,9.99,9.99,0.00
paypal_us,TXN-100137,ORD-500137,SALE,VTW903CGTBKCUDH2J,USD,matched,engine,59.99,59.99,59.99,0.00
paypal_us,TXN-101284,ORD-501284,SALE,WCUV1UBQY5AVVVV7N,USD,matched,engine,9.99,9.99,9.99,0.00
paypal_us,TXN-101305,ORD-501305,SALE,X2S4P9W17FL4TQTT9,USD,matched,engine,9.99,9.99,9.99,0.00
paypal_us,TXN-100961,ORD-500961,SALE,XHE18G2ZWBX3HX9NV,USD,matched,engine,4.99,4.99,4.99,0.00
paypal_us,TXN-100533,ORD-500533,SALE,XN0V24XZAJGKNFH1V,USD,matched,engine,24.99,24.99,24.99,0.00
paypal_us,TXN-101123,ORD-501123,SALE,XVKE92L24BKHARQ91,USD,matched,engine,9.99,9.99,9.99,0.00
paypal_us,TXN-101800,ORD-501800,SALE,Y8WX1C6CDVX386W5F,USD,matched,engine,9.99,9.99,9.99,0.00
paypal_us,TXN-100603,ORD-500603,SALE,Y9QAASWXEWBK7063X,USD,matched,engine,9.99,9.99,9.99,0.00
paypal_us,TXN-100726,ORD-500726,SALE,YEA0BKYSRL07Q9VM6,USD,matched,engine,59.99,59.99,59.99,0.00
paypal_us,TXN-101819,ORD-501819,SALE,YMKRVHVWWTZ5ELBLP,USD,matched,engine,4.99,4.99,4.99,0.00
paypal_us,TXN-101987,ORD-501987,SALE,Z1NCUR6G5KUB18UUH,USD,matched,engine,9.99,9.99,9.99,0.00
paypal_us,TXN-101129,ORD-501129,SALE,ZA3C5YTLGWJF21RLU,USD,matched,engine,9.99,9.99,9.99,0.00
paypal_us,TXN-101872,ORD-501872,SALE,ZSNNYFZSURLRE7A6K,USD,matched,engine,59.99,59.99,59.99,0.00
paypal_us,TXN-101782,ORD-501782,SALE,08CL2KP6QT2N15E84,USD,matched,engine,9.99,9.99,9.99,0.00
paypal_us,TXN-101857,ORD-501857,SALE,0S0GYFLRTEPJ483C7,USD,matched,engine,9.99,9.99,9.99,0.00
paypal_us,TXN-100206,ORD-500206,SALE,1RNCDETR4Y5AFSRQ1,USD,matched,engine,24.99,24.99,24.99,0.00
paypal_us,TXN-100970,ORD-500970,SALE,1TMX4BMZFBD5GHAGN,USD,matched,engine,9.99,9.99,9.99,0.00
paypal_us,TXN-100835,ORD-500835,SALE,1UYESTCX94RTW789Q,USD,matched,engine,4.99,4.99,4.99,0.00
paypal_us,TXN-100983,ORD-500983,SALE,2SG4K0C3YHH3XSQMK,USD,matched_declined,engine,0.00,0.00,0.00,0.00
paypal_us,TXN-100936,ORD-500936,SALE,2TSBLA4KTCDU76QKS,USD,matched,engine,59.99,59.99,59.99,0.00
paypal_us,TXN-100046,ORD-500046,SALE,32JMEH6UMMYJ50JJ4,USD,matched,engine,24.99,24.99,24.99,0.00
paypal_us,TXN-102047,ORD-502047,SALE,362WKPST9UNP85KXC,USD,matched_declined,engine,0.00,0.00,0.00,0.00
paypal_us,TXN-100406,ORD-500406,SALE,3EFSBPQ35HJC7TXFU,USD,matched,engine,59.99,59.99,59.99,0.00
paypal_us,TXN-100974,ORD-500974,SALE,3KHTSUTYHLUVDPRVU,USD,matched,engine,9.99,9.99,9.99,0.00
paypal_us,TXN-102024,ORD-502024,SALE,3N79Q4H668LR4LK41,USD,matched,engine,9.99,9.99,9.99,0.00
paypal_us,TXN-100669,ORD-500669,SALE,3SPSLYG68593W4SYE,USD,matched_declined,engine,0.00,0.00,0.00,0.00
paypal_us,TXN-100362,ORD-500362,SALE,3Y2V7K0DZ6KGHV6Y8,USD,matched,engine,9.99,9.99,9.99,0.00
paypal_us,TXN-101972,ORD-501972,SALE,49YLP0ZWXFNR4R2CQ,USD,matched,engine,9.99,9.99,9.99,0.00
paypal_us,TXN-102015,ORD-502015,SALE,4C1A8F4SNF20PSJPP,USD,matched,engine,9.99,9.99,9.99,0.00
paypal_us,TXN-101336,ORD-501336,SALE,4LU6CXXKFMNMEJYW2,USD,matched,engine,59.99,59.99,59.99,0.00
paypal_us,TXN-102021,ORD-502021,SALE,4UVZ6BMZGTJ543PY5,USD,matched,engine,9.99,9.99,9.99,0.00
paypal_us,TXN-101314,ORD-501314,SALE,50FXHNGDAZBCCT2Q8,USD,matched,engine,4.99,4.99,4.99,0.00
paypal_us,TXN-101846,ORD-501846,SALE,512JC970F6CCAJKA7,USD,matched,engine,9.99,9.99,9.99,0.00
paypal_us,TXN-100545,ORD-500545,SALE,51CVFFYEMH2ATJ3Y2,USD,matched_declined,engine,0.00,0.00,0.00,0.00
paypal_us,TXN-101517,ORD-501517,SALE,52KV5G8FRRK2FH4AD,USD,matched,engine,59.99,59.99,59.99,0.00
paypal_us,TXN-101982,ORD-501982,SALE,5MQ17KZ0DC1YDHJ3D,USD,matched,engine,59.99,59.99,59.99,0.00
paypal_us,TXN-100934,ORD-500934,SALE,5V0DED13JMQ34C7SZ,USD,matched,engine,59.99,59.99,59.99,0.00
paypal_us,TXN-101286,ORD-501286,SALE,6A3Q350UEPSF1H688,USD,matched,engine,9.99,9.99,9.99,0.00
paypal_us,TXN-100357,ORD-500357,SALE,6BT59B7RKSKL9F1VR,USD,matched,engine,4.99,4.99,4.99,0.00
paypal_us,TXN-101114,ORD-501114,SALE,6G1JFTYUB85SBJZTN,USD,matched,engine,59.99,59.99,59.99,0.00
paypal_us,TXN-101125,ORD-501125,SALE,6K93K852J209PJ61G,USD,matched,engine,9.99,9.99,9.99,0.00
paypal_us,TXN-100652,ORD-500652,SALE,6MJJYX3ANTSBGHG25,USD,matched,engine,4.99,4.99,4.99,0.00
paypal_us,TXN-100532,ORD-500532,SALE,71YGJUMJX9J4SDS6L,USD,matched,engine,24.99,24.99,24.99,0.00
paypal_us,TXN-100107,ORD-500107,SALE,730PSK94Y81GP2PTE,USD,matched_declined,engine,0.00,0.00,0.00,0.00
paypal_us,TXN-101619,ORD-501619,SALE,7CEUQ4XLLX9FRN88W,USD,matched,engine,4.99,4.99,4.99,0.00
paypal_us,TXN-100232,ORD-500232,SALE,7Q2Q3ZN9R2GFFKZ6Y,USD,matched,engine,9.99,9.99,9.99,0.00
paypal_us,TXN-100641,ORD-500641,SALE,7SDHZD8NYJ3B8XT9B,USD,matched_declined,engine,0.00,0.00,0.00,0.00
paypal_us,TXN-101965,ORD-501965,SALE,83H8W71WWRX7W0UWB,USD,matched,engine,59.99,59.99,59.99,0.00
paypal_us,TXN-101174,ORD-501174,SALE,8DCQ7MX9YK8ZVTXAK,USD,matched,engine,4.99,4.99,4.99,0.00
paypal_us,TXN-107810,ORD-501346,REFUND,8FP8G4MTJHK5WGCDV,USD,matched,engine,-5.00,-5.00,-5.00,0.00
paypal_us,TXN-100457,ORD-500457,SALE,8RPZY4BWKX1YRUUZX,USD,matched,engine,9.99,9.99,9.99,0.00
paypal_us,TXN-100959,ORD-500959,SALE,8TSLAUUMA0QH7S74H,USD,matched,engine,4.99,4.99,4.99,0.00
paypal_us,TXN-100455,ORD-500455,SALE,8WU4GX84T5CTE2J5Q,USD,matched,engine,9.99,9.99,9.99,0.00
paypal_us,TXN-101087,ORD-501087,SALE,8ZKGX4NFK23TK6HKG,USD,matched,engine,24.99,24.99,24.99,0.00
paypal_us,TXN-100933,ORD-500933,SALE,9HKLKMA4UT0QJEB52,USD,matched_declined,engine,0.00,0.00,0.00,0.00
paypal_us,TXN-100461,ORD-500461,SALE,9R1R6HDF49QZ2SWV0,USD,matched,engine,9.99,9.99,9.99,0.00
paypal_us,TXN-100299,ORD-500299,SALE,A5LE7QW3R1B0ZJFSB,USD,matched,engine,59.99,59.99,59.99,0.00
paypal_us,TXN-101233,ORD-501233,SALE,AH9L7SHK1K6NAYZRD,USD,matched,engine,9.99,9.99,9.99,0.00
paypal_us,TXN-100500,ORD-500500,SALE,B8HTTHYFW43WY4LLA,USD,matched,engine,9.99,9.99,9.99,0.00
paypal_us,TXN-100144,ORD-500144,SALE,BGAZYQXZ0MQXHA88S,USD,matched,engine,9.99,9.99,9.99,0.00
paypal_us,TXN-101031,ORD-501031,SALE,BRXSZW85NW8LXA7YH,USD,matched,engine,24.99,24.99,24.99,0.00
paypal_us,TXN-100568,ORD-500568,SALE,BWP976UV5N7KSPYUB,USD,matched,engine,9.99,9.99,9.99,0.00
paypal_us,TXN-100121,ORD-500121,SALE,CDENDAWVJJH2G2V8Q,USD,matched,engine,9.99,9.99,9.99,0.00
paypal_us,TXN-100848,ORD-500848,SALE,CDT8BX33RSDMHYFFV,USD,matched,engine,24.99,24.99,24.99,0.00
paypal_us,TXN-101289,ORD-501289,SALE,CQ4MXF45DAUDCMQ93,USD,matched,engine,4.99,4.99,4.99,0.00
paypal_us,TXN-101482,ORD-501482,SALE,CSWPH56W5AU94DFMN,USD,matched,engine,9.99,9.99,9.99,0.00
paypal_us,TXN-100836,ORD-500836,SALE,DH3GM4MXYBA5WH4FU,USD,matched,engine,9.99,9.99,9.99,0.00
paypal_us,TXN-101219,ORD-501219,SALE,DUPJ3CTUDV2TYJASF,USD,matched,engine,9.99,9.99,9.99,0.00
paypal_us,TXN-100511,ORD-500511,SALE,E3DJUAT933U503B0E,USD,matched,engine,9.99,9.99,9.99,0.00
paypal_us,TXN-100448,ORD-500448,SALE,ENZDDX20V5FXC90BQ,USD,matched,engine,24.99,24.99,24.99,0.00
paypal_us,TXN-100176,ORD-500176,SALE,EQJU33YPE1HUVJ79C,USD,matched,engine,9.99,9.99,9.99,0.00
paypal_us,TXN-101328,ORD-501328,SALE,ETBDP1KBWWL7Q09AP,USD,matched,engine,9.99,9.99,9.99,0.00
paypal_us,TXN-100255,ORD-500255,SALE,EZF18RLF3U2N0CG1F,USD,matched,engine,9.99,9.99,9.99,0.00
paypal_us,TXN-102046,ORD-502046,SALE,FQ1AWPGG9LZZKA493,USD,matched,engine,24.99,24.99,24.99,0.00
paypal_us,TXN-100070,ORD-500070,SALE,FVHT8W58RNHTECA91,USD,matched,engine,4.99,4.99,4.99,0.00
paypal_us,TXN-101626,ORD-501626,SALE,GTJM6C3Y2V9Y3D3MD,USD,matched_declined,engine,0.00,0.00,0.00,0.00
paypal_us,TXN-101180,ORD-501180,SALE,H25QP4ZRNRZD9Q0SB,USD,matched,engine,9.99,9.99,9.99,0.00
paypal_us,TXN-100640,ORD-500640,SALE,H8PAFRQQ7ZES3FQQW,USD,matched,engine,59.99,59.99,59.99,0.00
paypal_us,TXN-100330,ORD-500330,SALE,HD1X664H308FCX09Z,USD,matched,engine,9.99,9.99,9.99,0.00
paypal_us,TXN-101068,ORD-501068,SALE,HG33LBKPSS7ML4WGX,USD,matched,engine,9.99,9.99,9.99,0.00
paypal_us,TXN-101507,ORD-501507,SALE,HPNUJ9KHGTME4E3NK,USD,matched,engine,24.99,24.99,24.99,0.00
paypal_us,TXN-100302,ORD-500302,SALE,HVCEJFB9WEPV8FH5Y,USD,matched,engine,9.99,9.99,9.99,0.00
paypal_us,TXN-101671,ORD-501671,SALE,HZXDT2QJW3FBNLNFG,USD,matched,engine,24.99,24.99,24.99,0.00
paypal_us,TXN-100943,ORD-500943,SALE,JER1UC2ZXJG8K8AH9,USD,matched,engine,24.99,24.99,24.99,0.00
paypal_us,TXN-100051,ORD-500051,SALE,JZRW7JLMMZQG5Z22N,USD,matched,engine,9.99,9.99,9.99,0.00
paypal_us,TXN-100341,ORD-500341,SALE,K5BK7RG7UWF0X72MU,USD,matched,engine,24.99,24.99,24.99,0.00
paypal_us,TXN-100570,ORD-500570,SALE,K8B81L6NC0LJPT59L,USD,matched,engine,9.99,9.99,9.99,0.00
paypal_us,TXN-100090,ORD-500090,SALE,KBUBJ87W8FX3FU9PE,USD,matched,engine,9.99,9.99,9.99,0.00
paypal_us,TXN-101479,ORD-501479,SALE,KJ30564SGYK12EWXU,USD,matched,engine,9.99,9.99,9.99,0.00
paypal_us,TXN-101011,ORD-501011,SALE,KR1HRNJ5G15QR08KF,USD,matched_declined,engine,0.00,0.00,0.00,0.00
paypal_us,TXN-100370,ORD-500370,SALE,L7WWHTFR7X0KAZ9YF,USD,matched,engine,4.99,4.99,4.99,0.00
paypal_us,TXN-101934,ORD-501934,SALE,LEA53JFY9FWUMLXR6,USD,matched,engine,9.99,9.99,9.99,0.00
paypal_us,TXN-100172,ORD-500172,SALE,M41QA5C2JSC96GPKZ,USD,matched,engine,9.99,9.99,9.99,0.00
paypal_us,TXN-101606,ORD-501606,SALE,M4PVG7VU2XDSMNKF4,USD,matched,engine,59.99,59.99,59.99,0.00
paypal_us,TXN-101224,ORD-501224,SALE,M9VV9L8SRSLS8CFND,USD,matched,engine,9.99,9.99,9.99,0.00
paypal_us,TXN-101884,ORD-501884,SALE,MDHERGBF9YG75GG39,USD,matched,engine,9.99,9.99,9.99,0.00
paypal_us,TXN-101598,ORD-501598,SALE,MFBY6RPE2EKXZ0VPV,USD,matched,engine,59.99,59.99,59.99,0.00
paypal_us,TXN-101364,ORD-501364,SALE,MGFR0GHQ2UME0N4JZ,USD,matched,engine,4.99,4.99,4.99,0.00
paypal_us,TXN-101721,ORD-501721,SALE,MN3J4DBSRB798DMRL,USD,matched,engine,4.99,4.99,4.99,0.00
paypal_us,TXN-101363,ORD-501363,SALE,MV8GNYCSH4K2W22KY,USD,matched,engine,24.99,24.99,24.99,0.00
paypal_us,TXN-100698,ORD-500698,SALE,NAC8WFV74NN089AF4,USD,matched,engine,24.99,24.99,24.99,0.00
paypal_us,TXN-101617,ORD-501617,SALE,NCVW4MSNN03TJ44WE,USD,matched,engine,4.99,4.99,4.99,0.00
paypal_us,TXN-100027,ORD-500027,SALE,NDZ675AXA732Z2PFV,USD,matched,engine,24.99,24.99,24.99,0.00
paypal_us,TXN-100005,ORD-500005,SALE,NFQZ142PMP4P1BC2Q,USD,matched,engine,24.99,24.99,24.99,0.00
paypal_us,TXN-101030,ORD-501030,SALE,NWR3BK7NYEMX9S8W8,USD,matched,engine,9.99,9.99,9.99,0.00
paypal_us,TXN-100677,ORD-500677,SALE,NXXQNJX0D8GE3T0VW,USD,matched,engine,24.99,24.99,24.99,0.00
paypal_us,TXN-100758,ORD-500758,SALE,P0L19MZVPF0A4S2VH,USD,matched,engine,9.99,9.99,9.99,0.00
paypal_us,TXN-101151,ORD-501151,SALE,PG4EDYZ32L5TNN46F,USD,matched_declined,engine,0.00,0.00,0.00,0.00
paypal_us,TXN-101824,ORD-501824,SALE,Q0MKRPBF1YSJBHE5L,USD,matched,engine,9.99,9.99,9.99,0.00
paypal_us,TXN-101040,ORD-501040,SALE,Q49FRPFXT0FBNUAM9,USD,matched,engine,9.99,9.99,9.99,0.00
paypal_us,TXN-100774,ORD-500774,SALE,R803UULUVAD9Z8FES,USD,matched,engine,24.99,24.99,24.99,0.00
paypal_us,TXN-100927,ORD-500927,SALE,R8AACCYBMES376Y2N,USD,matched,engine,9.99,9.99,9.99,0.00
paypal_us,TXN-100220,ORD-500220,SALE,R97ASKSET14KUXV9F,USD,matched,engine,9.99,9.99,9.99,0.00
paypal_us,TXN-101818,ORD-501818,SALE,RLTS8ETSP0CG9S6XP,USD,matched,engine,9.99,9.99,9.99,0.00
paypal_us,TXN-101837,ORD-501837,SALE,SCMBYMGAE54DRH5G5,USD,matched,engine,9.99,9.99,9.99,0.00
paypal_us,TXN-101172,ORD-501172,SALE,SF71L3KD6MP7K8HMQ,USD,matched,engine,9.99,9.99,9.99,0.00
paypal_us,TXN-101057,ORD-501057,SALE,SKV3VL92DTT4H5AYZ,USD,matched,engine,9.99,9.99,9.99,0.00
paypal_us,TXN-100396,ORD-500396,SALE,TANPCUGDDNZPA0JE7,USD,matched,engine,9.99,9.99,9.99,0.00
paypal_us,TXN-100199,ORD-500199,SALE,TL71EC5HS4GM5ZU7K,USD,matched,engine,9.99,9.99,9.99,0.00
paypal_us,TXN-100029,ORD-500029,SALE,UHNQS6FD5K9KEJL7N,USD,matched,engine,4.99,4.99,4.99,0.00
paypal_us,TXN-100718,ORD-500718,SALE,UNTEYVBKHCG0NN7LA,USD,matched,engine,59.99,59.99,59.99,0.00
paypal_us,TXN-100895,ORD-500895,SALE,UP31L1Y6MXUU66ZCU,USD,matched,engine,9.99,9.99,9.99,0.00
paypal_us,TXN-102005,ORD-502005,SALE,UYLXYKQ66UNUB3E2Y,USD,matched,engine,9.99,9.99,9.99,0.00
paypal_us,TXN-101772,ORD-501772,SALE,V4PBLZ3FTSHBJRJ7L,USD,matched,engine,59.99,59.99,59.99,0.00
paypal_us,TXN-101222,ORD-501222,SALE,VPH3KUNGPVE7783EZ,USD,matched,engine,9.99,9.99,9.99,0.00
paypal_us,TXN-101765,ORD-501765,SALE,VR3C273WVYYFRR5UF,USD,matched,engine,9.99,9.99,9.99,0.00
paypal_us,TXN-100805,ORD-500805,SALE,W8R9TF6UJNEEF4RAU,USD,matched,engine,9.99,9.99,9.99,0.00
paypal_us,TXN-100316,ORD-500316,SALE,W9TU4W2EXTR7MGR4A,USD,matched,engine,9.99,9.99,9.99,0.00
paypal_us,TXN-100932,ORD-500932,SALE,WA4LJEE84M9UT3W5J,USD,matched,engine,24.99,24.99,24.99,0.00
paypal_us,TXN-100252,ORD-500252,SALE,WJGCF8Y6R9GYV462C,USD,matched,engine,9.99,9.99,9.99,0.00
paypal_us,TXN-101149,ORD-501149,SALE,X2EAHNFNWPX5J7CE2,USD,matched,engine,24.99,24.99,24.99,0.00
paypal_us,TXN-101084,ORD-501084,SALE,X5GLS72UBHTD6MTCU,USD,matched,engine,59.99,59.99,59.99,0.00
paypal_us,TXN-100218,ORD-500218,SALE,XEW95BGX0NTYRDVTZ,USD,matched,engine,9.99,9.99,9.99,0.00
paypal_us,TXN-101126,ORD-501126,SALE,XUF8XGHQRQXQ35USZ,USD,matched,engine,4.99,4.99,4.99,0.00
paypal_us,TXN-101697,ORD-501697,SALE,XWEE1NGELPS8YEVLN,USD,matched,engine,9.99,9.99,9.99,0.00
paypal_us,TXN-100958,ORD-500958,SALE,Y5LD34JU90KMWU34P,USD,matched,engine,9.99,9.99,9.99,0.00
paypal_us,TXN-100153,ORD-500153,SALE,YCW2HFG6VX0DTW1B7,USD,matched,engine,4.99,4.99,4.99,0.00
paypal_us,TXN-107830,ORD-502028,REFUND,YHZV5NJKY45JWKSHP,USD,matched,engine,-4.99,-4.99,-4.99,0.00
paypal_us,TXN-101997,ORD-501997,SALE,YK2JRDAT1ZL6S7LKK,USD,matched,engine,9.99,9.99,9.99,0.00
paypal_us,TXN-101472,ORD-501472,SALE,ZLBH0TSL8F2YM065P,USD,matched_declined,engine,0.00,0.00,0.00,0.00
paypal_us,TXN-107785,ORD-500363,REFUND,ZN33Y0A8GCAW7QGU8,USD,matched,engine,-5.00,-5.00,-5.00,0.00
paypal_us,TXN-100516,ORD-500516,SALE,01G1668BWF0R8NJTM,USD,matched,engine,4.99,4.99,4.99,0.00
paypal_us,TXN-101726,ORD-501726,SALE,0L3Q6S89MPQX4Q264,USD,matched,engine,9.99,9.99,9.99,0.00
paypal_us,TXN-100414,ORD-500414,SALE,0P22ZR7ZUXFM7DZ3N,USD,matched,engine,24.99,24.99,24.99,0.00
paypal_us,TXN-100179,ORD-500179,SALE,0RW6E54CRK84PU5WE,USD,matched,engine,9.99,9.99,9.99,0.00
paypal_us,TXN-101676,ORD-501676,SALE,14YZTY4M15M3BQKF0,USD,matched,engine,4.99,4.99,4.99,0.00
paypal_us,TXN-100081,ORD-500081,SALE,1DSU9NFWUZLQC1NF2,USD,matched,engine,9.99,9.99,9.99,0.00
paypal_us,TXN-101838,ORD-501838,SALE,1EX9RPEAPUT70RHJV,USD,matched,engine,24.99,24.99,24.99,0.00
paypal_us,TXN-100524,ORD-500524,SALE,1Y93MLFUEJENQCEXR,USD,matched,engine,9.99,9.99,9.99,0.00
paypal_us,TXN-101580,ORD-501580,SALE,24W6JZMZTDTYCRLTP,USD,matched,engine,24.99,24.99,24.99,0.00
paypal_us,TXN-101248,ORD-501248,SALE,28UFJN1ADT03V1KX8,USD,matched,engine,59.99,59.99,59.99,0.00
paypal_us,TXN-100454,ORD-500454,SALE,2DRNPXY79GCDL7MFT,USD,matched,engine,24.99,24.99,24.99,0.00
paypal_us,TXN-100798,ORD-500798,SALE,301SMFSULJNQJ28MV,USD,matched,engine,59.99,59.99,59.99,0.00
paypal_us,TXN-101725,ORD-501725,SALE,3D7C4MLKGHDGSJEQ1,USD,matched,engine,24.99,24.99,24.99,0.00
paypal_us,TXN-101780,ORD-501780,SALE,3R7YZKHG2X3XWH00B,USD,matched_declined,engine,0.00,0.00,0.00,0.00
paypal_us,TXN-100304,ORD-500304,SALE,3XXCHLGZWLRZ2462M,USD,matched,engine,9.99,9.99,9.99,0.00
paypal_us,TXN-101166,ORD-501166,SALE,4AYC0XX4ZEEL83HZS,USD,matched,engine,9.99,9.99,9.99,0.00
paypal_us,TXN-100007,ORD-500007,SALE,5LV5U517T0V48TX7M,USD,matched_declined,engine,0.00,0.00,0.00,0.00
paypal_us,TXN-101845,ORD-501845,SALE,5PJ7HWB2YV6ZM5ZRX,USD,matched,engine,24.99,24.99,24.99,0.00
paypal_us,TXN-101761,ORD-501761,SALE,6NNMJG7LMA32K7H5U,USD,matched,engine,9.99,9.99,9.99,0.00
paypal_us,TXN-100584,ORD-500584,SALE,6P3FET9FGZUB4LQK3,USD,matched,engine,9.99,9.99,9.99,0.00
paypal_us,TXN-101091,ORD-501091,SALE,6VA8SS4UX0LP1CBGN,USD,matched,engine,9.99,9.99,9.99,0.00
paypal_us,TXN-100783,ORD-500783,SALE,7DB1W7PSUBYPUJS8A,USD,matched,engine,4.99,4.99,4.99,0.00
paypal_us,TXN-100986,ORD-500986,SALE,7NYC16852MALCDZ15,USD,matched,engine,9.99,9.99,9.99,0.00
paypal_us,TXN-100132,ORD-500132,SALE,7R82A7SLSXJAD72J1,USD,matched,engine,59.99,59.99,59.99,0.00
paypal_us,TXN-100885,ORD-500885,SALE,7RKC9P8JHP8KHUV1Q,USD,matched,engine,9.99,9.99,9.99,0.00
paypal_us,TXN-100843,ORD-500843,SALE,7X1JMAWNY7ABXMFXA,USD,matched,engine,9.99,9.99,9.99,0.00
paypal_us,TXN-100393,ORD-500393,SALE,7ZXDQLMCC36H7UREQ,USD,matched,engine,9.99,9.99,9.99,0.00
paypal_us,TXN-100801,ORD-500801,SALE,8H3ZMK72QUYCHA2RG,USD,matched_declined,engine,0.00,0.00,0.00,0.00
paypal_us,TXN-100680,ORD-500680,SALE,8W32J41F0WXVPBXAN,USD,matched,engine,9.99,9.99,9.99,0.00
paypal_us,TXN-100151,ORD-500151,SALE,9127KWXRV538YY2WJ,USD,matched,engine,24.99,24.99,24.99,0.00
paypal_us,TXN-101732,ORD-501732,SALE,969K9Z1DR8F2SUHHK,USD,matched,engine,9.99,9.99,9.99,0.00
paypal_us,TXN-100290,ORD-500290,SALE,9EH38DTUWC586U7QY,USD,matched,engine,9.99,9.99,9.99,0.00
paypal_us,TXN-101755,ORD-501755,SALE,9H1N4CB40M5W3M3TE,USD,matched_declined,engine,0.00,0.00,0.00,0.00
paypal_us,TXN-101064,ORD-501064,SALE,9LT5BB47U15G3AWVP,USD,matched,engine,9.99,9.99,9.99,0.00
paypal_us,TXN-100418,ORD-500418,SALE,AB8LHTR0AHEHT3DXD,USD,matched,engine,9.99,9.99,9.99,0.00
paypal_us,TXN-101560,ORD-501560,SALE,AC72YTK3KWRLZYE8D,USD,matched,engine,4.99,4.99,4.99,0.00
paypal_us,TXN-100150,ORD-500150,SALE,ACL11W4R78T3U5YCX,USD,matched,engine,59.99,59.99,59.99,0.00
paypal_us,TXN-101029,ORD-501029,SALE,AG5UEHNFZ5ELBB6AP,USD,matched,engine,9.99,9.99,9.99,0.00
paypal_us,TXN-100064,ORD-500064,SALE,B66RQU7YH1W7Q7KB9,USD,matched,engine,9.99,9.99,9.99,0.00
paypal_us,TXN-100305,ORD-500305,SALE,BKUE0XCA4PTM076DT,USD,matched,engine,4.99,4.99,4.99,0.00
paypal_us,TXN-100886,ORD-500886,SALE,BM72BQH0HB6FLGJFF,USD,matched,engine,4.99,4.99,4.99,0.00
paypal_us,TXN-101596,ORD-501596,SALE,BMVXMABYPAM8A1Y7D,USD,matched,engine,9.99,9.99,9.99,0.00
paypal_us,TXN-100608,ORD-500608,SALE,BT6GA3H00P5YURMVZ,USD,matched,engine,59.99,59.99,59.99,0.00
paypal_us,TXN-100331,ORD-500331,SALE,BZ4VN8SPD61NHLB9T,USD,matched,engine,24.99,24.99,24.99,0.00
paypal_us,TXN-100645,ORD-500645,SALE,C3NV97WJ0SHS3K3QB,USD,matched,engine,9.99,9.99,9.99,0.00
paypal_us,TXN-101220,ORD-501220,SALE,CGE6P8DUELBGQW8ES,USD,matched,engine,9.99,9.99,9.99,0.00
paypal_us,TXN-101161,ORD-501161,SALE,CH9HCRJU6FFJU1YXM,USD,matched_declined,engine,0.00,0.00,0.00,0.00
paypal_us,TXN-100639,ORD-500639,SALE,CXE03BFYQJXER3F2J,USD,matched,engine,9.99,9.99,9.99,0.00
paypal_us,TXN-101134,ORD-501134,SALE,DDDBD9N8H7AWTZSLQ,USD,matched_declined,engine,0.00,0.00,0.00,0.00
paypal_us,TXN-100042,ORD-500042,SALE,DF7KX851ZA70CEFT8,USD,matched_declined,engine,0.00,0.00,0.00,0.00
paypal_us,TXN-101197,ORD-501197,SALE,DGSQDFL5SU6D27B27,USD,matched,engine,9.99,9.99,9.99,0.00
paypal_us,TXN-100976,ORD-500976,SALE,DNHSU34PERXCBWVU9,USD,matched,engine,9.99,9.99,9.99,0.00
paypal_us,TXN-101949,ORD-501949,SALE,DPL58KBE8U3SUKCDC,USD,matched,engine,24.99,24.99,24.99,0.00
paypal_us,TXN-101647,ORD-501647,SALE,DTA3U0QPK46JL1S9N,USD,matched,engine,24.99,24.99,24.99,0.00
paypal_us,TXN-100049,ORD-500049,SALE,DUAEE8T971SP0S2NN,USD,matched,engine,9.99,9.99,9.99,0.00
paypal_us,TXN-100748,ORD-500748,SALE,E4D7BTZ750DT4M122,USD,matched,engine,24.99,24.99,24.99,0.00
paypal_us,TXN-100867,ORD-500867,SALE,EN90Q72Z11CVDNRLY,USD,matched,engine,9.99,9.99,9.99,0.00
paypal_us,TXN-101065,ORD-501065,SALE,EPEKXWW1ZW8QE347V,USD,matched,engine,9.99,9.99,9.99,0.00
paypal_us,TXN-100056,ORD-500056,SALE,F27MEECBQ683D60WW,USD,matched,engine,9.99,9.99,9.99,0.00
paypal_us,TXN-101912,ORD-501912,SALE,FJEDV77KPLG9V8LG7,USD,matched,engine,24.99,24.99,24.99,0.00
paypal_us,TXN-100035,ORD-500035,SALE,FJF5W6BGTCM40RZYJ,USD,matched,engine,9.99,9.99,9.99,0.00
paypal_us,TXN-101620,ORD-501620,SALE,FL3S9M4QZA4YVJUGX,USD,matched,engine,24.99,24.99,24.99,0.00
paypal_us,TXN-107781,ORD-500260,REFUND,FQDSY6BVGCMA7ZVQX,USD,matched,engine,-9.99,-9.99,-9.99,0.00
paypal_us,TXN-101813,ORD-501813,SALE,G9W3D41N24VD5JV59,USD,matched,engine,24.99,24.99,24.99,0.00
paypal_us,TXN-100340,ORD-500340,SALE,HA3CW3M01WZQ82Q6E,USD,matched,engine,9.99,9.99,9.99,0.00
paypal_us,TXN-101791,ORD-501791,SALE,HJYGL73X8YGTBVS91,USD,matched,engine,24.99,24.99,24.99,0.00
paypal_us,TXN-100638,ORD-500638,SALE,HTVK8QU22EV0CHZMY,USD,matched,engine,24.99,24.99,24.99,0.00
paypal_us,TXN-101368,ORD-501368,SALE,HUR8MEQ02YHXWH9YJ,USD,matched,engine,24.99,24.99,24.99,0.00
paypal_us,TXN-100582,ORD-500582,SALE,HYC2E1740T7D6XPY7,USD,matched,engine,9.99,9.99,9.99,0.00
paypal_us,TXN-100078,ORD-500078,SALE,J892MSKHS97NV6DDK,USD,matched,engine,4.99,4.99,4.99,0.00
paypal_us,TXN-100600,ORD-500600,SALE,J9Y7PJF0ALG65WZQX,USD,matched,engine,9.99,9.99,9.99,0.00
paypal_us,TXN-100253,ORD-500253,SALE,JRMAZLUJDU9XWFCU4,USD,matched_declined,engine,0.00,0.00,0.00,0.00
paypal_us,TXN-101159,ORD-501159,SALE,K7KH2DBVK3M2ELPVH,USD,matched,engine,59.99,59.99,59.99,0.00
paypal_us,TXN-101417,ORD-501417,SALE,KEY1A1SARVY984V2G,USD,matched,engine,4.99,4.99,4.99,0.00
paypal_us,TXN-100025,ORD-500025,SALE,KJVZL1ZUZG9YC0W8S,USD,matched,engine,24.99,24.99,24.99,0.00
paypal_us,TXN-101293,ORD-501293,SALE,KKVMVMYX26YUZ95NS,USD,matched,engine,9.99,9.99,9.99,0.00
paypal_us,TXN-102037,ORD-502037,SALE,LLVSUVP92M13JB5WB,USD,matched,engine,9.99,9.99,9.99,0.00
paypal_us,TXN-101939,ORD-501939,SALE,LM38H2UQ29BDRDDDA,USD,matched,engine,4.99,4.99,4.99,0.00
paypal_us,TXN-101265,ORD-501265,SALE,M4ZJ6U1C1CK6WEFS8,USD,matched,engine,9.99,9.99,9.99,0.00
paypal_us,TXN-107801,ORD-501020,REFUND,MSVXS16KX6LX4UTVE,USD,matched,engine,-24.99,-24.99,-24.99,0.00
paypal_us,TXN-100203,ORD-500203,SALE,N1QVNGDWPF6JN4UT3,USD,matched,engine,9.99,9.99,9.99,0.00
paypal_us,TXN-101659,ORD-501659,SALE,N6D027GT537KDUBRD,USD,matched,engine,9.99,9.99,9.99,0.00
paypal_us,TXN-100229,ORD-500229,SALE,NMNLWGM6TGKBMPCN4,USD,matched,engine,59.99,59.99,59.99,0.00
paypal_us,TXN-100488,ORD-500488,SALE,NWCUWNB63MXBJXKEW,USD,matched,engine,9.99,9.99,9.99,0.00
paypal_us,TXN-100553,ORD-500553,SALE,PEC14FYKVJCFQQQXP,USD,matched,engine,9.99,9.99,9.99,0.00
paypal_us,TXN-100483,ORD-500483,SALE,PHA8X3SS7RE96PSBJ,USD,matched,engine,9.99,9.99,9.99,0.00
paypal_us,TXN-101242,ORD-501242,SALE,PMUKHMD67M20PBJ69,USD,matched,engine,9.99,9.99,9.99,0.00
paypal_us,TXN-101049,ORD-501049,SALE,PVLCWLKWFP2A576N5,USD,matched,engine,9.99,9.99,9.99,0.00
paypal_us,TXN-100162,ORD-500162,SALE,QBNGV5LBMPL4D8VX1,USD,matched,engine,24.99,24.99,24.99,0.00
paypal_us,TXN-100136,ORD-500136,SALE,QCXYCEF06ZSGJBECY,USD,matched_declined,engine,0.00,0.00,0.00,0.00
paypal_us,TXN-100433,ORD-500433,SALE,QG2VH0DHJWXSWWFK0,USD,matched,engine,9.99,9.99,9.99,0.00
paypal_us,TXN-100217,ORD-500217,SALE,QHGW3WBV6KXP1RU1K,USD,matched,engine,9.99,9.99,9.99,0.00
paypal_us,TXN-101767,ORD-501767,SALE,QTTW9K12P9D6HMGXC,USD,matched,engine,9.99,9.99,9.99,0.00
paypal_us,TXN-100156,ORD-500156,SALE,QWGG3853EJGGR734V,USD,matched,engine,9.99,9.99,9.99,0.00
paypal_us,TXN-101484,ORD-501484,SALE,R65F1FZMDJGC94EBC,USD,matched_declined,engine,0.00,0.00,0.00,0.00
paypal_us,TXN-101963,ORD-501963,SALE,R79VDVMDP7454P70Z,USD,matched,engine,9.99,9.99,9.99,0.00
paypal_us,TXN-100358,ORD-500358,SALE,RES3NG32H9H6ABSDG,USD,matched,engine,9.99,9.99,9.99,0.00
paypal_us,TXN-101338,ORD-501338,SALE,RQWLGE9V77RQ0872V,USD,matched,engine,59.99,59.99,59.99,0.00
paypal_us,TXN-100746,ORD-500746,SALE,S96G3BSHSJ4NH6XM9,USD,matched_declined,engine,0.00,0.00,0.00,0.00
paypal_us,TXN-100497,ORD-500497,SALE,SN63ETXSDBSU6VYKC,USD,matched,engine,4.99,4.99,4.99,0.00
paypal_us,TXN-100485,ORD-500485,SALE,SNE40XBLCWVBGW6HU,USD,matched,engine,59.99,59.99,59.99,0.00
paypal_us,TXN-100604,ORD-500604,SALE,T8JCHPTV443ZLPSBH,USD,matched,engine,9.99,9.99,9.99,0.00
paypal_us,TXN-102001,ORD-502001,SALE,TNNURE3UPGLSUYAZQ,USD,matched,engine,24.99,24.99,24.99,0.00
paypal_us,TXN-100464,ORD-500464,SALE,TXCH3Z223A4F52NZY,USD,matched,engine,24.99,24.99,24.99,0.00
paypal_us,TXN-101749,ORD-501749,SALE,UAU795FJCAF6TDU64,USD,matched_declined,engine,0.00,0.00,0.00,0.00
paypal_us,TXN-101228,ORD-501228,SALE,US2NSUC9APFJPYP7S,USD,matched,engine,9.99,9.99,9.99,0.00
paypal_us,TXN-100779,ORD-500779,SALE,USVZBYK18AE5FWNFJ,USD,matched,engine,9.99,9.99,9.99,0.00
paypal_us,TXN-101213,ORD-501213,SALE,UTVUSXP54M3C2GVU4,USD,matched,engine,9.99,9.99,9.99,0.00
paypal_us,TXN-101179,ORD-501179,SALE,V1FB92BLV662PFU7X,USD,matched,engine,59.99,59.99,59.99,0.00
paypal_us,TXN-101452,ORD-501452,SALE,V2B61TPD4SFA3LBJG,USD,matched_declined,engine,0.00,0.00,0.00,0.00
paypal_us,TXN-101043,ORD-501043,SALE,VBGX6DEMV6NARRBWC,USD,matched,engine,24.99,24.99,24.99,0.00
paypal_us,TXN-100757,ORD-500757,SALE,VD91M3MF3DUU4EL76,USD,matched,engine,9.99,9.99,9.99,0.00
paypal_us,TXN-100797,ORD-500797,SALE,VS1CAM7Z1Y92LJ88L,USD,matched,engine,4.99,4.99,4.99,0.00
paypal_us,TXN-100938,ORD-500938,SALE,W87X5F1D6SG5H3C29,USD,matched,engine,9.99,9.99,9.99,0.00
paypal_us,TXN-100625,ORD-500625,SALE,WD28VSFU1SGUPBVN7,USD,matched,engine,24.99,24.99,24.99,0.00
paypal_us,TXN-101016,ORD-501016,SALE,WGMVV5HYC8EVMFS4Y,USD,matched,engine,4.99,4.99,4.99,0.00
paypal_us,TXN-101952,ORD-501952,SALE,WH0XJ7C9GPKYTTWEF,USD,matched,engine,24.99,24.99,24.99,0.00
paypal_us,TXN-107804,ORD-501131,REFUND,WPNTWJSWHD87S894F,USD,matched,engine,-24.99,-24.99,-24.99,0.00
paypal_us,TXN-101147,ORD-501147,SALE,WQYNDYHKSKCHLNG0D,USD,matched,engine,4.99,4.99,4.99,0.00
paypal_us,TXN-101285,ORD-501285,SALE,XAJGYDDJHCR9PGLBA,USD,matched,engine,59.99,59.99,59.99,0.00
paypal_us,TXN-100700,ORD-500700,SALE,XHKMLS5GJWZ6GCC0Z,USD,matched,engine,9.99,9.99,9.99,0.00
paypal_us,TXN-101288,ORD-501288,SALE,XL91KCE8F2X4K4Y6Y,USD,matched,engine,9.99,9.99,9.99,0.00
paypal_us,TXN-101971,ORD-501971,SALE,Y1LBQLCMW3K6DLAYG,USD,matched,engine,9.99,9.99,9.99,0.00
paypal_us,TXN-100270,ORD-500270,SALE,YK0XAPNGCF2ACG3QC,USD,matched,engine,59.99,59.99,59.99,0.00
paypal_us,TXN-101277,ORD-501277,SALE,YPHCJ7DL289E2F64X,USD,matched,engine,59.99,59.99,59.99,0.00
paypal_us,TXN-102012,ORD-502012,SALE,Z2QBWALZKSVL9U7FB,USD,matched,engine,9.99,9.99,9.99,0.00
paypal_us,TXN-100015,ORD-500015,SALE,Z652WGN6NJB9WQYY3,USD,matched,engine,4.99,4.99,4.99,0.00
paypal_us,TXN-101812,ORD-501812,SALE,ZEWY2TNX994QFXBL0,USD,matched,engine,9.99,9.99,9.99,0.00
paypal_us,TXN-102027,ORD-502027,SALE,ZMURFNLSC6NEU9EL5,USD,matched_declined,engine,0.00,0.00,0.00,0.00
paypal_us,TXN-100363,ORD-500363,SALE,042FHU6KGTXZR503N,USD,matched,engine,9.99,9.99,9.99,0.00
paypal_us,TXN-101122,ORD-501122,SALE,05DMBC1ZW01Q1NRNR,USD,matched,engine,9.99,9.99,9.99,0.00
paypal_us,TXN-101896,ORD-501896,SALE,09TJ28THQVGMBH92A,USD,matched,engine,9.99,9.99,9.99,0.00
paypal_us,TXN-100716,ORD-500716,SALE,0A9T814KP7W2M9ZZ7,USD,matched,engine,24.99,24.99,24.99,0.00
paypal_us,TXN-100084,ORD-500084,SALE,0EETXP8PVR8FRS0LW,USD,matched,engine,9.99,9.99,9.99,0.00
paypal_us,TXN-101090,ORD-501090,SALE,0R9CQE0WXGXYJBTPE,USD,matched,engine,9.99,9.99,9.99,0.00
paypal_us,TXN-101152,ORD-501152,SALE,0USR6253S4KS60WKY,USD,matched,engine,24.99,24.99,24.99,0.00
paypal_us,TXN-101908,ORD-501908,SALE,16C9EJB915FLE4MYS,USD,matched,engine,9.99,9.99,9.99,0.00
paypal_us,TXN-102045,ORD-502045,SALE,1UDQFPBXZ1UXZVZF8,USD,matched,engine,24.99,24.99,24.99,0.00
paypal_us,TXN-100887,ORD-500887,SALE,28JGEF9JQT4A88Q8A,USD,matched,engine,59.99,59.99,59.99,0.00
paypal_us,TXN-101735,ORD-501735,SALE,2Z46DS8CBGB3U4A8W,USD,matched_declined,engine,0.00,0.00,0.00,0.00
paypal_us,TXN-100161,ORD-500161,SALE,31W8J6A2T64GVWGZT,USD,matched,engine,9.99,9.99,9.99,0.00
paypal_us,TXN-101395,ORD-501395,SALE,370VZY8A0Y2RV7UV9,USD,matched,engine,24.99,24.99,24.99,0.00
paypal_us,TXN-100596,ORD-500596,SALE,39EZHAJC2ZAXGRRJQ,USD,matched,engine,24.99,24.99,24.99,0.00
paypal_us,TXN-101855,ORD-501855,SALE,3QF6V9FJYX5YCSVTZ,USD,matched,engine,9.99,9.99,9.99,0.00
paypal_us,TXN-100347,ORD-500347,SALE,3TB77LDE6VV3FYVKA,USD,matched,engine,9.99,9.99,9.99,0.00
paypal_us,TXN-101966,ORD-501966,SALE,41ZN5LRJAAGK88S3U,USD,matched_declined,engine,0.00,0.00,0.00,0.00
paypal_us,TXN-100012,ORD-500012,SALE,452U314QFMWQ3CRYG,USD,matched,engine,59.99,59.99,59.99,0.00
paypal_us,TXN-100941,ORD-500941,SALE,45KF89QW7TMRPC5NM,USD,matched,engine,9.99,9.99,9.99,0.00
paypal_us,TXN-100913,ORD-500913,SALE,4C6VVW0B56KW6NNDY,USD,matched,engine,9.99,9.99,9.99,0.00
paypal_us,TXN-100808,ORD-500808,SALE,4CEH96J95B503UFUJ,USD,matched,engine,24.99,24.99,24.99,0.00
paypal_us,TXN-101645,ORD-501645,SALE,4HPDQWWJQ2QV5CRR9,USD,matched,engine,4.99,4.99,4.99,0.00
paypal_us,TXN-100852,ORD-500852,SALE,4PKS001HP3UJ36B2B,USD,matched,engine,9.99,9.99,9.99,0.00
paypal_us,TXN-101696,ORD-501696,SALE,4YPWTD0NC1648YTNJ,USD,matched,engine,9.99,9.99,9.99,0.00
paypal_us,TXN-100897,ORD-500897,SALE,56E4WBTHNK97BWMU9,USD,matched,engine,59.99,59.99,59.99,0.00
paypal_us,TXN-101754,ORD-501754,SALE,56QYYNQW6H7WA2FGP,USD,matched,engine,59.99,59.99,59.99,0.00
paypal_us,TXN-107822,ORD-501788,REFUND,5KC58LDVWBHRFZHL4,USD,matched,engine,-9.99,-9.99,-9.99,0.00
paypal_us,TXN-100309,ORD-500309,SALE,64YX5UCF5FJ4NXT28,USD,matched,engine,9.99,9.99,9.99,0.00
paypal_us,TXN-101250,ORD-501250,SALE,6LBYQ32N31JEN6UNQ,USD,matched,engine,9.99,9.99,9.99,0.00
paypal_us,TXN-102002,ORD-502002,SALE,6LH732K29WZVHZA37,USD,matched,engine,9.99,9.99,9.99,0.00
paypal_us,TXN-101415,ORD-501415,SALE,6MXHPYQAV56ALQFGE,USD,matched,engine,59.99,59.99,59.99,0.00
paypal_us,TXN-101447,ORD-501447,SALE,7CK3HD27QNVTHE3UC,USD,matched,engine,9.99,9.99,9.99,0.00
paypal_us,TXN-100301,ORD-500301,SALE,7ED1XQ8PCPZHMRBZL,USD,matched,engine,59.99,59.99,59.99,0.00
paypal_us,TXN-101994,ORD-501994,SALE,7R97W4BS9Y5CP6TB9,USD,matched,engine,24.99,24.99,24.99,0.00
paypal_us,TXN-101137,ORD-501137,SALE,7X1VLGG4GLC82TY91,USD,matched,engine,9.99,9.99,9.99,0.00
paypal_us,TXN-100592,ORD-500592,SALE,7Z0X39KE2EWF189ZW,USD,matched,engine,9.99,9.99,9.99,0.00
paypal_us,TXN-100802,ORD-500802,SALE,807XA0GNQV1FF2TN7,USD,matched,engine,24.99,24.99,24.99,0.00
paypal_us,TXN-100578,ORD-500578,SALE,87T935TEWZ609F8TB,USD,matched,engine,9.99,9.99,9.99,0.00
paypal_us,TXN-101717,ORD-501717,SALE,8LS52B4Y846VBH2QN,USD,matched_declined,engine,0.00,0.00,0.00,0.00
paypal_us,TXN-102033,ORD-502033,SALE,8NE65VSSB3V6V2LMV,USD,matched,engine,9.99,9.99,9.99,0.00
paypal_us,TXN-101421,ORD-501421,SALE,9ADK3B7S0TV34YAY1,USD,matched,engine,59.99,59.99,59.99,0.00
paypal_us,TXN-100063,ORD-500063,SALE,9VEX5KHVK9ZHWFE2W,USD,matched,engine,59.99,59.99,59.99,0.00
paypal_us,TXN-101792,ORD-501792,SALE,9XPZFD1JJE1J27SJT,USD,matched,engine,9.99,9.99,9.99,0.00
paypal_us,TXN-100949,ORD-500949,SALE,A6PHRRGAZJFU8V7NL,USD,matched,engine,9.99,9.99,9.99,0.00
paypal_us,TXN-101728,ORD-501728,SALE,A9N8EAB2LR3S70DYY,USD,matched,engine,9.99,9.99,9.99,0.00
paypal_us,TXN-101387,ORD-501387,SALE,AKB7J59BXKNQY2E31,USD,matched_declined,engine,0.00,0.00,0.00,0.00
paypal_us,TXN-101212,ORD-501212,SALE,AKTX2A923LXC3BJY0,USD,matched,engine,9.99,9.99,9.99,0.00
paypal_us,TXN-100371,ORD-500371,SALE,AMB7F1Q4T703F7YTX,USD,matched,engine,9.99,9.99,9.99,0.00
paypal_us,TXN-100385,ORD-500385,SALE,AQPMW5MQ7UL9LBP5P,USD,matched,engine,9.99,9.99,9.99,0.00
paypal_us,TXN-100175,ORD-500175,SALE,B3Z01R80YLW68B0NG,USD,matched,engine,9.99,9.99,9.99,0.00
paypal_us,TXN-100916,ORD-500916,SALE,B60R74S4KJCD2BVHE,USD,matched,engine,9.99,9.99,9.99,0.00
paypal_us,TXN-101899,ORD-501899,SALE,BDJD0SF3XHNUP2UHE,USD,matched,engine,9.99,9.99,9.99,0.00
paypal_us,TXN-101325,ORD-501325,SALE,BZXPTYMAJ56NDEUPF,USD,matched,engine,59.99,59.99,59.99,0.00
paypal_us,TXN-101802,ORD-501802,SALE,CK7C9VYKR47735F98,USD,matched,engine,24.99,24.99,24.99,0.00
paypal_us,TXN-101635,ORD-501635,SALE,CPPXWXMHDD02Q65QN,USD,matched,engine,59.99,59.99,59.99,0.00
paypal_us,TXN-100431,ORD-500431,SALE,CU37LCMU1DUX162BQ,USD,matched,engine,24.99,24.99,24.99,0.00
paypal_us,TXN-100671,ORD-500671,SALE,DGQ4LMYHJMC7061NU,USD,matched,engine,9.99,9.99,9.99,0.00
paypal_us,TXN-101567,ORD-501567,SALE,DQY68X1KGGDP77MYS,USD,matched,engine,59.99,59.99,59.99,0.00
paypal_us,TXN-100972,ORD-500972,SALE,DU1BVAH3B38EKQSTX,USD,matched,engine,9.99,9.99,9.99,0.00
paypal_us,TXN-101050,ORD-501050,SALE,DXC99A8KZWJUBG17H,USD,matched,engine,9.99,9.99,9.99,0.00
paypal_us,TXN-100781,ORD-500781,SALE,E6BEFJHWNTTHN5FDU,USD,matched,engine,9.99,9.99,9.99,0.00
paypal_us,TXN-101854,ORD-501854,SALE,F1VR7JXSPY6TUU0H3,USD,matched,engine,9.99,9.99,9.99,0.00
paypal_us,TXN-100657,ORD-500657,SALE,F29M5LEC26BUWPH63,USD,matched,engine,9.99,9.99,9.99,0.00
paypal_us,TXN-100037,ORD-500037,SALE,FBGAX3LMWUSRV81NZ,USD,matched,engine,9.99,9.99,9.99,0.00
paypal_us,TXN-101983,ORD-501983,SALE,FF2YSVX389LTD5USE,USD,matched,engine,59.99,59.99,59.99,0.00
paypal_us,TXN-100738,ORD-500738,SALE,FG3QXRZPVR243TW4L,USD,matched,engine,4.99,4.99,4.99,0.00
paypal_us,TXN-100586,ORD-500586,SALE,GA9Y9NZY6HLY9W2CP,USD,matched,engine,9.99,9.99,9.99,0.00
paypal_us,TXN-101660,ORD-501660,SALE,GE6M3J847X43LY8YN,USD,matched,engine,9.99,9.99,9.99,0.00
paypal_us,TXN-100807,ORD-500807,SALE,GFHXK6P60U5FCXSX9,USD,matched,engine,59.99,59.99,59.99,0.00
paypal_us,TXN-101989,ORD-501989,SALE,GLYYS6ELEYC7B7H5V,USD,matched,engine,59.99,59.99,59.99,0.00
paypal_us,TXN-101255,ORD-501255,SALE,H800X5WWFUWGNK7B4,USD,matched,engine,9.99,9.99,9.99,0.00
paypal_us,TXN-100044,ORD-500044,SALE,HAM4VDRRY2BAEMWVL,USD,matched,engine,9.99,9.99,9.99,0.00
paypal_us,TXN-100127,ORD-500127,SALE,HE5A3LUUCBCAX7UWV,USD,matched,engine,9.99,9.99,9.99,0.00
paypal_us,TXN-101930,ORD-501930,SALE,HKZAM5CE8FHCTTQWG,USD,matched,engine,9.99,9.99,9.99,0.00
paypal_us,TXN-101270,ORD-501270,SALE,HMMLM281M0J1XZL17,USD,matched,engine,9.99,9.99,9.99,0.00
paypal_us,TXN-100742,ORD-500742,SALE,HNMZD8DHLAPN3TBGP,USD,matched,engine,4.99,4.99,4.99,0.00
paypal_us,TXN-100265,ORD-500265,SALE,HZR8ZJFZUWT32V1W6,USD,matched,engine,9.99,9.99,9.99,0.00
paypal_us,TXN-101871,ORD-501871,SALE,J7T2UU6BVZLZ61VWX,USD,matched,engine,9.99,9.99,9.99,0.00
paypal_us,TXN-100551,ORD-500551,SALE,JJ2PN1U3ZJ8CE2CP3,USD,matched,engine,9.99,9.99,9.99,0.00
paypal_us,TXN-100227,ORD-500227,SALE,JZE20MAEF1WE8FATF,USD,matched,engine,9.99,9.99,9.99,0.00
paypal_us,TXN-100272,ORD-500272,SALE,K34G30T9596TKJUAC,USD,matched,engine,9.99,9.99,9.99,0.00
paypal_us,TXN-101374,ORD-501374,SALE,K9NGCLZ9DZ89Q1DTM,USD,matched,engine,4.99,4.99,4.99,0.00
paypal_us,TXN-100520,ORD-500520,SALE,KEPFFF60HKFYXM2KQ,USD,matched,engine,24.99,24.99,24.99,0.00
paypal_us,TXN-101787,ORD-501787,SALE,KPAHE91TX53EX7NBW,USD,matched,engine,9.99,9.99,9.99,0.00
paypal_us,TXN-107802,ORD-501088,REFUND,L1MWGHVATCC9FDTMS,USD,matched,engine,-9.99,-9.99,-9.99,0.00
paypal_us,TXN-101804,ORD-501804,SALE,L5MW8YSLBRHEYLHUG,USD,matched_declined,engine,0.00,0.00,0.00,0.00
paypal_us,TXN-100651,ORD-500651,SALE,LEY4ZVGQCSUN84SCZ,USD,matched,engine,9.99,9.99,9.99,0.00
paypal_us,TXN-101260,ORD-501260,SALE,LNR5RUZDW70J8Y3D7,USD,matched,engine,9.99,9.99,9.99,0.00
paypal_us,TXN-101170,ORD-501170,SALE,LS8PLPPFDGJ2K3H8K,USD,matched,engine,59.99,59.99,59.99,0.00
paypal_us,TXN-101743,ORD-501743,SALE,LS92EBPRMH284EKM1,USD,matched_declined,engine,0.00,0.00,0.00,0.00
paypal_us,TXN-100919,ORD-500919,SALE,M1U0RX6ED3F4ULZ3F,USD,matched,engine,9.99,9.99,9.99,0.00
paypal_us,TXN-100019,ORD-500019,SALE,M45Q2Q4H5J547PKRH,USD,matched,engine,9.99,9.99,9.99,0.00
paypal_us,TXN-101851,ORD-501851,SALE,M88L92YRF171CXET0,USD,matched,engine,24.99,24.99,24.99,0.00
paypal_us,TXN-101769,ORD-501769,SALE,MC7GVUCLD4CF5A78T,USD,matched,engine,24.99,24.99,24.99,0.00
paypal_us,TXN-101768,ORD-501768,SALE,MDB8QRSNE2M3ZU70R,USD,matched,engine,9.99,9.99,9.99,0.00
paypal_us,TXN-100747,ORD-500747,SALE,MPBXG05Q3GZ0G72EL,USD,matched,engine,4.99,4.99,4.99,0.00
paypal_us,TXN-100644,ORD-500644,SALE,N6PH9Q041WXS6ZQAV,USD,matched,engine,9.99,9.99,9.99,0.00
paypal_us,TXN-101104,ORD-501104,SALE,N7VX4KXZDD15F2201,USD,matched_declined,engine,0.00,0.00,0.00,0.00
paypal_us,TXN-100912,ORD-500912,SALE,NC226K7AGNLJTLRNR,USD,matched,engine,9.99,9.99,9.99,0.00
paypal_us,TXN-101839,ORD-501839,SALE,NF1T7B3KM4QXR5B5Z,USD,matched,engine,9.99,9.99,9.99,0.00
paypal_us,TXN-101067,ORD-501067,SALE,NQUUYJGJ94ZKU13P7,USD,matched,engine,9.99,9.99,9.99,0.00
paypal_us,TXN-100814,ORD-500814,SALE,P14JMCLV1LN31GEJX,USD,matched,engine,9.99,9.99,9.99,0.00
paypal_us,TXN-100245,ORD-500245,SALE,P5XVY4JJV1BKE3T4T,USD,matched,engine,59.99,59.99,59.99,0.00
paypal_us,TXN-100181,ORD-500181,SALE,P8D0MUUD8MAZNU3NE,USD,matched,engine,9.99,9.99,9.99,0.00
paypal_us,TXN-100826,ORD-500826,SALE,PR7JF4XCFU94LCKZJ,USD,matched,engine,24.99,24.99,24.99,0.00
paypal_us,TXN-101918,ORD-501918,SALE,PSS640BKAYNBJC64X,USD,matched,engine,9.99,9.99,9.99,0.00
paypal_us,TXN-101434,ORD-501434,SALE,PZFJMVC6ZLJV1ELD7,USD,matched,engine,9.99,9.99,9.99,0.00
paypal_us,TXN-100437,ORD-500437,SALE,Q3ZV256Q0FFF5EZX0,USD,matched,engine,9.99,9.99,9.99,0.00
paypal_us,TXN-100517,ORD-500517,SALE,QQ592WESBHA7W0A7C,USD,matched,engine,9.99,9.99,9.99,0.00
paypal_us,TXN-101970,ORD-501970,SALE,QV4HXGYT0S3MAYPWB,USD,matched,engine,9.99,9.99,9.99,0.00
paypal_us,TXN-100567,ORD-500567,SALE,S9K3NLZNFPAGKAZX7,USD,matched,engine,9.99,9.99,9.99,0.00
paypal_us,TXN-101390,ORD-501390,SALE,SFXPQ6W4970PSCQ1Q,USD,matched,engine,24.99,24.99,24.99,0.00
paypal_us,TXN-100815,ORD-500815,SALE,SPG1HVBL69AWXGCV1,USD,matched,engine,9.99,9.99,9.99,0.00
paypal_us,TXN-101548,ORD-501548,SALE,SSXY9HLTLMVMJUX5F,USD,matched_declined,engine,0.00,0.00,0.00,0.00
paypal_us,TXN-101738,ORD-501738,SALE,TKWQMD1W2CN9W3BM5,USD,matched,engine,59.99,59.99,59.99,0.00
paypal_us,TXN-101885,ORD-501885,SALE,TWKHXNZRGKVJ16MXW,USD,matched,engine,59.99,59.99,59.99,0.00
paypal_us,TXN-101951,ORD-501951,SALE,UV0GEVYDK18W6DKCF,USD,matched,engine,24.99,24.99,24.99,0.00
paypal_us,TXN-101391,ORD-501391,SALE,UXRGYNYT94BRXPJJY,USD,matched,engine,59.99,59.99,59.99,0.00
paypal_us,TXN-101078,ORD-501078,SALE,UYNZ0ZJER8YHW3JSH,USD,matched,engine,4.99,4.99,4.99,0.00
paypal_us,TXN-101612,ORD-501612,SALE,V7DJ44GZUZD8D2JSF,USD,matched,engine,9.99,9.99,9.99,0.00
paypal_us,TXN-101894,ORD-501894,SALE,VP39KBH3UQV12DC94,USD,matched,engine,9.99,9.99,9.99,0.00
paypal_us,TXN-100008,ORD-500008,SALE,WJU6MEUJDA4DT5FVW,USD,matched,engine,9.99,9.99,9.99,0.00
paypal_us,TXN-101778,ORD-501778,SALE,WXHZG5NWTUKM10G1M,USD,matched,engine,9.99,9.99,9.99,0.00
paypal_us,TXN-100086,ORD-500086,SALE,XGENX6T8NK2RM0RJA,USD,matched_declined,engine,0.00,0.00,0.00,0.00
paypal_us,TXN-100764,ORD-500764,SALE,XRVP632MQZGRBXX1R,USD,matched,engine,9.99,9.99,9.99,0.00
paypal_us,TXN-101004,ORD-501004,SALE,XW39RXB1VXDE8T9G0,USD,matched,engine,59.99,59.99,59.99,0.00
paypal_us,TXN-101005,ORD-501005,SALE,Y3JAEPP85NM0BDHWQ,USD,matched,engine,9.99,9.99,9.99,0.00
paypal_us,TXN-101189,ORD-501189,SALE,Y9VL1SEA68887R9EF,USD,matched,engine,59.99,59.99,59.99,0.00
paypal_us,TXN-100817,ORD-500817,SALE,YCZ7HVCLCTVXHY4CA,USD,matched,engine,24.99,24.99,24.99,0.00
paypal_us,TXN-100271,ORD-500271,SALE,YK2UFRTWG4PWG98QL,USD,matched,engine,9.99,9.99,9.99,0.00
paypal_us,TXN-101063,ORD-501063,SALE,YRKC2CQTUHZJMV8RN,USD,matched,engine,9.99,9.99,9.99,0.00
paypal_us,TXN-101264,ORD-501264,SALE,YUU515AYYQAKGD78U,USD,matched,engine,9.99,9.99,9.99,0.00
paypal_us,TXN-101360,ORD-501360,SALE,YYWXM7R8SU6FM0E7T,USD,matched,engine,9.99,9.99,9.99,0.00
paypal_us,TXN-101131,ORD-501131,SALE,Z5N6XJR4LCDYCV1EC,USD,matched,engine,24.99,24.99,24.99,0.00
paypal_us,TXN-100120,ORD-500120,SALE,01MC39EN6663DH9E4,USD,matched,engine,9.99,9.99,9.99,0.00
paypal_us,TXN-101961,ORD-501961,SALE,0AJA8BYPBNSDE9CZF,USD,matched,engine,59.99,59.99,59.99,0.00
paypal_us,TXN-100059,ORD-500059,SALE,0JF5YM5PREKS44DC7,USD,matched,engine,9.99,9.99,9.99,0.00
paypal_us,TXN-100484,ORD-500484,SALE,0PHX87W34SM1DBR27,USD,matched,engine,24.99,24.99,24.99,0.00
paypal_us,TXN-100239,ORD-500239,SALE,0R544TRJ0Z6ZGQX8C,USD,matched,engine,9.99,9.99,9.99,0.00
paypal_us,TXN-100679,ORD-500679,SALE,0ZXFRK4S1LBGHGKM3,USD,matched,engine,9.99,9.99,9.99,0.00
paypal_us,TXN-101573,ORD-501573,SALE,11V9CF68WYMRJCG94,USD,matched,engine,9.99,9.99,9.99,0.00
paypal_us,TXN-101705,ORD-501705,SALE,182QVUV6BTA436CNW,USD,matched,engine,24.99,24.99,24.99,0.00
paypal_us,TXN-101240,ORD-501240,SALE,1GDRUXX4NQ7GNU5MH,USD,matched_declined,engine,0.00,0.00,0.00,0.00
paypal_us,TXN-100656,ORD-500656,SALE,1KWPYW887G1TJEZ9M,USD,matched,engine,4.99,4.99,4.99,0.00
paypal_us,TXN-101148,ORD-501148,SALE,1SCH5VDKXJ1AUWLK4,USD,matched,engine,9.99,9.99,9.99,0.00
paypal_us,TXN-101950,ORD-501950,SALE,1VG0SSKL40EBQPSJJ,USD,matched,engine,59.99,59.99,59.99,0.00
paypal_us,TXN-101906,ORD-501906,SALE,27MLZ3P9E0EKYQ5J8,USD,matched,engine,24.99,24.99,24.99,0.00
paypal_us,TXN-101554,ORD-501554,SALE,2A4L40JZ5KVVKPBQ9,USD,matched,engine,9.99,9.99,9.99,0.00
paypal_us,TXN-100182,ORD-500182,SALE,2E6LFNFTR5N9DC7AF,USD,matched,engine,24.99,24.99,24.99,0.00
paypal_us,TXN-100155,ORD-500155,SALE,2LQBSQR4LM44YULYA,USD,matched,engine,9.99,9.99,9.99,0.00
paypal_us,TXN-100167,ORD-500167,SALE,2S6Q2S9PVNMNKHMPZ,USD,matched,engine,4.99,4.99,4.99,0.00
paypal_us,TXN-101385,ORD-501385,SALE,2UE9P1FE4KNFUX9SJ,USD,matched,engine,9.99,9.99,9.99,0.00
paypal_us,TXN-101511,ORD-501511,SALE,2X9V17C0CEES9ZB8C,USD,matched,engine,59.99,59.99,59.99,0.00
paypal_us,TXN-100372,ORD-500372,SALE,31D3NYCGG5XFUB1LN,USD,matched,engine,9.99,9.99,9.99,0.00
paypal_us,TXN-101600,ORD-501600,SALE,3AQHSQJH4NK4TYA8P,USD,matched,engine,24.99,24.99,24.99,0.00
paypal_us,TXN-100291,ORD-500291,SALE,3FUWEAE2Z09J00SLU,USD,matched,engine,9.99,9.99,9.99,0.00
paypal_us,TXN-100180,ORD-500180,SALE,3K397MTVG765ZKBVU,USD,matched,engine,9.99,9.99,9.99,0.00
paypal_us,TXN-100333,ORD-500333,SALE,3KD6TY85XGNWF0RFG,USD,matched,engine,24.99,24.99,24.99,0.00
paypal_us,TXN-101806,ORD-501806,SALE,3YRA7R9RQ68R5BEDU,USD,matched,engine,24.99,24.99,24.99,0.00
paypal_us,TXN-101937,ORD-501937,SALE,40JNCYXB28KYUPRZ7,USD,matched,engine,24.99,24.99,24.99,0.00
paypal_us,TXN-100373,ORD-500373,SALE,46GYUVM45V2GT5C21,USD,matched,engine,9.99,9.99,9.99,0.00
paypal_us,TXN-101625,ORD-501625,SALE,4AUYFQRC8CD36V0QR,USD,matched,engine,9.99,9.99,9.99,0.00
paypal_us,TXN-100235,ORD-500235,SALE,4H4947CL0GSJMMZX0,USD,matched,engine,24.99,24.99,24.99,0.00
paypal_us,TXN-101668,ORD-501668,SALE,4Q13X7C4KVV3BL82J,USD,matched,engine,24.99,24.99,24.99,0.00
paypal_us,TXN-107778,ORD-500051,REFUND,4TVHBCK02U8VREFJQ,USD,matched,engine,-9.99,-9.99,-9.99,0.00
paypal_us,TXN-101211,ORD-501211,SALE,581K8ZACVNSMLQ96P,USD,matched,engine,59.99,59.99,59.99,0.00
paypal_us,TXN-100237,ORD-500237,SALE,5B2WQ0PWQ103X7QT3,USD,matched,engine,24.99,24.99,24.99,0.00
paypal_us,TXN-101922,ORD-501922,SALE,6B5S0W8347E1HGQ1M,USD,matched,engine,9.99,9.99,9.99,0.00
paypal_us,TXN-100069,ORD-500069,SALE,6CS14Y728436T325X,USD,matched,engine,9.99,9.99,9.99,0.00
paypal_us,TXN-101307,ORD-501307,SALE,6GH3WY1256N29NZ31,USD,matched,engine,4.99,4.99,4.99,0.00
paypal_us,TXN-100984,ORD-500984,SALE,73VYNSX5KR9WBFHZM,USD,matched,engine,24.99,24.99,24.99,0.00
paypal_us,TXN-101187,ORD-501187,SALE,7BJYC7JGQ6XUABAEF,USD,matched,engine,9.99,9.99,9.99,0.00
paypal_us,TXN-100811,ORD-500811,SALE,7BQ0VE8KLMUEYFJ9H,USD,matched,engine,4.99,4.99,4.99,0.00
paypal_us,TXN-100006,ORD-500006,SALE,7ZGWCR7LFC2S07WCJ,USD,matched,engine,24.99,24.99,24.99,0.00
paypal_us,TXN-100778,ORD-500778,SALE,8H652ZPLP7DM8YRU7,USD,matched,engine,9.99,9.99,9.99,0.00
paypal_us,TXN-101316,ORD-501316,SALE,8KVWD6HXY0LEBE37Z,USD,matched,engine,9.99,9.99,9.99,0.00
paypal_us,TXN-100626,ORD-500626,SALE,8SRXWFYUL6V7NJX61,USD,matched,engine,24.99,24.99,24.99,0.00
paypal_us,TXN-101102,ORD-501102,SALE,9EY5FA8UED2884CA5,USD,matched,engine,59.99,59.99,59.99,0.00
paypal_us,TXN-101613,ORD-501613,SALE,9RZ616044TJLV5THP,USD,matched,engine,24.99,24.99,24.99,0.00
paypal_us,TXN-101536,ORD-501536,SALE,A0ATZP5NRW4D37S4Y,USD,matched,engine,59.99,59.99,59.99,0.00
paypal_us,TXN-101453,ORD-501453,SALE,A48W0K46W0PT9P52R,USD,matched,engine,4.99,4.99,4.99,0.00
paypal_us,TXN-100192,ORD-500192,SALE,A8V7910BHTX0NRWK4,USD,matched,engine,9.99,9.99,9.99,0.00
paypal_us,TXN-101618,ORD-501618,SALE,AJCVG2RKWSKVATNGN,USD,matched,engine,9.99,9.99,9.99,0.00
paypal_us,TXN-100040,ORD-500040,SALE,ASHK28Y37DG7HN5GQ,USD,matched_declined,engine,0.00,0.00,0.00,0.00
paypal_us,TXN-100629,ORD-500629,SALE,AWXTA210R6XN7JS0P,USD,matched,engine,9.99,9.99,9.99,0.00
paypal_us,TXN-100589,ORD-500589,SALE,BEAX9RJ4FQ8DW3CYQ,USD,matched,engine,59.99,59.99,59.99,0.00
paypal_us,TXN-101296,ORD-501296,SALE,BFR2GY0U2ERWA1U3Q,USD,matched,engine,9.99,9.99,9.99,0.00
paypal_us,TXN-100166,ORD-500166,SALE,BKTPCBQZXMC7XVQFM,USD,matched,engine,9.99,9.99,9.99,0.00
paypal_us,TXN-101334,ORD-501334,SALE,BLSM6FX4YTM7ATCJF,USD,matched,engine,59.99,59.99,59.99,0.00
paypal_us,TXN-101967,ORD-501967,SALE,BW2QFED81HK7FU6U1,USD,matched,engine,9.99,9.99,9.99,0.00
paypal_us,TXN-101460,ORD-501460,SALE,CKHT7P68UKKRA1D2N,USD,matched_declined,engine,0.00,0.00,0.00,0.00
paypal_us,TXN-100860,ORD-500860,SALE,CKPR2PP7P4Y8GRNBT,USD,matched,engine,9.99,9.99,9.99,0.00
paypal_us,TXN-100052,ORD-500052,SALE,CV8DXV3AAZ44F7HCU,USD,matched,engine,9.99,9.99,9.99,0.00
paypal_us,TXN-101915,ORD-501915,SALE,CVQUTPGGWLCTXBUZ3,USD,matched_declined,engine,0.00,0.00,0.00,0.00
paypal_us,TXN-100390,ORD-500390,SALE,D1ZW6K93J05MLZ917,USD,matched,engine,4.99,4.99,4.99,0.00
paypal_us,TXN-101158,ORD-501158,SALE,D5MA7CGC6S0QWRZZA,USD,matched,engine,9.99,9.99,9.99,0.00
paypal_us,TXN-100257,ORD-500257,SALE,D9NM1ZF1XAELKZL6D,USD,matched,engine,24.99,24.99,24.99,0.00
paypal_us,TXN-100760,ORD-500760,SALE,DCX024V42EK7TXFCL,USD,matched,engine,9.99,9.99,9.99,0.00
paypal_us,TXN-101377,ORD-501377,SALE,DDU92YKD4LUP39E1L,USD,matched,engine,59.99,59.99,59.99,0.00
paypal_us,TXN-100754,ORD-500754,SALE,E600GY2UD2EPYNH0T,USD,matched,engine,24.99,24.99,24.99,0.00
paypal_us,TXN-101223,ORD-501223,SALE,E7E5WNSRCNLPX4FBQ,USD,matched,engine,9.99,9.99,9.99,0.00
paypal_us,TXN-100787,ORD-500787,SALE,E7LLPHEUU5RS3DK9C,USD,matched,engine,24.99,24.99,24.99,0.00
paypal_us,TXN-101441,ORD-501441,SALE,EA523XUJFRQJ6YCDM,USD,matched_declined,engine,0.00,0.00,0.00,0.00
paypal_us,TXN-101155,ORD-501155,SALE,EMH7UA93Z8AGX4QBZ,USD,matched,engine,9.99,9.99,9.99,0.00
paypal_us,TXN-101923,ORD-501923,SALE,EMSLZVVS63TGW3XUB,USD,matched,engine,24.99,24.99,24.99,0.00
paypal_us,TXN-100837,ORD-500837,SALE,EU8C9H13Q4LGTTEJC,USD,matched_declined,engine,0.00,0.00,0.00,0.00
paypal_us,TXN-101217,ORD-501217,SALE,EX68VY9DFR51JTYLH,USD,matched,engine,24.99,24.99,24.99,0.00
paypal_us,TXN-100710,ORD-500710,SALE,F5RQL9P7NVFKCM5PN,USD,matched,engine,24.99,24.99,24.99,0.00
paypal_us,TXN-100728,ORD-500728,SALE,FA28X7WUME9PHE96C,USD,matched,engine,59.99,59.99,59.99,0.00
paypal_us,TXN-101775,ORD-501775,SALE,FSTQXJ03R3N57YC1M,USD,matched,engine,24.99,24.99,24.99,0.00
paypal_us,TXN-101841,ORD-501841,SALE,FXMM9UTGVBTU4YSB4,USD,matched,engine,9.99,9.99,9.99,0.00
paypal_us,TXN-101588,ORD-501588,SALE,G1PFQY0Y9GRFET77X,USD,matched,engine,9.99,9.99,9.99,0.00
paypal_us,TXN-100334,ORD-500334,SALE,G5VD759G8VYV4RSQP,USD,matched,engine,9.99,9.99,9.99,0.00
paypal_us,TXN-101231,ORD-501231,SALE,GC1E1YBCR410CBN7Q,USD,matched,engine,9.99,9.99,9.99,0.00
paypal_us,TXN-101404,ORD-501404,SALE,GH72N9X72YJE6ZN14,USD,matched,engine,9.99,9.99,9.99,0.00
paypal_us,TXN-101724,ORD-501724,SALE,GQPYG7NX15A35TXYJ,USD,matched,engine,24.99,24.99,24.99,0.00
paypal_us,TXN-101526,ORD-501526,SALE,H56WPYSF471QB0LQP,USD,matched,engine,9.99,9.99,9.99,0.00
paypal_us,TXN-100432,ORD-500432,SALE,H5ZV9YUQ3J587SQDE,USD,matched,engine,9.99,9.99,9.99,0.00
paypal_us,TXN-100250,ORD-500250,SALE,HSKRP22LCZ39J37MV,USD,matched,engine,24.99,24.99,24.99,0.00
paypal_us,TXN-101473,ORD-501473,SALE,HUW1QSWRKJPPA5B3U,USD,matched,engine,24.99,24.99,24.99,0.00
paypal_us,TXN-101419,ORD-501419,SALE,HWGS30RTHKURFJT5V,USD,matched,engine,9.99,9.99,9.99,0.00
paypal_us,TXN-100549,ORD-500549,SALE,J6FMXCS5LWQWJTDG0,USD,matched,engine,9.99,9.99,9.99,0.00
paypal_us,TXN-101127,ORD-501127,SALE,JBTAPJK5Y7HYE99YH,USD,matched,engine,9.99,9.99,9.99,0.00
paypal_us,TXN-100630,ORD-500630,SALE,JFKXQ4NML6EEXS2S1,USD,matched,engine,9.99,9.99,9.99,0.00
paypal_us,TXN-100744,ORD-500744,SALE,JLJ50SPV7S2SETQYX,USD,matched,engine,9.99,9.99,9.99,0.00
paypal_us,TXN-101101,ORD-501101,SALE,JUXZH8N4VZS1QUSUB,USD,matched,engine,9.99,9.99,9.99,0.00
paypal_us,TXN-100682,ORD-500682,SALE,JZJ36ZRMZ7LXGVJXG,USD,matched,engine,4.99,4.99,4.99,0.00
paypal_us,TXN-100706,ORD-500706,SALE,KAU6AD4WY5J7GTC0R,USD,matched,engine,24.99,24.99,24.99,0.00
paypal_us,TXN-100141,ORD-500141,SALE,KH851G1N8M15L0RJY,USD,matched,engine,9.99,9.99,9.99,0.00
paypal_us,TXN-101347,ORD-501347,SALE,KJE3QQ5L93Q6FQE4K,USD,matched,engine,59.99,59.99,59.99,0.00
paypal_us,TXN-100675,ORD-500675,SALE,KS348YYUSF2LCLGUZ,USD,matched,engine,59.99,59.99,59.99,0.00
paypal_us,TXN-100616,ORD-500616,SALE,KTU2B71VNDSDTGWYH,USD,matched,engine,9.99,9.99,9.99,0.00
paypal_us,TXN-101335,ORD-501335,SALE,KWQ7A5GYSKWK4GYG4,USD,matched,engine,24.99,24.99,24.99,0.00
paypal_us,TXN-101582,ORD-501582,SALE,KXJXZ68WMK5FLREFH,USD,matched,engine,9.99,9.99,9.99,0.00
paypal_us,TXN-100103,ORD-500103,SALE,L4ZAEQG6GQGN98PM3,USD,matched,engine,9.99,9.99,9.99,0.00
paypal_us,TXN-100535,ORD-500535,SALE,L6B7YUJZ0TFPHLFR9,USD,matched,engine,9.99,9.99,9.99,0.00
paypal_us,TXN-100082,ORD-500082,SALE,L8QCFCZJ43X38CVDQ,USD,matched,engine,9.99,9.99,9.99,0.00
paypal_us,TXN-100767,ORD-500767,SALE,LASTRDZKMB8WR8W3Y,USD,matched,engine,9.99,9.99,9.99,0.00
paypal_us,TXN-101867,ORD-501867,SALE,LCM96ADUSE9J3PL8Q,USD,matched,engine,24.99,24.99,24.99,0.00
paypal_us,TXN-101874,ORD-501874,SALE,LH81X43EXW85WGTXZ,USD,matched_declined,engine,0.00,0.00,0.00,0.00
paypal_us,TXN-101928,ORD-501928,SALE,LK05HETFPQXLR391G,USD,matched,engine,9.99,9.99,9.99,0.00
paypal_us,TXN-101239,ORD-501239,SALE,LK86LMY0AK3GWEEPC,USD,matched,engine,9.99,9.99,9.99,0.00
paypal_us,TXN-101121,ORD-501121,SALE,LSMDG847PYBDEEXKS,USD,matched,engine,4.99,4.99,4.99,0.00
paypal_us,TXN-100800,ORD-500800,SALE,LYC8BV6T7AVTPYHRH,USD,matched,engine,4.99,4.99,4.99,0.00
paypal_us,TXN-100712,ORD-500712,SALE,M0C0J49EKZ8W6JUP7,USD,matched,engine,9.99,9.99,9.99,0.00
paypal_us,TXN-101524,ORD-501524,SALE,M4RY04V2366LX5MJD,USD,matched,engine,9.99,9.99,9.99,0.00
paypal_us,TXN-100947,ORD-500947,SALE,M507FHZBHP6LS4XMR,USD,matched,engine,59.99,59.99,59.99,0.00
paypal_us,TXN-101275,ORD-501275,SALE,M74DG88T13B5L7J87,USD,matched,engine,9.99,9.99,9.99,0.00
paypal_us,TXN-101641,ORD-501641,SALE,MLSKGKM5TLDEBQFDX,USD,matched,engine,59.99,59.99,59.99,0.00
paypal_us,TXN-100750,ORD-500750,SALE,NEG12Z2V4TZWQEJQS,USD,matched,engine,9.99,9.99,9.99,0.00
paypal_us,TXN-101052,ORD-501052,SALE,NQ32MDJL1R95H89T6,USD,matched,engine,24.99,24.99,24.99,0.00
paypal_us,TXN-101948,ORD-501948,SALE,NY6ZSZ75YS5LSYN5R,USD,matched,engine,24.99,24.99,24.99,0.00
paypal_us,TXN-100010,ORD-500010,SALE,PA2NVL8P0PYMUCN92,USD,matched,engine,9.99,9.99,9.99,0.00
paypal_us,TXN-100819,ORD-500819,SALE,Q68E2L50JKBK20PYP,USD,matched,engine,9.99,9.99,9.99,0.00
paypal_us,TXN-100230,ORD-500230,SALE,Q97U79KB1F933E023,USD,matched,engine,9.99,9.99,9.99,0.00
paypal_us,TXN-101546,ORD-501546,SALE,QDUH8BT9DPRVAWM5L,USD,matched,engine,9.99,9.99,9.99,0.00
paypal_us,TXN-100964,ORD-500964,SALE,QQP6F5JVQWWRK9LD5,USD,matched,engine,9.99,9.99,9.99,0.00
paypal_us,TXN-101677,ORD-501677,SALE,QV8QFG3KRTD7BSAR3,USD,matched,engine,59.99,59.99,59.99,0.00
paypal_us,TXN-100593,ORD-500593,SALE,R0S2ENA0EL3CYXGVE,USD,matched,engine,59.99,59.99,59.99,0.00
paypal_us,TXN-101753,ORD-501753,SALE,R8LV2WW3YDSDCZXHE,USD,matched,engine,9.99,9.99,9.99,0.00
paypal_us,TXN-100755,ORD-500755,SALE,RH5H7UNJ0DHDJ8X0R,USD,matched,engine,59.99,59.99,59.99,0.00
paypal_us,TXN-101022,ORD-501022,SALE,RSS0ZVMLXX2UAGLFU,USD,matched,engine,24.99,24.99,24.99,0.00
paypal_us,TXN-100612,ORD-500612,SALE,T282MZ27CGSFRRN57,USD,matched,engine,9.99,9.99,9.99,0.00
paypal_us,TXN-101331,ORD-501331,SALE,T2CZ2KV986S5AJHAP,USD,matched,engine,9.99,9.99,9.99,0.00
paypal_us,TXN-100722,ORD-500722,SALE,T9JZQ4UF5G13KVMHR,USD,matched,engine,4.99,4.99,4.99,0.00
paypal_us,TXN-100506,ORD-500506,SALE,UN5U80Z061FAGLWZY,USD,matched,engine,9.99,9.99,9.99,0.00
paypal_us,TXN-100473,ORD-500473,SALE,VMGQ4FHN2SVZDCYSH,USD,matched,engine,59.99,59.99,59.99,0.00
paypal_us,TXN-100785,ORD-500785,SALE,VVGCDCBDQTS161HU2,USD,matched_declined,engine,0.00,0.00,0.00,0.00
paypal_us,TXN-100623,ORD-500623,SALE,VW0S7DB3KBST7HHTJ,USD,matched,engine,24.99,24.99,24.99,0.00
paypal_us,TXN-100874,ORD-500874,SALE,VY5ZTKZM5LT8H7MPZ,USD,matched,engine,9.99,9.99,9.99,0.00
paypal_us,TXN-101808,ORD-501808,SALE,W9P5MHFM4WB5A01YZ,USD,matched_declined,engine,0.00,0.00,0.00,0.00
paypal_us,TXN-101863,ORD-501863,SALE,WDSZ0GJ7UPU9LXU42,USD,matched,engine,9.99,9.99,9.99,0.00
paypal_us,TXN-100668,ORD-500668,SALE,WQU0C150QVJJE0KLN,USD,matched_declined,engine,0.00,0.00,0.00,0.00
paypal_us,TXN-101559,ORD-501559,SALE,WV12LURNB07JU0LD8,USD,matched,engine,24.99,24.99,24.99,0.00
paypal_us,TXN-101234,ORD-501234,SALE,WZRWYQZ6ZWLRJM23B,USD,matched,engine,9.99,9.99,9.99,0.00
paypal_us,TXN-101017,ORD-501017,SALE,X01QB7CX5BN0BPN8P,USD,matched,engine,9.99,9.99,9.99,0.00
paypal_us,TXN-100513,ORD-500513,SALE,X462T8DXRWSVXAUXM,USD,matched,engine,9.99,9.99,9.99,0.00
paypal_us,TXN-101381,ORD-501381,SALE,X7NXLDCKP9LBXZ1MZ,USD,matched_declined,engine,0.00,0.00,0.00,0.00
paypal_us,TXN-107780,ORD-500176,REFUND,X8X3GEHHH8Y2EABE3,USD,matched,engine,-5.00,-5.00,-5.00,0.00
paypal_us,TXN-100864,ORD-500864,SALE,XM69SYBJHR8YLXLZS,USD,matched,engine,24.99,24.99,24.99,0.00
paypal_us,TXN-100699,ORD-500699,SALE,XQETCUPDCV642D642,USD,matched,engine,24.99,24.99,24.99,0.00
paypal_us,TXN-101443,ORD-501443,SALE,XRT7N80LBK27VQCK2,USD,matched_declined,engine,0.00,0.00,0.00,0.00
paypal_us,TXN-101351,ORD-501351,SALE,XZTXXH4DQR50DF7VU,USD,matched,engine,24.99,24.99,24.99,0.00
paypal_us,TXN-101563,ORD-501563,SALE,Y0K8695P9W7443K3B,USD,matched,engine,59.99,59.99,59.99,0.00
paypal_us,TXN-100590,ORD-500590,SALE,Y8TH9K90871L3Q7JB,USD,matched,engine,59.99,59.99,59.99,0.00
paypal_us,TXN-100663,ORD-500663,SALE,YDSFCH5REFY1DNADA,USD,matched,engine,9.99,9.99,9.99,0.00
paypal_us,TXN-101201,ORD-501201,SALE,YFUYN6Y2DRQDGGYJC,USD,matched,engine,9.99,9.99,9.99,0.00
paypal_us,TXN-101177,ORD-501177,SALE,YH4RPHZLY1GT6WR9Q,USD,matched,engine,24.99,24.99,24.99,0.00
paypal_us,TXN-101039,ORD-501039,SALE,YNKGXVGK9ESMKHG6M,USD,matched,engine,9.99,9.99,9.99,0.00
paypal_us,TXN-101356,ORD-501356,SALE,Z5869J6B8VQGK8EMF,USD,matched,engine,9.99,9.99,9.99,0.00
paypal_us,TXN-100091,ORD-500091,SALE,ZURCVPSK745NNZXL5,USD,matched,engine,9.99,9.99,9.99,0.00
paypal_us,TXN-100315,ORD-500315,SALE,02AJK8DEH662D0PRM,USD,matched,engine,9.99,9.99,9.99,0.00
paypal_us,TXN-100776,ORD-500776,SALE,03KW43XZPWFR34AS9,USD,matched,engine,9.99,9.99,9.99,0.00
paypal_us,TXN-101810,ORD-501810,SALE,0788KWGCQDCPPVECM,USD,matched,engine,9.99,9.99,9.99,0.00
paypal_us,TXN-101206,ORD-501206,SALE,0ATEQWER082LFG7CR,USD,matched,engine,9.99,9.99,9.99,0.00
paypal_us,TXN-100381,ORD-500381,SALE,0SM4GRY74771GXPKY,USD,matched,engine,24.99,24.99,24.99,0.00
paypal_us,TXN-100847,ORD-500847,SALE,0YNTAHVCY80WEYU62,USD,matched,engine,9.99,9.99,9.99,0.00
paypal_us,TXN-107960,ORD-507786,SALE,11EZAV8DU80K0J5GN,USD,status_mismatch,provider,0.00,24.99,24.99,24.99
paypal_us,TXN-101407,ORD-501407,SALE,11ULYCDWM8L31XGYP,USD,matched,engine,24.99,24.99,24.99,0.00
paypal_us,TXN-101776,ORD-501776,SALE,14UWYMWJX0BSZ9QV8,USD,matched,engine,9.99,9.99,9.99,0.00
paypal_us,TXN-101902,ORD-501902,SALE,15LSW2DYVGBF2JU8G,USD,matched,engine,9.99,9.99,9.99,0.00
paypal_us,TXN-100306,ORD-500306,SALE,1C98913G59AUYNXS8,USD,matched,engine,9.99,9.99,9.99,0.00
paypal_us,TXN-101208,ORD-501208,SALE,1GJKVPK707VA2EEC5,USD,matched,engine,9.99,9.99,9.99,0.00
paypal_us,TXN-100856,ORD-500856,SALE,1MB89YKKNXT3ALD3W,USD,matched,engine,24.99,24.99,24.99,0.00
paypal_us,TXN-100777,ORD-500777,SALE,1MVMWD4N0ZWWGCJF9,USD,matched,engine,9.99,9.99,9.99,0.00
paypal_us,TXN-100577,ORD-500577,SALE,1P4G4YE4TF3BXTNW8,USD,matched,engine,9.99,9.99,9.99,0.00
paypal_us,TXN-101883,ORD-501883,SALE,1YQNW4GMV23W8C5WW,USD,matched,engine,9.99,9.99,9.99,0.00
paypal_us,TXN-100707,ORD-500707,SALE,25A1KLPQ9SAGC9B4S,USD,matched,engine,24.99,24.99,24.99,0.00
paypal_us,TXN-100122,ORD-500122,SALE,2701SQD8YLK2GGZ28,USD,matched_declined,engine,0.00,0.00,0.00,0.00
paypal_us,TXN-100226,ORD-500226,SALE,2CEG6AURCAPSM0HS7,USD,matched,engine,59.99,59.99,59.99,0.00
paypal_us,TXN-100563,ORD-500563,SALE,2NSU3NTMYGTW8C0GH,USD,matched,engine,4.99,4.99,4.99,0.00
paypal_us,TXN-100475,ORD-500475,SALE,2XZR24VJY24WX5N4B,USD,matched,engine,4.99,4.99,4.99,0.00
paypal_us,TXN-100031,ORD-500031,SALE,2YSJ9XWYUMU62Z3QJ,USD,matched,engine,9.99,9.99,9.99,0.00
paypal_us,TXN-101141,ORD-501141,SALE,39LFU6EPAKBM3J6TY,USD,matched,engine,9.99,9.99,9.99,0.00
paypal_us,TXN-100752,ORD-500752,SALE,3CX400DLY1SNGV8VK,USD,matched,engine,24.99,24.99,24.99,0.00
paypal_us,TXN-100142,ORD-500142,SALE,3E6PVXX6SU2QZWWED,USD,matched,engine,9.99,9.99,9.99,0.00
paypal_us,TXN-101138,ORD-501138,SALE,3LZGJNS2GKESALKW3,USD,matched,engine,59.99,59.99,59.99,0.00
paypal_us,TXN-101498,ORD-501498,SALE,3X062U1WS36VL4E7D,USD,matched,engine,9.99,9.99,9.99,0.00
paypal_us,TXN-100216,ORD-500216,SALE,3XDSV5W8SM72UREJP,USD,matched,engine,9.99,9.99,9.99,0.00
paypal_us,TXN-100231,ORD-500231,SALE,3ZSEGYWWS9T97HWNK,USD,matched,engine,9.99,9.99,9.99,0.00
paypal_us,TXN-101601,ORD-501601,SALE,4PCY7VAE44G213NC5,USD,matched,engine,9.99,9.99,9.99,0.00
paypal_us,TXN-101241,ORD-501241,SALE,4S574H1HN79AAK3BD,USD,matched,engine,9.99,9.99,9.99,0.00
paypal_us,TXN-101280,ORD-501280,SALE,4SWSSCX272X47TH86,USD,matched,engine,4.99,4.99,4.99,0.00
paypal_us,TXN-101221,ORD-501221,SALE,4UBV082SWNQGKGAEM,USD,matched_declined,engine,0.00,0.00,0.00,0.00
paypal_us,TXN-101604,ORD-501604,SALE,4UT4FGTJ6XHSANB9D,USD,matched,engine,24.99,24.99,24.99,0.00
paypal_us,TXN-102035,ORD-502035,SALE,4V5XAQ75VBJ4U8G73,USD,matched,engine,59.99,59.99,59.99,0.00
paypal_us,TXN-100351,ORD-500351,SALE,50DGEN5QRXJ5CYC5C,USD,matched,engine,9.99,9.99,9.99,0.00
paypal_us,TXN-101346,ORD-501346,SALE,55HDTZTUCRYJZHRFV,USD,matched,engine,9.99,9.99,9.99,0.00
paypal_us,TXN-100400,ORD-500400,SALE,569ECS0ZPGD0G1MZD,USD,matched,engine,9.99,9.99,9.99,0.00
paypal_us,TXN-100926,ORD-500926,SALE,59PHCA8RGUXZWSMBN,USD,matched,engine,59.99,59.99,59.99,0.00
paypal_us,TXN-100164,ORD-500164,SALE,5A7M7LAMURJTW5XG0,USD,matched_declined,engine,0.00,0.00,0.00,0.00
paypal_us,TXN-101931,ORD-501931,SALE,5EXDRTYCV3EBS9QCR,USD,matched,engine,9.99,9.99,9.99,0.00
paypal_us,TXN-101215,ORD-501215,SALE,5XXDE96T0AZ8NJN1Q,USD,matched,engine,9.99,9.99,9.99,0.00
paypal_us,TXN-101051,ORD-501051,SALE,6CTQE27NTBMZ2UBNQ,USD,matched,engine,9.99,9.99,9.99,0.00
paypal_us,TXN-101553,ORD-501553,SALE,6HMJ03J81T0JBLFFA,USD,matched_declined,engine,0.00,0.00,0.00,0.00
paypal_us,TXN-100810,ORD-500810,SALE,6N5QR88EX3SM5CKEC,USD,matched,engine,9.99,9.99,9.99,0.00
paypal_us,TXN-101230,ORD-501230,SALE,6Q1TZLC4ZGGS3MGQ8,USD,matched,engine,9.99,9.99,9.99,0.00
paypal_us,TXN-100729,ORD-500729,SALE,6ZYKFJZAQHS43YFW2,USD,matched,engine,9.99,9.99,9.99,0.00
paypal_us,TXN-101976,ORD-501976,SALE,72CYX20GBZU4B2PM2,USD,matched,engine,9.99,9.99,9.99,0.00
paypal_us,TXN-100681,ORD-500681,SALE,7T0M5UV0RU822Z7N0,USD,matched,engine,9.99,9.99,9.99,0.00
paypal_us,TXN-100317,ORD-500317,SALE,8FTR3WW7JBSG5Q24X,USD,matched,engine,4.99,4.99,4.99,0.00
paypal_us,TXN-100263,ORD-500263,SALE,8MHYJ8UWCXN1JC2P4,USD,matched,engine,9.99,9.99,9.99,0.00
paypal_us,TXN-100989,ORD-500989,SALE,8VNVWMSH0LJDFKQXH,USD,matched,engine,9.99,9.99,9.99,0.00
paypal_us,TXN-101747,ORD-501747,SALE,90UBDF4TRGG9QUC2K,USD,matched,engine,24.99,24.99,24.99,0.00
paypal_us,TXN-101506,ORD-501506,SALE,91QC2BF7Z7KWACHJJ,USD,matched,engine,9.99,9.99,9.99,0.00
paypal_us,TXN-101373,ORD-501373,SALE,92FUAWXMK873MET1V,USD,matched,engine,9.99,9.99,9.99,0.00
paypal_us,TXN-101682,ORD-501682,SALE,9EHCWRZX8G22Z2577,USD,matched,engine,9.99,9.99,9.99,0.00
paypal_us,TXN-107794,ORD-500704,REFUND,9HCPV0WK1CH7FAYXN,USD,matched,engine,-9.99,-9.99,-9.99,0.00
paypal_us,TXN-100383,ORD-500383,SALE,9JZ3LC0DSUH44ME6B,USD,matched,engine,9.99,9.99,9.99,0.00
paypal_us,TXN-101758,ORD-501758,SALE,9LZEMATZY1GBV26VK,USD,matched,engine,9.99,9.99,9.99,0.00
paypal_us,TXN-101586,ORD-501586,SALE,9PFVSQBEM2383K26K,USD,matched,engine,9.99,9.99,9.99,0.00
paypal_us,TXN-101341,ORD-501341,SALE,9V3SEHEMEX1V8D3R2,USD,matched,engine,9.99,9.99,9.99,0.00
paypal_us,TXN-101298,ORD-501298,SALE,A5J4E6WMTS69TG87A,USD,matched,engine,4.99,4.99,4.99,0.00
paypal_us,TXN-100387,ORD-500387,SALE,AGQUSKSQ2GHR9BBNP,USD,matched,engine,9.99,9.99,9.99,0.00
paypal_us,TXN-101770,ORD-501770,SALE,AJEGBPRPQ1MJXNP1R,USD,matched,engine,24.99,24.99,24.99,0.00
paypal_us,TXN-100273,ORD-500273,SALE,B122H6HA2CW4VRSWA,USD,matched,engine,9.99,9.99,9.99,0.00
paypal_us,TXN-100062,ORD-500062,SALE,B2UZGV0RKRKQFHMZX,USD,matched,engine,9.99,9.99,9.99,0.00
paypal_us,TXN-101461,ORD-501461,SALE,B5F3GVGLVTYZUYVN0,USD,matched,engine,9.99,9.99,9.99,0.00
paypal_us,TXN-107790,ORD-500537,REFUND,B7ZEW01WDXC046JSX,USD,matched,engine,-5.00,-5.00,-5.00,0.00
paypal_us,TXN-100407,ORD-500407,SALE,BLPVTZ765Z337BSCA,USD,matched,engine,9.99,9.99,9.99,0.00
paypal_us,TXN-100283,ORD-500283,SALE,BPWB0ZTW42HWVGL7Z,USD,matched,engine,4.99,4.99,4.99,0.00
paypal_us,TXN-101412,ORD-501412,SALE,BS0HZSK58SD44U0PT,USD,matched,engine,24.99,24.99,24.99,0.00
paypal_us,TXN-100501,ORD-500501,SALE,C2JAU9CPG24JWV2F9,USD,matched,engine,4.99,4.99,4.99,0.00
paypal_us,TXN-100954,ORD-500954,SALE,CEXUCGPEDA2UDZ43J,USD,matched,engine,59.99,59.99,59.99,0.00
paypal_us,TXN-100753,ORD-500753,SALE,CKZ21CF6SHRWE8S9J,USD,matched,engine,24.99,24.99,24.99,0.00
paypal_us,TXN-100708,ORD-500708,SALE,DXBSNMBHAEY3HC57G,USD,matched,engine,9.99,9.99,9.99,0.00
paypal_us,TXN-100053,ORD-500053,SALE,DYU6JHU0XMAX6RBVW,USD,matched,engine,9.99,9.99,9.99,0.00
paypal_us,TXN-101942,ORD-501942,SALE,E2MGH2KE0QZRNXGVZ,USD,matched,engine,9.99,9.99,9.99,0.00
paypal_us,TXN-101263,ORD-501263,SALE,EP6QGJX1X7BCX09L8,USD,matched,engine,9.99,9.99,9.99,0.00
paypal_us,TXN-100670,ORD-500670,SALE,ER5UL1PJBT3KRXCA0,USD,matched,engine,9.99,9.99,9.99,0.00
paypal_us,TXN-100615,ORD-500615,SALE,EU5S79J4FUD8FZPK5,USD,matched,engine,59.99,59.99,59.99,0.00
paypal_us,TXN-101182,ORD-501182,SALE,EYYTUAGBLZAA14JBH,USD,matched,engine,9.99,9.99,9.99,0.00
paypal_us,TXN-100256,ORD-500256,SALE,F20B0HN5Y8N13AK0Y,USD,matched,engine,9.99,9.99,9.99,0.00
paypal_us,TXN-100552,ORD-500552,SALE,F6A37BBYW0JHYLPTF,USD,matched,engine,24.99,24.99,24.99,0.00
paypal_us,TXN-101650,ORD-501650,SALE,G2K8AWLWAFR7VK97L,USD,matched,engine,9.99,9.99,9.99,0.00
paypal_us,TXN-100709,ORD-500709,SALE,GGWF287AU57K2NNP6,USD,matched,engine,9.99,9.99,9.99,0.00
paypal_us,TXN-101789,ORD-501789,SALE,GRMFH7TE3BYLP9261,USD,matched,engine,9.99,9.99,9.99,0.00
paypal_us,TXN-101418,ORD-501418,SALE,GVK0AVRKU4ZV6GNFN,USD,matched,engine,24.99,24.99,24.99,0.00
paypal_us,TXN-101549,ORD-501549,SALE,HEJ54Y70V9P63STBE,USD,matched,engine,59.99,59.99,59.99,0.00
paypal_us,TXN-100713,ORD-500713,SALE,JX950F3U6Z2M8PKS3,USD,matched,engine,59.99,59.99,59.99,0.00
paypal_us,TXN-100171,ORD-500171,SALE,KCTR18HAN4A5WKGGF,USD,matched,engine,9.99,9.99,9.99,0.00
paypal_us,TXN-102049,ORD-502049,SALE,KKU7BWY9PECV800T2,USD,matched,engine,24.99,24.99,24.99,0.00
paypal_us,TXN-100194,ORD-500194,SALE,KPW1Z4T17BD3H5QH4,USD,matched,engine,9.99,9.99,9.99,0.00
paypal_us,TXN-100863,ORD-500863,SALE,KX3TPCKLFXKAATLWN,USD,matched,engine,9.99,9.99,9.99,0.00
paypal_us,TXN-100343,ORD-500343,SALE,LG76Y016X6AWDX38X,USD,matched,engine,9.99,9.99,9.99,0.00
paypal_us,TXN-100244,ORD-500244,SALE,LGG6L8SSH58N3E7UE,USD,matched,engine,59.99,59.99,59.99,0.00
paypal_us,TXN-101056,ORD-501056,SALE,M79JSZ32WFFDB6GST,USD,matched,engine,24.99,24.99,24.99,0.00
paypal_us,TXN-100917,ORD-500917,SALE,M8SUUC92SYEHWH5R8,USD,matched,engine,9.99,9.99,9.99,0.00
paypal_us,TXN-100996,ORD-500996,SALE,MA3Z3F6KF1R7E7RYH,USD,matched,engine,9.99,9.99,9.99,0.00
paypal_us,TXN-101919,ORD-501919,SALE,MC34CL911GTWTFCFZ,USD,matched,engine,24.99,24.99,24.99,0.00
paypal_us,TXN-100530,ORD-500530,SALE,MGQDYASYXAMBM3NG7,USD,matched,engine,4.99,4.99,4.99,0.00
paypal_us,TXN-100818,ORD-500818,SALE,MS72VATEY5VV3BX9P,USD,matched,engine,24.99,24.99,24.99,0.00
paypal_us,TXN-101454,ORD-501454,SALE,MU9RU3BP5NRGDZ6CP,USD,matched,engine,9.99,9.99,9.99,0.00
paypal_us,TXN-101624,ORD-501624,SALE,MWQ52D5TYZ3CC04WV,USD,matched_declined,engine,0.00,0.00,0.00,0.00
paypal_us,TXN-101366,ORD-501366,SALE,MYNR9QVEJPCVCMD37,USD,matched,engine,9.99,9.99,9.99,0.00
paypal_us,TXN-101860,ORD-501860,SALE,N3CXFLXUKVN3USYQP,USD,matched,engine,9.99,9.99,9.99,0.00
paypal_us,TXN-100607,ORD-500607,SALE,NE92CZKPRHJB3AJUP,USD,matched,engine,24.99,24.99,24.99,0.00
paypal_us,TXN-100436,ORD-500436,SALE,NL2T3K1996U153DN8,USD,matched,engine,9.99,9.99,9.99,0.00
paypal_us,TXN-101916,ORD-501916,SALE,P5759DTKL1AX46S1T,USD,matched,engine,9.99,9.99,9.99,0.00
paypal_us,TXN-101984,ORD-501984,SALE,P9RKJVRRV9JW0A3PS,USD,matched,engine,9.99,9.99,9.99,0.00
paypal_us,TXN-101257,ORD-501257,SALE,PKRDLGDG047KBCZQC,USD,matched,engine,59.99,59.99,59.99,0.00
paypal_us,TXN-100676,ORD-500676,SALE,PXU6YZUX9KV9KLNF7,USD,matched,engine,4.99,4.99,4.99,0.00
paypal_us,TXN-100329,ORD-500329,SALE,Q1KDFB6BHV0QQFSZ1,USD,matched,engine,59.99,59.99,59.99,0.00
paypal_us,TXN-100672,ORD-500672,SALE,Q4D3ATKYRA43FB8UY,USD,matched,engine,9.99,9.99,9.99,0.00
paypal_us,TXN-100106,ORD-500106,SALE,Q68FBBWBV0SZ86LQ5,USD,matched,engine,9.99,9.99,9.99,0.00
paypal_us,TXN-100585,ORD-500585,SALE,Q8XTL99GS7W2BRDK6,USD,matched,engine,24.99,24.99,24.99,0.00
paypal_us,TXN-100790,ORD-500790,SALE,Q9LRD2REEF7MFAMY9,USD,matched,engine,9.99,9.99,9.99,0.00
paypal_us,TXN-101069,ORD-501069,SALE,QSR79NC66DZKTQTJE,USD,matched,engine,59.99,59.99,59.99,0.00
paypal_us,TXN-101880,ORD-501880,SALE,QUK26DZPKN98C01ZE,USD,matched_declined,engine,0.00,0.00,0.00,0.00
paypal_us,TXN-100077,ORD-500077,SALE,R6HEPN6DQH1HGHXY8,USD,matched,engine,9.99,9.99,9.99,0.00
paypal_us,TXN-100201,ORD-500201,SALE,R8ZBSVVM5Y90JN48M,USD,matched,engine,9.99,9.99,9.99,0.00
paypal_us,TXN-101376,ORD-501376,SALE,RKCMP8N2Q8EJDYFSZ,USD,matched,engine,4.99,4.99,4.99,0.00
paypal_us,TXN-100065,ORD-500065,SALE,RKFTN0RMCYXJ6WMSC,USD,matched,engine,9.99,9.99,9.99,0.00
paypal_us,TXN-100851,ORD-500851,SALE,RYHTGZ53VGH1H3Z3V,USD,matched,engine,9.99,9.99,9.99,0.00
paypal_us,TXN-101531,ORD-501531,SALE,S6CULYZRF2KX9L6G9,USD,matched,engine,59.99,59.99,59.99,0.00
paypal_us,TXN-102025,ORD-502025,SALE,S70Q1HU054Y6M9456,USD,matched,engine,9.99,9.99,9.99,0.00
paypal_us,TXN-101924,ORD-501924,SALE,SK72PVXB4TXA3443H,USD,matched,engine,9.99,9.99,9.99,0.00
paypal_us,TXN-101146,ORD-501146,SALE,SL9GAGGV4AKJJE046,USD,matched,engine,24.99,24.99,24.99,0.00
paypal_us,TXN-101823,ORD-501823,SALE,T4B6MP9XCDBNVVR1U,USD,matched,engine,4.99,4.99,4.99,0.00
paypal_us,TXN-101382,ORD-501382,SALE,T88Q51EQVAMJ7NDND,USD,matched,engine,24.99,24.99,24.99,0.00
paypal_us,TXN-101469,ORD-501469,SALE,UFM9FTHR7HRM6KRE7,USD,matched,engine,59.99,59.99,59.99,0.00
paypal_us,TXN-100030,ORD-500030,SALE,UL6Q44UKSHJ4LZENJ,USD,matched,engine,24.99,24.99,24.99,0.00
paypal_us,TXN-101891,ORD-501891,SALE,VD4X9XKXJ97QA39TT,USD,matched,engine,24.99,24.99,24.99,0.00
paypal_us,TXN-100896,ORD-500896,SALE,VEPPSEJ671AW50ASG,USD,matched,engine,9.99,9.99,9.99,0.00
paypal_us,TXN-102022,ORD-502022,SALE,VMDUM7EUQ08Y1HP55,USD,matched,engine,9.99,9.99,9.99,0.00
paypal_us,TXN-101898,ORD-501898,SALE,W38SKCKPXV19ZRSBJ,USD,matched,engine,9.99,9.99,9.99,0.00
paypal_us,TXN-100238,ORD-500238,SALE,W6AKDJF5GX48HH4Q7,USD,matched,engine,9.99,9.99,9.99,0.00
paypal_us,TXN-101515,ORD-501515,SALE,WDUTUJALTP9KPTGLC,USD,matched,engine,24.99,24.99,24.99,0.00
paypal_us,TXN-101485,ORD-501485,SALE,WM77ZCEY77EAHMVDY,USD,matched_declined,engine,0.00,0.00,0.00,0.00
paypal_us,TXN-100380,ORD-500380,SALE,XBM25M8RMPZ5DFHQK,USD,matched,engine,4.99,4.99,4.99,0.00
paypal_us,TXN-107820,ORD-501620,REFUND,XDZMZFYNL8Q6Q8G3H,USD,matched,engine,-12.50,-12.50,-12.50,0.00
paypal_us,TXN-101798,ORD-501798,SALE,XGF5DHEZA37JKZM55,USD,matched,engine,4.99,4.99,4.99,0.00
paypal_us,TXN-101973,ORD-501973,SALE,XYNDEETDHM222TRAG,USD,matched_declined,engine,0.00,0.00,0.00,0.00
paypal_us,TXN-101111,ORD-501111,SALE,Y6WGRJX7UN60VZ3SP,USD,matched,engine,4.99,4.99,4.99,0.00
paypal_us,TXN-100026,ORD-500026,SALE,Y7DJ9DTV5970ZZAAP,USD,matched_declined,engine,0.00,0.00,0.00,0.00
paypal_us,TXN-100296,ORD-500296,SALE,Y9B0EELS7HCNXV4X5,USD,matched,engine,59.99,59.99,59.99,0.00
paypal_us,TXN-102030,ORD-502030,SALE,Y9P23D2Z8LVEY1HTW,USD,matched,engine,9.99,9.99,9.99,0.00
paypal_us,TXN-101249,ORD-501249,SALE,YM66U594B2K7VTQUD,USD,matched,engine,9.99,9.99,9.99,0.00
paypal_us,TXN-100523,ORD-500523,SALE,YPFTYYK526C1RFK49,USD,matched,engine,9.99,9.99,9.99,0.00
paypal_us,TXN-101411,ORD-501411,SALE,Z1ZKYNGH0WUHA5DB9,USD,matched,engine,9.99,9.99,9.99,0.00
paypal_us,TXN-100519,ORD-500519,SALE,ZW9XKU6P0PZD7MYCM,USD,matched,engine,9.99,9.99,9.99,0.00
paypal_us,TXN-100737,ORD-500737,SALE,09SFGAHY25HP867MR,USD,matched,engine,9.99,9.99,9.99,0.00
paypal_us,TXN-100174,ORD-500174,SALE,0AVJN0YHCX5N5FN1F,USD,matched,engine,59.99,59.99,59.99,0.00
paypal_us,TXN-101340,ORD-501340,SALE,0DTTL50WKY483MQ6J,USD,matched,engine,9.99,9.99,9.99,0.00
paypal_us,TXN-102008,ORD-502008,SALE,0L6CH55L2P32D9WGK,USD,matched,engine,9.99,9.99,9.99,0.00
paypal_us,TXN-101685,ORD-501685,SALE,0LTDCPARM71CV6ATZ,USD,matched,engine,24.99,24.99,24.99,0.00
paypal_us,TXN-101862,ORD-501862,SALE,11FUJJJTSJZ1G6N2F,USD,matched,engine,9.99,9.99,9.99,0.00
paypal_us,TXN-101975,ORD-501975,SALE,15J0BRMPJCDA2SL8B,USD,matched,engine,9.99,9.99,9.99,0.00
paypal_us,TXN-101547,ORD-501547,SALE,1F9MB7Z2Z3FT9HC9X,USD,matched,engine,9.99,9.99,9.99,0.00
paypal_us,TXN-100828,ORD-500828,SALE,1NXE65EL6HBTVE0KR,USD,matched,engine,9.99,9.99,9.99,0.00
paypal_us,TXN-100297,ORD-500297,SALE,1Q0D1SUW84LS5138L,USD,matched,engine,9.99,9.99,9.99,0.00
paypal_us,TXN-100289,ORD-500289,SALE,1SUNRAUZFB6GTEWQQ,USD,matched,engine,9.99,9.99,9.99,0.00
paypal_us,TXN-101569,ORD-501569,SALE,1XG3NXWAJ527KNZ6B,USD,matched,engine,9.99,9.99,9.99,0.00
paypal_us,TXN-100981,ORD-500981,SALE,2FMG79L1W4287JPX2,USD,matched,engine,24.99,24.99,24.99,0.00
paypal_us,TXN-101944,ORD-501944,SALE,2W98CVC76J0VVVZHT,USD,matched,engine,59.99,59.99,59.99,0.00
paypal_us,TXN-100759,ORD-500759,SALE,354WWG7W30L2UR4RM,USD,matched,engine,9.99,9.99,9.99,0.00
paypal_us,TXN-102016,ORD-502016,SALE,3GEU2Q41MMARH1P71,USD,matched,engine,24.99,24.99,24.99,0.00
paypal_us,TXN-101774,ORD-501774,SALE,3QX4HMKXTLNP2VBCN,USD,matched,engine,4.99,4.99,4.99,0.00
paypal_us,TXN-101442,ORD-501442,SALE,4MQM5CQZFJ8HV49AU,USD,matched,engine,9.99,9.99,9.99,0.00
paypal_us,TXN-101844,ORD-501844,SALE,4N0VDN17G0FD3NESK,USD,matched,engine,24.99,24.99,24.99,0.00
paypal_us,TXN-101920,ORD-501920,SALE,4VJWZNH8J3TGC2AQS,USD,matched,engine,9.99,9.99,9.99,0.00
paypal_us,TXN-100715,ORD-500715,SALE,4Z2PDASMD5RGPVF05,USD,matched,engine,9.99,9.99,9.99,0.00
paypal_us,TXN-100382,ORD-500382,SALE,5MHR8D7H56NEP5AB0,USD,matched,engine,9.99,9.99,9.99,0.00
paypal_us,TXN-100872,ORD-500872,SALE,613SSFA1G8Z3V1H14,USD,matched,engine,4.99,4.99,4.99,0.00
paypal_us,TXN-101999,ORD-501999,SALE,65X4UZMQ271QQPBVS,USD,matched_declined,engine,0.00,0.00,0.00,0.00
paypal_us,TXN-100359,ORD-500359,SALE,6834RULV7DLHF4P93,USD,matched,engine,4.99,4.99,4.99,0.00
paypal_us,TXN-100547,ORD-500547,SALE,6VS945QXGCEGLY8LX,USD,matched,engine,9.99,9.99,9.99,0.00
paypal_us,TXN-100319,ORD-500319,SALE,6VX0ZMSY7J7LW861V,USD,matched,engine,4.99,4.99,4.99,0.00
paypal_us,TXN-100415,ORD-500415,SALE,76EBX3X4UDVYPRN46,USD,matched,engine,24.99,24.99,24.99,0.00
paypal_us,TXN-100465,ORD-500465,SALE,7BX9NG2EB4VCNQZW1,USD,matched,engine,9.99,9.99,9.99,0.00
paypal_us,TXN-100303,ORD-500303,SALE,7GMBKCMYVVWXD6PG2,USD,matched,engine,9.99,9.99,9.99,0.00
paypal_us,TXN-100441,ORD-500441,SALE,7XDX5UAYNTEQWTG8G,USD,matched,engine,9.99,9.99,9.99,0.00
paypal_us,TXN-100741,ORD-500741,SALE,85CKU7745LA0DWUEV,USD,matched,engine,9.99,9.99,9.99,0.00
paypal_us,TXN-101521,ORD-501521,SALE,87ELLRHDC8VMR6RFL,USD,matched,engine,9.99,9.99,9.99,0.00
paypal_us,TXN-107798,ORD-500866,REFUND,8VG14CP26KCDE7R3H,USD,matched,engine,-9.99,-9.99,-9.99,0.00
paypal_us,TXN-101572,ORD-501572,SALE,8XC6VT628SD5H9EBB,USD,matched,engine,24.99,24.99,24.99,0.00
paypal_us,TXN-101276,ORD-501276,SALE,92T4PBYQWP36S3FWP,USD,matched,engine,59.99,59.99,59.99,0.00
paypal_us,TXN-101401,ORD-501401,SALE,93E0YC0H5R30EPQLT,USD,matched,engine,9.99,9.99,9.99,0.00
paypal_us,TXN-100348,ORD-500348,SALE,9SD6T0D19D936Y7DQ,USD,matched,engine,9.99,9.99,9.99,0.00
paypal_us,TXN-101467,ORD-501467,SALE,AKM01HHQFKWDBYKPH,USD,matched_declined,engine,0.00,0.00,0.00,0.00
paypal_us,TXN-100130,ORD-500130,SALE,AVSRRCN6JVXXTU67P,USD,matched,engine,24.99,24.99,24.99,0.00
paypal_us,TXN-100207,ORD-500207,SALE,BJH69KMNE81QDKR0W,USD,matched,engine,24.99,24.99,24.99,0.00
paypal_us,TXN-100336,ORD-500336,SALE,BL3NEMXSMJVWDQ0UJ,USD,matched,engine,24.99,24.99,24.99,0.00
paypal_us,TXN-100038,ORD-500038,SALE,BLKNXT0WQ69THAGA5,USD,matched,engine,4.99,4.99,4.99,0.00
paypal_us,TXN-101992,ORD-501992,SALE,BML85UQV82ELSH53H,USD,matched,engine,9.99,9.99,9.99,0.00
paypal_us,TXN-100021,ORD-500021,SALE,BNYB4H4LQLGG6GDQP,USD,matched_declined,engine,0.00,0.00,0.00,0.00
paypal_us,TXN-100898,ORD-500898,SALE,C6D5V3L7HNZD9TXLP,USD,matched_declined,engine,0.00,0.00,0.00,0.00
paypal_us,TXN-100666,ORD-500666,SALE,CC9589YP65123247L,USD,matched,engine,9.99,9.99,9.99,0.00
paypal_us,TXN-100490,ORD-500490,SALE,CK0J59TLWU5N9JG92,USD,matched,engine,9.99,9.99,9.99,0.00
paypal_us,TXN-101361,ORD-501361,SALE,D3LWXM2CF6UA2UH0D,USD,matched,engine,9.99,9.99,9.99,0.00
paypal_us,TXN-100368,ORD-500368,SALE,E9N63DTNSL1N6EHUK,USD,matched,engine,9.99,9.99,9.99,0.00
paypal_us,TXN-100332,ORD-500332,SALE,EEDLMDLB8L6HQ0L4Q,USD,matched,engine,59.99,59.99,59.99,0.00
paypal_us,TXN-101437,ORD-501437,SALE,EFKRL1EWFNY22UT8R,USD,matched,engine,9.99,9.99,9.99,0.00
paypal_us,TXN-101175,ORD-501175,SALE,ENBRCTKFW60HEXMZ7,USD,matched,engine,24.99,24.99,24.99,0.00
paypal_us,TXN-100247,ORD-500247,SALE,ENMSKHT20JXUU91AE,USD,matched,engine,24.99,24.99,24.99,0.00
paypal_us,TXN-100829,ORD-500829,SALE,F0MF9H6DZ5ARWTTS8,USD,matched,engine,4.99,4.99,4.99,0.00
paypal_us,TXN-101402,ORD-501402,SALE,F530GH5Q2EJ4YAZFC,USD,matched,engine,9.99,9.99,9.99,0.00
paypal_us,TXN-100816,ORD-500816,SALE,FV350HL85KDEZVW5E,USD,matched,engine,24.99,24.99,24.99,0.00
paypal_us,TXN-101544,ORD-501544,SALE,G0MM3BAR48A3TCMU7,USD,matched,engine,59.99,59.99,59.99,0.00
paypal_us,TXN-100364,ORD-500364,SALE,G6NUHTW1NTEHX2C3W,USD,matched,engine,9.99,9.99,9.99,0.00
paypal_us,TXN-101060,ORD-501060,SALE,G7XCX9TUFBSW2QASG,USD,matched_declined,engine,0.00,0.00,0.00,0.00
paypal_us,TXN-100241,ORD-500241,SALE,GHVHF8SQMXL83Q3V2,USD,matched,engine,9.99,9.99,9.99,0.00
paypal_us,TXN-100274,ORD-500274,SALE,GJ72M1WTZPPRM2F1Z,USD,matched,engine,24.99,24.99,24.99,0.00
paypal_us,TXN-100034,ORD-500034,SALE,HC4ZXN7YSAVTQ2276,USD,matched,engine,4.99,4.99,4.99,0.00
paypal_us,TXN-100891,ORD-500891,SALE,HD947EK6255PXYBCW,USD,matched,engine,9.99,9.99,9.99,0.00
paypal_us,TXN-100054,ORD-500054,SALE,J9C1QQ1ZC7ZGW46Z3,USD,matched,engine,59.99,59.99,59.99,0.00
paypal_us,TXN-101463,ORD-501463,SALE,JAKKHKCWZYDL1RKC8,USD,matched,engine,24.99,24.99,24.99,0.00
paypal_us,TXN-100408,ORD-500408,SALE,JUKKB1JT31YKYGXLR,USD,matched,engine,9.99,9.99,9.99,0.00
paypal_us,TXN-101383,ORD-501383,SALE,K1W8LELH8YGA2C4EK,USD,matched,engine,59.99,59.99,59.99,0.00
paypal_us,TXN-101740,ORD-501740,SALE,K49BKVTGD7EYBE010,USD,matched,engine,4.99,4.99,4.99,0.00
paypal_us,TXN-100674,ORD-500674,SALE,KHSVERQZUA04WD2A7,USD,matched,engine,9.99,9.99,9.99,0.00
paypal_us,TXN-100075,ORD-500075,SALE,KKHQ2SGQ61USCRZ7B,USD,matched,engine,9.99,9.99,9.99,0.00
paypal_us,TXN-100076,ORD-500076,SALE,KY1X122L79Q4AV354,USD,matched,engine,4.99,4.99,4.99,0.00
paypal_us,TXN-101579,ORD-501579,SALE,L21NXY65S5UE4JUCH,USD,matched,engine,9.99,9.99,9.99,0.00
paypal_us,TXN-100280,ORD-500280,SALE,L4KA07QF2HF0GN4FQ,USD,matched,engine,24.99,24.99,24.99,0.00
paypal_us,TXN-100422,ORD-500422,SALE,L5CSXUT7E14DXDTG3,USD,matched,engine,4.99,4.99,4.99,0.00
paypal_us,TXN-101365,ORD-501365,SALE,L9B3F5WJQDCFF2CLU,USD,matched,engine,9.99,9.99,9.99,0.00
paypal_us,TXN-100565,ORD-500565,SALE,LJ28QV8QW4Z1EPWQ5,USD,matched,engine,4.99,4.99,4.99,0.00
paypal_us,TXN-101631,ORD-501631,SALE,LK3V4B3BEQBT23T56,USD,matched_declined,engine,0.00,0.00,0.00,0.00
paypal_us,TXN-100619,ORD-500619,SALE,LQQFMDFPG15E263GC,USD,matched,engine,9.99,9.99,9.99,0.00
paypal_us,TXN-101312,ORD-501312,SALE,LTGACUGK77ZM6KUCU,USD,matched,engine,9.99,9.99,9.99,0.00
paypal_us,TXN-101665,ORD-501665,SALE,M3Y81JLBNCH3Q9Z61,USD,matched,engine,9.99,9.99,9.99,0.00
paypal_us,TXN-101514,ORD-501514,SALE,MB5EZ1BNTCX8JTJ05,USD,matched_declined,engine,0.00,0.00,0.00,0.00
paypal_us,TXN-101866,ORD-501866,SALE,MEUCDSM5ST230JYMF,USD,matched,engine,9.99,9.99,9.99,0.00
paypal_us,TXN-100439,ORD-500439,SALE,MLJQ9EZ84S7YB3NF0,USD,matched,engine,9.99,9.99,9.99,0.00
paypal_us,TXN-100129,ORD-500129,SALE,MRAW9PLWVWW2ZKVYD,USD,matched,engine,9.99,9.99,9.99,0.00
paypal_us,TXN-100353,ORD-500353,SALE,MVU6UEE7UR630VGYG,USD,matched,engine,9.99,9.99,9.99,0.00
paypal_us,TXN-101026,ORD-501026,SALE,N66JUYQK15AAV3VRB,USD,matched,engine,9.99,9.99,9.99,0.00
paypal_us,TXN-101237,ORD-501237,SALE,NJ67TCKRGF6SQ32CT,USD,matched,engine,59.99,59.99,59.99,0.00
paypal_us,TXN-101510,ORD-501510,SALE,NYRXFV0C0T8GZLT7C,USD,matched,engine,24.99,24.99,24.99,0.00
paypal_us,TXN-100876,ORD-500876,SALE,P0TEFX9NABFV6GK9K,USD,matched,engine,9.99,9.99,9.99,0.00
paypal_us,TXN-101578,ORD-501578,SALE,P3H9AHKPHQRK8J3MF,USD,matched,engine,9.99,9.99,9.99,0.00
paypal_us,TXN-100017,ORD-500017,SALE,P9ZBD3PCHTW0XBJTU,USD,matched,engine,9.99,9.99,9.99,0.00
paypal_us,TXN-100493,ORD-500493,SALE,PDLHKLQCCY74NNF0D,USD,matched_declined,engine,0.00,0.00,0.00,0.00
paypal_us,TXN-101623,ORD-501623,SALE,PEXQDQSY0NE9N15BB,USD,matched,engine,9.99,9.99,9.99,0.00
paypal_us,TXN-101741,ORD-501741,SALE,PG53VZ4F421DD2WQ6,USD,matched,engine,9.99,9.99,9.99,0.00
paypal_us,TXN-101711,ORD-501711,SALE,PUSEEKNR0PESR9JUF,USD,matched,engine,4.99,4.99,4.99,0.00
paypal_us,TXN-100391,ORD-500391,SALE,QD1NK943MGB1Y4NSU,USD,matched,engine,9.99,9.99,9.99,0.00
paypal_us,TXN-101287,ORD-501287,SALE,QXJ2Z4F2KNENDFAEQ,USD,matched,engine,9.99,9.99,9.99,0.00
paypal_us,TXN-100583,ORD-500583,SALE,QZR1ET3QMW6JLLY34,USD,matched,engine,9.99,9.99,9.99,0.00
paypal_us,TXN-101653,ORD-501653,SALE,R1QD3A3QD5ER9FDXS,USD,matched,engine,24.99,24.99,24.99,0.00
paypal_us,TXN-101674,ORD-501674,SALE,R24GBRDZERMNEFEN3,USD,matched_declined,engine,0.00,0.00,0.00,0.00
paypal_us,TXN-101054,ORD-501054,SALE,RDPF89PP266GQEL1C,USD,matched,engine,59.99,59.99,59.99,0.00
paypal_us,TXN-100443,ORD-500443,SALE,RHUE6VS08QV58ULWZ,USD,matched,engine,59.99,59.99,59.99,0.00
paypal_us,TXN-101273,ORD-501273,SALE,RPJHWUCELCEXNDV1R,USD,matched,engine,9.99,9.99,9.99,0.00
paypal_us,TXN-100209,ORD-500209,SALE,RTCK0ECBF1HDTC5GH,USD,matched_declined,engine,0.00,0.00,0.00,0.00
paypal_us,TXN-100352,ORD-500352,SALE,S2D2FF7MMMFDD9GHL,USD,matched,engine,9.99,9.99,9.99,0.00
paypal_us,TXN-100890,ORD-500890,SALE,S2XTNT6P4L24BVKXL,USD,matched,engine,24.99,24.99,24.99,0.00
paypal_us,TXN-100692,ORD-500692,SALE,S356B5P08M2MHJPK2,USD,matched,engine,4.99,4.99,4.99,0.00
paypal_us,TXN-100003,ORD-500003,SALE,SCH3SWS9VR536PMRF,USD,matched,engine,59.99,59.99,59.99,0.00
paypal_us,TXN-107827,ORD-501875,REFUND,SETQP4LX6AX9VNCCC,USD,matched,engine,-24.99,-24.99,-24.99,0.00
paypal_us,TXN-100862,ORD-500862,SALE,SFE7D0YMX74QBH3DX,USD,matched,engine,24.99,24.99,24.99,0.00
paypal_us,TXN-101760,ORD-501760,SALE,SGNFH3F6F28J6YH4E,USD,matched,engine,9.99,9.99,9.99,0.00
paypal_us,TXN-101959,ORD-501959,SALE,SN0QJR793ESDZZWKP,USD,matched,engine,9.99,9.99,9.99,0.00
paypal_us,TXN-100173,ORD-500173,SALE,SUGLZ686GA85DED2Y,USD,matched,engine,59.99,59.99,59.99,0.00
paypal_us,TXN-100550,ORD-500550,SALE,T0TN41N39JN6LLY1J,USD,matched,engine,9.99,9.99,9.99,0.00
paypal_us,TXN-101449,ORD-501449,SALE,T4TJUW9RQDBZZAWJ5,USD,matched,engine,24.99,24.99,24.99,0.00
paypal_us,TXN-100602,ORD-500602,SALE,T641KFXJRK23E33SS,USD,matched,engine,59.99,59.99,59.99,0.00
paypal_us,TXN-101165,ORD-501165,SALE,TJ208BF86ZQ5F84FM,USD,matched,engine,9.99,9.99,9.99,0.00
paypal_us,TXN-100468,ORD-500468,SALE,TV7USC6Y9AJLK2E4P,USD,matched,engine,9.99,9.99,9.99,0.00
paypal_us,TXN-100118,ORD-500118,SALE,U177YX89EDAVRKTSN,USD,matched,engine,24.99,24.99,24.99,0.00
paypal_us,TXN-101345,ORD-501345,SALE,U75HUGYDDZWYR6NAV,USD,matched_declined,engine,0.00,0.00,0.00,0.00
paypal_us,TXN-101218,ORD-501218,SALE,U8B9978P8HYN5X5F0,USD,matched,engine,59.99,59.99,59.99,0.00
paypal_us,TXN-101105,ORD-501105,SALE,UH2UT76WBYVNBE36W,USD,matched,engine,9.99,9.99,9.99,0.00
paypal_us,TXN-100963,ORD-500963,SALE,ULDQRB7809TCMRW56,USD,matched,engine,4.99,4.99,4.99,0.00
paypal_us,TXN-101315,ORD-501315,SALE,UR6RNGEPT304TTSTF,USD,matched,engine,24.99,24.99,24.99,0.00
paypal_us,TXN-100560,ORD-500560,SALE,UVT63HHJ9FB7E54W7,USD,matched,engine,9.99,9.99,9.99,0.00
paypal_us,TXN-100236,ORD-500236,SALE,UX8MBJBRXB0N1KLC4,USD,matched,engine,9.99,9.99,9.99,0.00
paypal_us,TXN-101786,ORD-501786,SALE,UXFV5DBHZA1KW1JGP,USD,matched,engine,9.99,9.99,9.99,0.00
paypal_us,TXN-100477,ORD-500477,SALE,VC5WJVHNX1JRAMMD0,USD,matched,engine,9.99,9.99,9.99,0.00
paypal_us,TXN-100978,ORD-500978,SALE,VS9W55L2HFSE2Y362,USD,matched,engine,9.99,9.99,9.99,0.00
paypal_us,TXN-101268,ORD-501268,SALE,VTLJWJNZVAR5J2XMC,USD,matched,engine,9.99,9.99,9.99,0.00
paypal_us,TXN-100942,ORD-500942,SALE,VUE47XLF8YJEFMTUN,USD,matched,engine,59.99,59.99,59.99,0.00
paypal_us,TXN-101053,ORD-501053,SALE,VW20PE29U0X8S1VX7,USD,matched,engine,59.99,59.99,59.99,0.00
paypal_us,TXN-101136,ORD-501136,SALE,W12FAHPAYPB9SWNLT,USD,matched,engine,59.99,59.99,59.99,0.00
paypal_us,TXN-100496,ORD-500496,SALE,W1JSM48MV8RJ2M6BU,USD,matched_declined,engine,0.00,0.00,0.00,0.00
paypal_us,TXN-101173,ORD-501173,SALE,W3YYJAJABTMYA8WVL,USD,matched,engine,24.99,24.99,24.99,0.00
paypal_us,TXN-101495,ORD-501495,SALE,X4Y5FT0PMKRS6LLPW,USD,matched,engine,9.99,9.99,9.99,0.00
paypal_us,TXN-101843,ORD-501843,SALE,XW127WUX9XANBLYNJ,USD,matched,engine,24.99,24.99,24.99,0.00
paypal_us,TXN-101470,ORD-501470,SALE,YQBYKRC5R8VJTNPVQ,USD,matched,engine,9.99,9.99,9.99,0.00
paypal_us,TXN-101486,ORD-501486,SALE,YSJ6PQDVEH5Q1ZJHL,USD,matched,engine,24.99,24.99,24.99,0.00
paypal_us,TXN-101103,ORD-501103,SALE,Z0LSRHF1PP2W5TWZS,USD,matched,engine,4.99,4.99,4.99,0.00
paypal_us,TXN-101651,ORD-501651,SALE,ZLQG15TUYSC3PRRGM,USD,matched,engine,59.99,59.99,59.99,0.00
paypal_us,TXN-100628,ORD-500628,SALE,ZPX7SYL6Q2TCF3MYN,USD,matched,engine,59.99,59.99,59.99,0.00
paypal_us,TXN-100881,ORD-500881,SALE,ZSZEXF15FU361ARP5,USD,matched,engine,9.99,9.99,9.99,0.00
paypal_us,TXN-100102,ORD-500102,SALE,0KCZW7WBPG8ZHWRRU,USD,matched_declined,engine,0.00,0.00,0.00,0.00
paypal_us,TXN-100072,ORD-500072,SALE,0Z1BAXVRSBA4FU2XJ,USD,matched,engine,24.99,24.99,24.99,0.00
paypal_us,TXN-100442,ORD-500442,SALE,13GCNYR7TFDPKZPD4,USD,matched,engine,9.99,9.99,9.99,0.00
paypal_us,TXN-100109,ORD-500109,SALE,1CK9YCV3Y9B3G9XCD,USD,matched,engine,9.99,9.99,9.99,0.00
paypal_us,TXN-100655,ORD-500655,SALE,1YECL5XKEW1XYCQWL,USD,matched,engine,9.99,9.99,9.99,0.00
paypal_us,TXN-101281,ORD-501281,SALE,294ZVGDSEK6RNWGMJ,USD,matched,engine,9.99,9.99,9.99,0.00
paypal_us,TXN-101378,ORD-501378,SALE,2G6D5JUKCV9S6GRXX,USD,matched_declined,engine,0.00,0.00,0.00,0.00
paypal_us,TXN-100703,ORD-500703,SALE,3T1CT2BE5L5R7U6GN,USD,matched,engine,9.99,9.99,9.99,0.00
paypal_us,TXN-101621,ORD-501621,SALE,45CZ2BXZR1ZNBLL9A,USD,matched,engine,9.99,9.99,9.99,0.00
paypal_us,TXN-100367,ORD-500367,SALE,487QV7B26698DDTKS,USD,matched,engine,9.99,9.99,9.99,0.00
paypal_us,TXN-101124,ORD-501124,SALE,4KRFAXCZRFCGUTDBR,USD,matched,engine,24.99,24.99,24.99,0.00
paypal_us,TXN-100481,ORD-500481,SALE,4SK8F4V78E2ML627N,USD,matched,engine,24.99,24.99,24.99,0.00
paypal_us,TXN-101784,ORD-501784,SALE,5KCBEYXXU8PFN31H9,USD,matched,engine,59.99,59.99,59.99,0.00
paypal_us,TXN-101038,ORD-501038,SALE,6491BK8KREYQ1EQ8K,USD,matched,engine,4.99,4.99,4.99,0.00
paypal_us,TXN-101488,ORD-501488,SALE,668ZVA5Q1SC5X0BH7,USD,matched,engine,4.99,4.99,4.99,0.00
paypal_us,TXN-100880,ORD-500880,SALE,6HV7SSHHLZXWR528U,USD,matched,engine,9.99,9.99,9.99,0.00
paypal_us,TXN-102034,ORD-502034,SALE,6QQLWR7D2VFS84XST,USD,matched,engine,24.99,24.99,24.99,0.00
paypal_us,TXN-100854,ORD-500854,SALE,6T0G2P5LJZTFB88MK,USD,matched,engine,4.99,4.99,4.99,0.00
paypal_us,TXN-101502,ORD-501502,SALE,6XS6X0E7VW392YXYE,USD,matched,engine,9.99,9.99,9.99,0.00
paypal_us,TXN-100489,ORD-500489,SALE,72SFAVYG04LV76XK2,USD,matched,engine,4.99,4.99,4.99,0.00
paypal_us,TXN-100921,ORD-500921,SALE,7B5XC50HJWNMCWU27,USD,matched,engine,9.99,9.99,9.99,0.00
paypal_us,TXN-101678,ORD-501678,SALE,7G4G8XFZQHW77W2BU,USD,matched,engine,24.99,24.99,24.99,0.00
paypal_us,TXN-100463,ORD-500463,SALE,81W8ABCQ5SV125FQ4,USD,matched,engine,9.99,9.99,9.99,0.00
paypal_us,TXN-100224,ORD-500224,SALE,865Q2JPK925N5NLP5,USD,matched,engine,9.99,9.99,9.99,0.00
paypal_us,TXN-101921,ORD-501921,SALE,8AH6UPRQ9AC6N9PRP,USD,matched,engine,9.99,9.99,9.99,0.00
paypal_us,TXN-101703,ORD-501703,SALE,8JU7LYRE1CUQVF03L,USD,matched,engine,9.99,9.99,9.99,0.00
paypal_us,TXN-100739,ORD-500739,SALE,8Q1GFJNKWSN028X84,USD,matched,engine,9.99,9.99,9.99,0.00
paypal_us,TXN-101304,ORD-501304,SALE,8YGR1UNHPVRF7MK4X,USD,matched,engine,9.99,9.99,9.99,0.00
paypal_us,TXN-101917,ORD-501917,SALE,9BL4E4EYWYSK0YQF6,USD,matched,engine,9.99,9.99,9.99,0.00
paypal_us,TXN-102044,ORD-502044,SALE,9EUR0NMVKVKYFXNDA,USD,matched,engine,4.99,4.99,4.99,0.00
paypal_us,TXN-100313,ORD-500313,SALE,9KFH76ZUUE3F6G349,USD,matched,engine,9.99,9.99,9.99,0.00
paypal_us,TXN-100888,ORD-500888,SALE,9W5YYC1GNGJAXKPRD,USD,matched,engine,59.99,59.99,59.99,0.00
paypal_us,TXN-107779,ORD-500098,REFUND,A0L2ZMXFTFL0C8FE8,USD,matched,engine,-5.00,-5.00,-5.00,0.00
paypal_us,TXN-100386,ORD-500386,SALE,A9BYQVQXFQ1VCV55E,USD,matched,engine,9.99,9.99,9.99,0.00
paypal_us,TXN-100743,ORD-500743,SALE,ADKV6KH5Q2TMBRCF9,USD,matched_declined,engine,0.00,0.00,0.00,0.00
paypal_us,TXN-100276,ORD-500276,SALE,AHK7HMNUS1QU2D6N5,USD,matched,engine,9.99,9.99,9.99,0.00
paypal_us,TXN-101609,ORD-501609,SALE,B6R0RL6M3YQNX5F5J,USD,matched,engine,9.99,9.99,9.99,0.00
paypal_us,TXN-101503,ORD-501503,SALE,BF2RB6PWAG8GP492C,USD,matched_declined,engine,0.00,0.00,0.00,0.00
paypal_us,TXN-100066,ORD-500066,SALE,BNZH5NLMJWR4MBZC3,USD,matched,engine,9.99,9.99,9.99,0.00
paypal_us,TXN-100165,ORD-500165,SALE,BU6ABZGZUA92PLLU5,USD,matched,engine,9.99,9.99,9.99,0.00
paypal_us,TXN-100902,ORD-500902,SALE,BVRZE7DV9CK0SDBUV,USD,matched,engine,9.99,9.99,9.99,0.00
paypal_us,TXN-101523,ORD-501523,SALE,C3HNCYPHDKR675L48,USD,matched,engine,9.99,9.99,9.99,0.00
paypal_us,TXN-100495,ORD-500495,SALE,C3RN4KMYKB4PZTZ77,USD,matched,engine,9.99,9.99,9.99,0.00
paypal_us,TXN-100321,ORD-500321,SALE,C3Z1NSUYX85AB1LR5,USD,matched,engine,4.99,4.99,4.99,0.00
paypal_us,TXN-100953,ORD-500953,SALE,C9A0K8EW2BZVYCWM2,USD,matched_declined,engine,0.00,0.00,0.00,0.00
paypal_us,TXN-101943,ORD-501943,SALE,CXALXDJPTMQU2XZ0H,USD,matched,engine,24.99,24.99,24.99,0.00
paypal_us,TXN-101744,ORD-501744,SALE,CXNYKNV3XERQUD43V,USD,matched,engine,24.99,24.99,24.99,0.00
paypal_us,TXN-100768,ORD-500768,SALE,DCSTA6B7WBLKV76UL,USD,matched,engine,9.99,9.99,9.99,0.00
paypal_us,TXN-100097,ORD-500097,SALE,DFGVD1L2U4Q60T915,USD,matched,engine,9.99,9.99,9.99,0.00
paypal_us,TXN-101566,ORD-501566,SALE,EBJALLF6PZE6RTMWV,USD,matched,engine,4.99,4.99,4.99,0.00
paypal_us,TXN-100459,ORD-500459,SALE,ECC9ZF7NCLZKSPHEE,USD,matched,engine,4.99,4.99,4.99,0.00
paypal_us,TXN-102048,ORD-502048,SALE,ECLCGHJAD8UANF2SC,USD,matched,engine,59.99,59.99,59.99,0.00
paypal_us,TXN-101372,ORD-501372,SALE,EJU2B5Y3MYD70RC97,USD,matched,engine,9.99,9.99,9.99,0.00
paypal_us,TXN-100794,ORD-500794,SALE,F9NEQ21J3C2958N8P,USD,matched,engine,9.99,9.99,9.99,0.00
paypal_us,TXN-100145,ORD-500145,SALE,FGNVWRRWRJQE13Y98,USD,matched,engine,9.99,9.99,9.99,0.00
paypal_us,TXN-101430,ORD-501430,SALE,FH41MZMAM4Y1YJU3J,USD,matched,engine,24.99,24.99,24.99,0.00
paypal_us,TXN-100169,ORD-500169,SALE,FMYJSSDFU1KXLCP38,USD,matched,engine,9.99,9.99,9.99,0.00
paypal_us,TXN-107811,ORD-501347,REFUND,FMZENAHTF0VXZLZ08,USD,matched,engine,-59.99,-59.99,-59.99,0.00
paypal_us,TXN-101712,ORD-501712,SALE,G3NPGUS2C5F6P2XB4,USD,matched,engine,59.99,59.99,59.99,0.00
paypal_us,TXN-100112,ORD-500112,SALE,G7YKJ7DBC7ZYS6DJ5,USD,matched,engine,24.99,24.99,24.99,0.00
paypal_us,TXN-100689,ORD-500689,SALE,GGP2VRLTJ9XPHJKPX,USD,matched,engine,9.99,9.99,9.99,0.00
paypal_us,TXN-101925,ORD-501925,SALE,GK0TH38M8WFRC34A3,USD,matched,engine,9.99,9.99,9.99,0.00
paypal_us,TXN-100702,ORD-500702,SALE,H73AHLXASTVFHC2KX,USD,matched,engine,24.99,24.99,24.99,0.00
paypal_us,TXN-100948,ORD-500948,SALE,HER0QQDALNL8GXSJC,USD,matched,engine,9.99,9.99,9.99,0.00
paypal_us,TXN-101799,ORD-501799,SALE,HZ35GXFDFH9Y4ZB75,USD,matched,engine,59.99,59.99,59.99,0.00
paypal_us,TXN-100955,ORD-500955,SALE,JCUPBZF73YTDHP6EB,USD,matched,engine,9.99,9.99,9.99,0.00
paypal_us,TXN-100425,ORD-500425,SALE,JHSD7REYFL8HV13QS,USD,matched,engine,59.99,59.99,59.99,0.00
paypal_us,TXN-101344,ORD-501344,SALE,JYMA6UDANGWT360KY,USD,matched,engine,24.99,24.99,24.99,0.00
paypal_us,TXN-100190,ORD-500190,SALE,KU06LZ1F8NCUG05EB,USD,matched,engine,59.99,59.99,59.99,0.00
paypal_us,TXN-107816,ORD-501576,REFUND,LFP5WDHYZEQSWR544,USD,matched,engine,-5.00,-5.00,-5.00,0.00
paypal_us,TXN-100869,ORD-500869,SALE,LNU8E7N1B2Q7UN7Q1,USD,matched,engine,24.99,24.99,24.99,0.00
paypal_us,TXN-100196,ORD-500196,SALE,LQT8EMHXKAKF2QZKJ,USD,matched,engine,24.99,24.99,24.99,0.00
paypal_us,TXN-101487,ORD-501487,SALE,M075CBWQQVT4D5JBC,USD,matched,engine,9.99,9.99,9.99,0.00
paypal_us,TXN-101283,ORD-501283,SALE,MB080HCRULLKBYE15,USD,matched,engine,9.99,9.99,9.99,0.00
paypal_us,TXN-100842,ORD-500842,SALE,MLWVMHZJJBX3P07WM,USD,matched,engine,9.99,9.99,9.99,0.00
paypal_us,TXN-100911,ORD-500911,SALE,MVC89XUX2N4VJKNEP,USD,matched,engine,9.99,9.99,9.99,0.00
paypal_us,TXN-100258,ORD-500258,SALE,N04G8BZ4M9BGDYGJH,USD,matched,engine,4.99,4.99,4.99,0.00
paypal_us,TXN-100605,ORD-500605,SALE,NEU79GYULJZUX5FEA,USD,matched,engine,9.99,9.99,9.99,0.00
paypal_us,TXN-101890,ORD-501890,SALE,NG7Z8PT8E6JU8N8L6,USD,matched,engine,59.99,59.99,59.99,0.00
paypal_us,TXN-100204,ORD-500204,SALE,P58D0ZNV422ZZ84BN,USD,matched,engine,9.99,9.99,9.99,0.00
paypal_us,TXN-102017,ORD-502017,SALE,PDLZP4PGKVE2AUY5C,USD,matched,engine,9.99,9.99,9.99,0.00
paypal_us,TXN-100820,ORD-500820,SALE,PP9VPSJXECQJZ7XTE,USD,matched,engine,4.99,4.99,4.99,0.00
paypal_us,TXN-101532,ORD-501532,SALE,QH3361U20R93105WC,USD,matched,engine,9.99,9.99,9.99,0.00
paypal_us,TXN-100345,ORD-500345,SALE,QHHTL0B67LYN3QNDR,USD,matched,engine,9.99,9.99,9.99,0.00
paypal_us,TXN-100686,ORD-500686,SALE,QJLU1JQ1PCY90471M,USD,matched,engine,9.99,9.99,9.99,0.00
paypal_us,TXN-100555,ORD-500555,SALE,QK18NS4YDNWLET0YX,USD,matched_declined,engine,0.00,0.00,0.00,0.00
paypal_us,TXN-100909,ORD-500909,SALE,QVB1PZRY7Z379TMV5,USD,matched,engine,9.99,9.99,9.99,0.00
paypal_us,TXN-101529,ORD-501529,SALE,QVNFE1BUFBP3C93ET,USD,matched,engine,24.99,24.99,24.99,0.00
paypal_us,TXN-100929,ORD-500929,SALE,RBPGWEAHN92J2LCEB,USD,matched,engine,9.99,9.99,9.99,0.00
paypal_us,TXN-101246,ORD-501246,SALE,REKHLXFYS8KYUENJJ,USD,matched,engine,9.99,9.99,9.99,0.00
paypal_us,TXN-100841,ORD-500841,SALE,RJ02GVYBC732N06LC,USD,matched,engine,4.99,4.99,4.99,0.00
paypal_us,TXN-100825,ORD-500825,SALE,RTXTV7UBM8GML1N0P,USD,matched,engine,9.99,9.99,9.99,0.00
paypal_us,TXN-101086,ORD-501086,SALE,RUB0MU1KWUWSJWNP2,USD,matched,engine,4.99,4.99,4.99,0.00
paypal_us,TXN-100576,ORD-500576,SALE,RXGHFYZJ7Q6NKQCYP,USD,matched,engine,4.99,4.99,4.99,0.00
paypal_us,TXN-101926,ORD-501926,SALE,S8DHEG66RBTKM3VA9,USD,matched,engine,9.99,9.99,9.99,0.00
paypal_us,TXN-102009,ORD-502009,SALE,S8LDT07JXQ1K2C1M5,USD,matched,engine,9.99,9.99,9.99,0.00
paypal_us,TXN-100840,ORD-500840,SALE,SB9W7U5FE0EMHTUA6,USD,matched,engine,24.99,24.99,24.99,0.00
paypal_us,TXN-100310,ORD-500310,SALE,SQYEE805ERVLD8AA1,USD,matched,engine,9.99,9.99,9.99,0.00
paypal_us,TXN-101205,ORD-501205,SALE,SSMN7U4Y73FHMCWVX,USD,matched,engine,4.99,4.99,4.99,0.00
paypal_us,TXN-101092,ORD-501092,SALE,SUTHU1LT8DXT7MYC7,USD,matched,engine,9.99,9.99,9.99,0.00
paypal_us,TXN-100855,ORD-500855,SALE,T5P7HAX655MW5HR17,USD,matched,engine,9.99,9.99,9.99,0.00
paypal_us,TXN-101518,ORD-501518,SALE,T96LEY8TN49T9WCDA,USD,matched,engine,9.99,9.99,9.99,0.00
paypal_us,TXN-102020,ORD-502020,SALE,TBU2A5RW2XUM9FL82,USD,matched,engine,9.99,9.99,9.99,0.00
paypal_us,TXN-100413,ORD-500413,SALE,TKRT6E6R1BGCVBZAB,USD,matched,engine,9.99,9.99,9.99,0.00
paypal_us,TXN-101568,ORD-501568,SALE,TRV8Z2QYARBGRXBEN,USD,matched,engine,9.99,9.99,9.99,0.00
paypal_us,TXN-101072,ORD-501072,SALE,TSD25ZN9UZQBZUZEG,USD,matched_declined,engine,0.00,0.00,0.00,0.00
paypal_us,TXN-101893,ORD-501893,SALE,UAQDTD6RXQN25K1K6,USD,matched,engine,24.99,24.99,24.99,0.00
paypal_us,TXN-101247,ORD-501247,SALE,UCHR3XC1A80HD75GQ,USD,matched,engine,9.99,9.99,9.99,0.00
paypal_us,TXN-101357,ORD-501357,SALE,UH9EG53F95WHUBLFH,USD,matched,engine,9.99,9.99,9.99,0.00
paypal_us,TXN-100185,ORD-500185,SALE,UM6B59PR06K1FTAKW,USD,matched,engine,9.99,9.99,9.99,0.00
paypal_us,TXN-102018,ORD-502018,SALE,V1JBVY475NHGAT9CA,USD,matched,engine,4.99,4.99,4.99,0.00
paypal_us,TXN-101308,ORD-501308,SALE,VBN2BVG0BU2HQ2LEH,USD,matched,engine,9.99,9.99,9.99,0.00
paypal_us,TXN-100140,ORD-500140,SALE,VDL9AH4J6TNXYN229,USD,matched,engine,9.99,9.99,9.99,0.00
paypal_us,TXN-101681,ORD-501681,SALE,WXVG52PU9PC6QW72X,USD,matched_declined,engine,0.00,0.00,0.00,0.00
paypal_us,TXN-100043,ORD-500043,SALE,X3TK2XPVATAGDNLVQ,USD,matched,engine,9.99,9.99,9.99,0.00
paypal_us,TXN-107814,ORD-501506,REFUND,XA5RDYU61G2490R59,USD,matched,engine,-9.99,-9.99,-9.99,0.00
paypal_us,TXN-101109,ORD-501109,SALE,XBTW0T7M1THLEF2V7,USD,matched,engine,9.99,9.99,9.99,0.00
paypal_us,TXN-102010,ORD-502010,SALE,XD9T7CYY3DWXHT5NC,USD,matched,engine,9.99,9.99,9.99,0.00
paypal_us,TXN-100998,ORD-500998,SALE,Y8X4JTTPTK9MDVZ5U,USD,matched,engine,24.99,24.99,24.99,0.00
paypal_us,TXN-100101,ORD-500101,SALE,YB403EYR7PRELQZGX,USD,matched,engine,24.99,24.99,24.99,0.00
paypal_us,TXN-101142,ORD-501142,SALE,YBGNG3Y6J7DTK7KL3,USD,matched,engine,9.99,9.99,9.99,0.00
paypal_us,TXN-100233,ORD-500233,SALE,YFBD7Y1HG2NY06TE4,USD,matched,engine,9.99,9.99,9.99,0.00
paypal_us,TXN-101323,ORD-501323,SALE,YKFHVP10DFY9MC1PS,USD,matched,engine,9.99,9.99,9.99,0.00
paypal_us,TXN-101446,ORD-501446,SALE,YYGFLVPLT3HQKB5GX,USD,matched,engine,9.99,9.99,9.99,0.00
paypal_us,TXN-101332,ORD-501332,SALE,Z67V4HA5297DBS92M,USD,matched,engine,9.99,9.99,9.99,0.00
paypal_us,TXN-100502,ORD-500502,SALE,ZRBYFBXZ1TVX1EKR1,USD,matched,engine,59.99,59.99,59.99,0.00
paypal_eu,TXN-103741,ORD-503741,SALE,T2E9Y8VD4FS6FSVYN,GBP,matched,engine,5.77,5.77,5.77,0.00
paypal_eu,TXN-103841,ORD-503841,SALE,AVD2YUTYBPT1TE596,GBP,matched,engine,28.25,28.25,28.25,0.00
paypal_eu,TXN-102669,ORD-502669,SALE,ZEW9RTFHKTBFQT5E3,GBP,matched,engine,11.55,11.55,11.55,0.00
paypal_eu,TXN-103370,ORD-503370,SALE,X23MHD3RCRRXRRLQL,GBP,matched,engine,70.65,70.65,70.65,0.00
paypal_eu,TXN-102403,ORD-502403,SALE,9MRDHX4BZJJVKWC3A,GBP,matched,engine,11.55,11.55,11.55,0.00
paypal_eu,TXN-103133,ORD-503133,SALE,Q1K1SB05FJFAT5SNJ,GBP,matched,engine,11.55,11.55,11.55,0.00
paypal_eu,TXN-102244,ORD-502244,SALE,STTGY72LV4YHCDF1C,GBP,matched,engine,28.25,28.25,28.25,0.00
paypal_eu,TXN-103463,ORD-503463,SALE,0DRQ0928NVSA52MA3,GBP,matched_declined,engine,0.00,0.00,0.00,0.00
paypal_eu,TXN-103871,ORD-503871,SALE,SFPU1QBF8VEFZ83SP,GBP,matched,engine,11.55,11.55,11.55,0.00
paypal_eu,TXN-102279,ORD-502279,SALE,LSE8HAD6K5A58TQ9B,GBP,matched,engine,11.54,11.54,11.54,0.00
paypal_eu,TXN-102303,ORD-502303,SALE,8DCP70E15V8DU89VC,GBP,matched,engine,28.22,28.22,28.22,0.00
paypal_eu,TXN-102815,ORD-502815,SALE,8J7EY5HES4LDR625F,GBP,matched,engine,28.22,28.22,28.22,0.00
paypal_eu,TXN-102881,ORD-502881,SALE,501TYL3LTQV0YN30U,GBP,matched,engine,28.22,28.22,28.22,0.00
paypal_eu,TXN-107871,ORD-503841,REFUND,9GVTQRQYCFSTH31UU,GBP,matched,engine,-28.22,-28.22,-28.22,0.00
paypal_eu,TXN-102503,ORD-502503,SALE,VV08XBBTAUBESJ05U,GBP,matched,engine,70.57,70.57,70.57,0.00
paypal_eu,TXN-102168,ORD-502168,SALE,YMZYJERQ9UNAF5XT4,GBP,matched,engine,11.54,11.54,11.54,0.00
paypal_eu,TXN-103693,ORD-503693,SALE,JMRSLYEQH4NFFSU5Z,GBP,matched,engine,28.22,28.22,28.22,0.00
paypal_eu,TXN-102959,ORD-502959,SALE,1VWNKJJ054C3NEPSX,GBP,matched_declined,engine,0.00,0.00,0.00,0.00
paypal_eu,TXN-102833,ORD-502833,SALE,YB35QXS4U6458ZAEW,GBP,matched,engine,11.54,11.54,11.54,0.00
paypal_eu,TXN-103786,ORD-503786,SALE,4XK2JXEDX9QGTQG7R,GBP,matched,engine,28.22,28.22,28.22,0.00
paypal_eu,TXN-103079,ORD-503079,SALE,HBRX04CGE0HA22C62,GBP,matched,engine,11.54,11.54,11.54,0.00
paypal_eu,TXN-103576,ORD-503576,SALE,6LMMUYQLQ5Z5FZNYJ,GBP,matched,engine,70.52,70.52,70.52,0.00
paypal_eu,TXN-103418,ORD-503418,SALE,MF7G0T1VW3RGAD9RT,GBP,matched,engine,11.53,11.53,11.53,0.00
paypal_eu,TXN-102732,ORD-502732,SALE,09RKHUVE46NWP02SZ,GBP,matched,engine,11.53,11.53,11.53,0.00
paypal_eu,TXN-103088,ORD-503088,SALE,WRLB32LUTQ8XXREQL,GBP,matched,engine,70.52,70.52,70.52,0.00
paypal_eu,TXN-102256,ORD-502256,SALE,YX0B37GEEPB9CWD3B,GBP,matched_declined,engine,0.00,0.00,0.00,0.00
paypal_eu,TXN-102134,ORD-502134,SALE,0WRWHP7CS06RRK5SE,GBP,matched,engine,11.53,11.53,11.53,0.00
paypal_eu,TXN-102153,ORD-502153,SALE,R3N3M7NJJ1Y5DJQEN,GBP,matched,engine,11.53,11.53,11.53,0.00
paypal_eu,TXN-102487,ORD-502487,SALE,X84VNP9R0KSAKDB5P,GBP,matched,engine,11.53,11.53,11.53,0.00
paypal_eu,TXN-102829,ORD-502829,SALE,MGRAEKQTRV6282S9G,GBP,matched_declined,engine,0.00,0.00,0.00,0.00
paypal_eu,TXN-103166,ORD-503166,SALE,9B1DUGKKNP37EC0AB,GBP,matched,engine,11.56,11.56,11.56,0.00
paypal_eu,TXN-102977,ORD-502977,SALE,G4CDYC081T7N61HZ4,GBP,matched,engine,11.56,11.56,11.56,0.00
paypal_eu,TXN-103660,ORD-503660,SALE,KLW8YVR139A719H38,GBP,matched,engine,11.56,11.56,11.56,0.00
paypal_eu,TXN-103312,ORD-503312,SALE,UERKLVJQ9RMLWBZJW,GBP,matched,engine,11.56,11.56,11.56,0.00
paypal_eu,TXN-102497,ORD-502497,SALE,JXV9Y3AXQVZBHJ0X1,GBP,matched,engine,5.78,5.78,5.78,0.00
paypal_eu,TXN-102620,ORD-502620,SALE,NZVE91HYWDK860P5A,GBP,matched,engine,70.73,70.73,70.73,0.00
paypal_eu,TXN-103719,ORD-503719,SALE,CGDM6FNGY04MEN4MC,GBP,matched,engine,70.73,70.73,70.73,0.00
paypal_eu,TXN-102633,ORD-502633,SALE,BFFTVBNS748395LEM,GBP,matched,engine,28.34,28.34,28.34,0.00
paypal_eu,TXN-102180,ORD-502180,SALE,EB6DN62TYKZMBD6TG,GBP,matched,engine,11.58,11.58,11.58,0.00
paypal_eu,TXN-103731,ORD-503731,SALE,A580Y6DXHHM2BV3MQ,GBP,matched,engine,11.58,11.58,11.58,0.00
paypal_eu,TXN-103339,ORD-503339,SALE,220KCJRREY9CTX03W,GBP,matched,engine,28.34,28.34,28.34,0.00
paypal_eu,TXN-102410,ORD-502410,SALE,P2E6BHMQ08CKJDQC0,GBP,matched,engine,11.58,11.58,11.58,0.00
paypal_eu,TXN-102924,ORD-502924,SALE,TSQ8H9K8HLPMDU0ZR,GBP,matched,engine,28.34,28.34,28.34,0.00
paypal_eu,TXN-103774,ORD-503774,SALE,22LA1JHF7VCWV3MT6,GBP,matched_declined,engine,0.00,0.00,0.00,0.00
paypal_eu,TXN-103756,ORD-503756,SALE,ZN0S162V93PTUB4V8,GBP,matched,engine,28.34,28.34,28.34,0.00
paypal_eu,TXN-103308,ORD-503308,SALE,7KU8JYK45MS585SJM,GBP,matched,engine,28.34,28.34,28.34,0.00
paypal_eu,TXN-102407,ORD-502407,SALE,2TX9WVVR84DRLAVDU,GBP,matched,engine,11.58,11.58,11.58,0.00
paypal_eu,TXN-103080,ORD-503080,SALE,E2QVMM5YEBEMMPX6U,GBP,matched,engine,28.34,28.34,28.34,0.00
paypal_eu,TXN-102476,ORD-502476,SALE,52BQK69E7VASWJNLF,GBP,matched,engine,70.86,70.86,70.86,0.00
paypal_eu,TXN-102152,ORD-502152,SALE,TB3NL12L3FYBWB4WG,GBP,matched,engine,11.58,11.58,11.58,0.00
paypal_eu,TXN-103071,ORD-503071,SALE,RQHDMJHRMW8JN4CA9,GBP,matched,engine,11.58,11.58,11.58,0.00
paypal_eu,TXN-102500,ORD-502500,SALE,TSNTC0QZ0KT1XA62T,GBP,matched,engine,11.58,11.58,11.58,0.00
paypal_eu,TXN-102272,ORD-502272,SALE,YE9E6KC33P5CE76HL,GBP,matched,engine,11.58,11.58,11.58,0.00
paypal_eu,TXN-102573,ORD-502573,SALE,YVQRQ0Q7A93VYPVVR,GBP,matched,engine,70.86,70.86,70.86,0.00
paypal_eu,TXN-102584,ORD-502584,SALE,BSFYA723M1QV5UAK3,GBP,matched,engine,28.34,28.34,28.34,0.00
paypal_eu,TXN-103036,ORD-503036,SALE,UU10JMZJ0YXGAPCHX,GBP,matched,engine,11.58,11.58,11.58,0.00
paypal_eu,TXN-102875,ORD-502875,SALE,KGKA3H6H1W2477Z55,GBP,matched,engine,11.58,11.58,11.58,0.00
paypal_eu,TXN-103703,ORD-503703,SALE,NKT82FMY1WF25AWDQ,GBP,matched,engine,28.34,28.34,28.34,0.00
paypal_eu,TXN-102777,ORD-502777,SALE,GBHSL74URHV69J0V8,GBP,matched,engine,11.58,11.58,11.58,0.00
paypal_eu,TXN-102297,ORD-502297,SALE,A6S859QSEVLE56HR2,GBP,matched_declined,engine,0.00,0.00,0.00,0.00
paypal_eu,TXN-103256,ORD-503256,SALE,2DNE0ALCHQ5JWBVHZ,GBP,matched,engine,5.79,5.79,5.79,0.00
paypal_eu,TXN-103616,ORD-503616,SALE,BBRX89RE8LMNBQHL0,GBP,matched,engine,70.86,70.86,70.86,0.00
paypal_eu,TXN-102473,ORD-502473,SALE,306LXRSDGF5YC7BAN,GBP,matched,engine,11.58,11.58,11.58,0.00
paypal_eu,TXN-103178,ORD-503178,SALE,082EC1L59QHHMFZQV,GBP,matched,engine,11.58,11.58,11.58,0.00
paypal_eu,TXN-103376,ORD-503376,SALE,7XXCFCT9XE6APBXNW,GBP,matched,engine,28.34,28.34,28.34,0.00
paypal_eu,TXN-103116,ORD-503116,SALE,5DUQ6WXZXH5KK7P6M,GBP,matched_declined,engine,0.00,0.00,0.00,0.00
paypal_eu,TXN-102988,ORD-502988,SALE,DVN8HDJQGPG45V0CG,GBP,matched,engine,11.58,11.58,11.58,0.00
paypal_eu,TXN-102354,ORD-502354,SALE,R73N7F74526XFPYE8,GBP,matched,engine,11.60,11.60,11.60,0.00
paypal_eu,TXN-103374,ORD-503374,SALE,LZPNGBSSG2G9V1SNU,GBP,matched,engine,11.60,11.60,11.60,0.00
paypal_eu,TXN-102459,ORD-502459,SALE,4799TDSYAF2X3PS9C,GBP,matched,engine,11.60,11.60,11.60,0.00
paypal_eu,TXN-102850,ORD-502850,SALE,CRTGVB0U3FEQJ7XFS,GBP,matched,engine,5.79,5.79,5.79,0.00
paypal_eu,TXN-103818,ORD-503818,SALE,5G9Q33ADMLB3198Q4,GBP,matched,engine,70.97,70.97,70.97,0.00
paypal_eu,TXN-103748,ORD-503748,SALE,RW6TVXN9GCYMG411T,GBP,matched,engine,11.60,11.60,11.60,0.00
paypal_eu,TXN-103001,ORD-503001,SALE,E0M85AMZ9WCW8E0EP,GBP,matched_declined,engine,0.00,0.00,0.00,0.00
paypal_eu,TXN-103610,ORD-503610,SALE,5USE21NXTVRA0PQEZ,GBP,matched,engine,28.38,28.38,28.38,0.00
paypal_eu,TXN-102378,ORD-502378,SALE,X2NA7PVK4H0H6LF7Z,GBP,matched,engine,28.38,28.38,28.38,0.00
paypal_eu,TXN-103433,ORD-503433,SALE,YREHYY0P1160P2H48,GBP,matched,engine,11.60,11.60,11.60,0.00
paypal_eu,TXN-102311,ORD-502311,SALE,KSRNPRMLDUGKYVTPR,GBP,matched,engine,70.97,70.97,70.97,0.00
paypal_eu,TXN-103275,ORD-503275,SALE,YG2QCDAR0JDRZNPCA,GBP,matched,engine,5.79,5.79,5.79,0.00
paypal_eu,TXN-102570,ORD-502570,SALE,4981MZ5N4T2MM11SD,GBP,matched,engine,11.62,11.62,11.62,0.00
paypal_eu,TXN-103188,ORD-503188,SALE,Z9AL0WB2LD51CE7F9,GBP,matched,engine,11.62,11.62,11.62,0.00
paypal_eu,TXN-102295,ORD-502295,SALE,UT4ZT7UNT25K8EU9A,GBP,matched,engine,5.80,5.80,5.80,0.00
paypal_eu,TXN-102564,ORD-502564,SALE,KJU9RD7F22RVBVR1U,GBP,matched,engine,11.59,11.59,11.59,0.00
paypal_eu,TXN-103037,ORD-503037,SALE,FFH1ZFW5NLW2AZWUL,GBP,matched,engine,11.59,11.59,11.59,0.00
paypal_eu,TXN-103390,ORD-503390,SALE,E6CUY7FRAFL373GQX,GBP,matched,engine,28.34,28.34,28.34,0.00
paypal_eu,TXN-102785,ORD-502785,SALE,VHETJK3AW0JMYYMJP,GBP,matched,engine,28.34,28.34,28.34,0.00
paypal_eu,TXN-103414,ORD-503414,SALE,X453L45THT4EG9MQC,GBP,matched,engine,11.59,11.59,11.59,0.00
paypal_eu,TXN-103578,ORD-503578,SALE,QZFF9UMPB6ZE7TY78,GBP,matched,engine,28.37,28.37,28.37,0.00
paypal_eu,TXN-102449,ORD-502449,SALE,U6WFUHGBMC7E1XNKG,GBP,matched,engine,11.60,11.60,11.60,0.00
paypal_eu,TXN-102677,ORD-502677,SALE,X11HGDJAYDRQ7F89V,GBP,matched,engine,11.60,11.60,11.60,0.00
paypal_eu,TXN-103877,ORD-503877,SALE,HYHMMEX47TE764C3E,GBP,matched,engine,11.60,11.60,11.60,0.00
paypal_eu,TXN-103372,ORD-503372,SALE,KQDMB5YE30GH1X2M4,GBP,matched,engine,70.94,70.94,70.94,0.00
paypal_eu,TXN-102243,ORD-502243,SALE,1XHZ4UQ0MP5W1U5ZE,GBP,matched,engine,28.37,28.37,28.37,0.00
paypal_eu,TXN-102871,ORD-502871,SALE,1NHSXXGLSVM0VJE8J,GBP,matched_declined,engine,0.00,0.00,0.00,0.00
paypal_eu,TXN-102423,ORD-502423,SALE,Z0LX4RYJD5CPCAW3S,GBP,matched,engine,70.94,70.94,70.94,0.00
paypal_eu,TXN-102237,ORD-502237,SALE,FGDGR7STHE25FR0WQ,GBP,matched,engine,11.60,11.60,11.60,0.00
paypal_eu,TXN-102228,ORD-502228,SALE,4AJLTZUBGYYPEU4QD,GBP,matched,engine,11.60,11.60,11.60,0.00
paypal_eu,TXN-102691,ORD-502691,SALE,X9VRHCC2VJEZ7FK69,GBP,matched,engine,11.62,11.62,11.62,0.00
paypal_eu,TXN-103585,ORD-503585,SALE,3Y99RQH85LFY5HL8X,GBP,matched,engine,28.43,28.43,28.43,0.00
paypal_eu,TXN-103353,ORD-503353,SALE,HDZ1S5ZKBME0BDBMP,GBP,matched,engine,11.62,11.62,11.62,0.00
paypal_eu,TXN-103264,ORD-503264,SALE,EEK6CLXZ7JMVWH3ZF,GBP,matched_declined,engine,0.00,0.00,0.00,0.00
paypal_eu,TXN-103902,ORD-503902,SALE,C94GLQ9ESVB0CWKF5,GBP,matched_declined,engine,0.00,0.00,0.00,0.00
paypal_eu,TXN-102316,ORD-502316,SALE,SVMF7MHZJMST2Y6XH,GBP,matched_declined,engine,0.00,0.00,0.00,0.00
paypal_eu,TXN-103198,ORD-503198,SALE,AL4TV02XQYJLTJX0T,GBP,matched,engine,11.62,11.62,11.62,0.00
paypal_eu,TXN-103011,ORD-503011,SALE,M7P4GS95W2CYDHG20,GBP,matched,engine,11.62,11.62,11.62,0.00
paypal_eu,TXN-102598,ORD-502598,SALE,6TB417BWE4F9M8UML,GBP,matched,engine,5.81,5.81,5.81,0.00
paypal_eu,TXN-102576,ORD-502576,SALE,GKS7D2768QEBMF8LV,GBP,matched_declined,engine,0.00,0.00,0.00,0.00
paypal_eu,TXN-103084,ORD-503084,SALE,UCZF3XRSPW4ZZ507S,GBP,matched,engine,28.43,28.43,28.43,0.00
paypal_eu,TXN-102475,ORD-502475,SALE,K82MMX0GTL53Q3CSH,GBP,matched,engine,11.62,11.62,11.62,0.00
paypal_eu,TXN-103479,ORD-503479,SALE,BVD0D2SV3LCGPR0FW,GBP,matched,engine,11.62,11.62,11.62,0.00
paypal_eu,TXN-102298,ORD-502298,SALE,QQEY32NBWT3QF6CHP,GBP,matched,engine,28.43,28.43,28.43,0.00
paypal_eu,TXN-103599,ORD-503599,SALE,0G4BLTB2D31U1GTY7,GBP,matched_declined,engine,0.00,0.00,0.00,0.00
paypal_eu,TXN-103782,ORD-503782,SALE,7MET4RH9WDHMNHBZW,GBP,matched,engine,11.62,11.62,11.62,0.00
paypal_eu,TXN-103193,ORD-503193,SALE,6TPCEK24ZTA0HME8J,GBP,matched,engine,71.10,71.10,71.10,0.00
paypal_eu,TXN-103109,ORD-503109,SALE,7BYP7HVMTC69JDADJ,GBP,matched,engine,11.62,11.62,11.62,0.00
paypal_eu,TXN-103635,ORD-503635,SALE,377T5K1FV98NEQRAG,GBP,matched,engine,11.62,11.62,11.62,0.00
paypal_eu,TXN-107835,ORD-502295,REFUND,87D7QCLMFP1WWPZVV,GBP,matched,engine,-5.81,-5.81,-5.81,0.00
paypal_eu,TXN-103535,ORD-503535,SALE,8XUMZGS6ZDRXT1ACM,GBP,matched,engine,71.10,71.10,71.10,0.00
paypal_eu,TXN-102611,ORD-502611,SALE,760U1KX04YURHPLHH,GBP,matched,engine,11.62,11.62,11.62,0.00
paypal_eu,TXN-102580,ORD-502580,SALE,J7HN36DW3KNPPKQ7F,GBP,matched,engine,11.62,11.62,11.62,0.00
paypal_eu,TXN-103438,ORD-503438,SALE,YYUNEX39MQNE29PTL,GBP,matched,engine,11.62,11.62,11.62,0.00
paypal_eu,TXN-102248,ORD-502248,SALE,WNUNWGM95PV3DYNK6,GBP,matched,engine,28.43,28.43,28.43,0.00
paypal_eu,TXN-102666,ORD-502666,SALE,UC3ZTKGJVGE8YBZWP,GBP,matched,engine,11.62,11.62,11.62,0.00
paypal_eu,TXN-102491,ORD-502491,SALE,EECXDWTGH0S8HJWJN,GBP,matched,engine,28.43,28.43,28.43,0.00
paypal_eu,TXN-103343,ORD-503343,SALE,C0BW23VF89Q81L8VV,GBP,matched,engine,11.62,11.62,11.62,0.00
paypal_eu,TXN-103817,ORD-503817,SALE,E4UMM60CG75YBX7XN,GBP,matched,engine,11.62,11.62,11.62,0.00
paypal_eu,TXN-103824,ORD-503824,SALE,6ZESEVKXDG5PES9Y2,GBP,matched,engine,11.61,11.61,11.61,0.00
paypal_eu,TXN-102363,ORD-502363,SALE,RBQWTUNZJ3P33JV7E,GBP,matched,engine,28.39,28.39,28.39,0.00
paypal_eu,TXN-103062,ORD-503062,SALE,YUKFFARCXB0D90MXF,GBP,matched,engine,71.01,71.01,71.01,0.00
paypal_eu,TXN-103163,ORD-503163,SALE,XGBXH2B4QB1DCBDV0,GBP,matched,engine,11.61,11.61,11.61,0.00
paypal_eu,TXN-103534,ORD-503534,SALE,URNXC2ZMU0JFX7NQ9,GBP,matched_declined,engine,0.00,0.00,0.00,0.00
paypal_eu,TXN-103754,ORD-503754,SALE,MEUQG4SDJV6LYX3ZC,GBP,matched,engine,11.61,11.61,11.61,0.00
paypal_eu,TXN-103329,ORD-503329,SALE,LF49M2JJAGN93LVWY,GBP,matched,engine,28.39,28.39,28.39,0.00
paypal_eu,TXN-103352,ORD-503352,SALE,F13UX0VGYVRMJE6FA,GBP,matched,engine,5.80,5.80,5.80,0.00
paypal_eu,TXN-103235,ORD-503235,SALE,4RL743HBURYV7YN7L,GBP,matched,engine,71.01,71.01,71.01,0.00
paypal_eu,TXN-103417,ORD-503417,SALE,346MRN4PDZV9EPC2E,GBP,matched,engine,71.01,71.01,71.01,0.00
paypal_eu,TXN-102899,ORD-502899,SALE,VZFQTGKPDPMF2HETC,GBP,matched_declined,engine,0.00,0.00,0.00,0.00
paypal_eu,TXN-102173,ORD-502173,SALE,306QNRHKTL4LFXRMC,GBP,matched,engine,28.39,28.39,28.39,0.00
paypal_eu,TXN-103196,ORD-503196,SALE,UXB2WWTW50ZG5Q9UW,GBP,matched,engine,28.36,28.36,28.36,0.00
paypal_eu,TXN-102388,ORD-502388,SALE,9GZ7ZTEE4VD9WH5CD,GBP,matched,engine,11.59,11.59,11.59,0.00
paypal_eu,TXN-103638,ORD-503638,SALE,VDYRNXGXGKVZH3SCV,GBP,matched,engine,70.91,70.91,70.91,0.00
paypal_eu,TXN-102602,ORD-502602,SALE,FUA2B8PNM7RLV70WS,GBP,matched,engine,28.36,28.36,28.36,0.00
paypal_eu,TXN-103707,ORD-503707,SALE,47BVL7RVURKV2KW96,GBP,matched,engine,5.79,5.79,5.79,0.00
paypal_eu,TXN-102707,ORD-502707,SALE,D6HPZ5SJEZYB84TLF,GBP,matched,engine,11.59,11.59,11.59,0.00
paypal_eu,TXN-102387,ORD-502387,SALE,E8LZRENYK3AT12ZM3,GBP,matched,engine,11.59,11.59,11.59,0.00
paypal_eu,TXN-102566,ORD-502566,SALE,9685X2GE9GCV6HMEN,GBP,matched,engine,28.36,28.36,28.36,0.00
paypal_eu,TXN-103182,ORD-503182,SALE,7WHLQWBA6J2ELHFLL,GBP,matched,engine,5.79,5.79,5.79,0.00
paypal_eu,TXN-102811,ORD-502811,SALE,6N2A0PA0DKPHRNFBC,GBP,matched,engine,28.36,28.36,28.36,0.00
paypal_eu,TXN-102141,ORD-502141,SALE,36JA8FHKD8KUS7D47,GBP,matched,engine,70.91,70.91,70.91,0.00
paypal_eu,TXN-103345,ORD-503345,SALE,D5YP8PJUMZWCKGF4G,GBP,matched,engine,11.59,11.59,11.59,0.00
paypal_eu,TXN-102176,ORD-502176,SALE,CAZ8GE6YWXMV0Z8H8,GBP,matched,engine,11.59,11.59,11.59,0.00
paypal_eu,TXN-102978,ORD-502978,SALE,C7HV5AEAGPCCWZUY1,GBP,matched,engine,11.59,11.59,11.59,0.00
paypal_eu,TXN-103406,ORD-503406,SALE,XXMUGUGG7644J2586,GBP,matched,engine,11.59,11.59,11.59,0.00
paypal_eu,TXN-102974,ORD-502974,SALE,SBZ1MRHRA0N9YB2JW,GBP,matched,engine,11.59,11.59,11.59,0.00
paypal_eu,TXN-103658,ORD-503658,SALE,2T6KETWXNUCDGSY5T,GBP,matched,engine,11.61,11.61,11.61,0.00
paypal_eu,TXN-103393,ORD-503393,SALE,Z2FZDLKE4998K9H5D,GBP,matched,engine,11.61,11.61,11.61,0.00
paypal_eu,TXN-103794,ORD-503794,SALE,LZQS5SVZ5XV0VB98U,GBP,matched,engine,11.61,11.61,11.61,0.00
paypal_eu,TXN-103642,ORD-503642,SALE,68PZ8AJ5WC1MDG25E,GBP,matched,engine,5.80,5.80,5.80,0.00
paypal_eu,TXN-103606,ORD-503606,SALE,W8DWC2X5ELPYHZWRQ,GBP,matched,engine,11.62,11.62,11.62,0.00
paypal_eu,TXN-103136,ORD-503136,SALE,2L2EKCVYRJM9Y8WAZ,GBP,matched,engine,71.10,71.10,71.10,0.00
paypal_eu,TXN-102941,ORD-502941,SALE,BG7XSTJL7PEQPRYBB,GBP,matched,engine,11.62,11.62,11.62,0.00
paypal_eu,TXN-103504,ORD-503504,SALE,TW4R8L3SC8YUPTY14,GBP,matched,engine,11.62,11.62,11.62,0.00
paypal_eu,TXN-103826,ORD-503826,SALE,H5K8VZZ75U0KVF525,GBP,matched,engine,11.62,11.62,11.62,0.00
paypal_eu,TXN-103065,ORD-503065,SALE,3YSBLL9SDAPP4533A,GBP,matched,engine,11.62,11.62,11.62,0.00
paypal_eu,TXN-107850,ORD-502988,REFUND,9BSGUU7039FHMDA0U,GBP,matched,engine,-11.62,-11.62,-11.62,0.00
paypal_eu,TXN-102828,ORD-502828,SALE,V3HZNFBZSB3KWXSJF,GBP,matched,engine,28.43,28.43,28.43,0.00
paypal_eu,TXN-103750,ORD-503750,SALE,7RK8U87SAZQ09W5B6,GBP,matched,engine,28.43,28.43,28.43,0.00
paypal_eu,TXN-103879,ORD-503879,SALE,FD521FTGGDS8PCQJX,GBP,matched,engine,28.43,28.43,28.43,0.00
paypal_eu,TXN-103056,ORD-503056,SALE,VFERSY3SD1YA4HP6J,GBP,matched,engine,28.43,28.43,28.43,0.00
paypal_eu,TXN-102392,ORD-502392,SALE,UY500S3BGCABG1QWG,GBP,matched,engine,11.62,11.62,11.62,0.00
paypal_eu,TXN-102714,ORD-502714,SALE,62RLQ9AFYY2Y5CZTF,GBP,matched,engine,11.62,11.62,11.62,0.00
paypal_eu,TXN-103778,ORD-503778,SALE,4CCT4MPC0Y5DMMAZP,GBP,matched,engine,11.62,11.62,11.62,0.00
paypal_eu,TXN-107853,ORD-503196,REFUND,ESV5JNXD0KTMNKPK8,GBP,matched,engine,-28.43,-28.43,-28.43,0.00
paypal_eu,TXN-102119,ORD-502119,SALE,ZS3V5GXNEJHQX7BNJ,GBP,matched_declined,engine,0.00,0.00,0.00,0.00
paypal_eu,TXN-103799,ORD-503799,SALE,P47Z6EB9JNH66MS60,GBP,matched,engine,11.62,11.62,11.62,0.00
paypal_eu,TXN-103546,ORD-503546,SALE,QS8Z6ELB6HL62ZV1Q,GBP,matched_declined,engine,0.00,0.00,0.00,0.00
paypal_eu,TXN-102460,ORD-502460,SALE,MKB7CYVYFWBRRXX0L,GBP,matched,engine,11.62,11.62,11.62,0.00
paypal_eu,TXN-102982,ORD-502982,SALE,XYSRRT7SP226P5ZK0,GBP,matched,engine,11.62,11.62,11.62,0.00
paypal_eu,TXN-102129,ORD-502129,SALE,9P365T3Q2FSKD6Z95,GBP,matched,engine,11.62,11.62,11.62,0.00
paypal_eu,TXN-102938,ORD-502938,SALE,VNX6XJL8BJQ5ZN0EP,GBP,matched,engine,11.62,11.62,11.62,0.00
paypal_eu,TXN-103757,ORD-503757,SALE,VYEHFYZA0QHYX7UZE,GBP,matched,engine,11.62,11.62,11.62,0.00
paypal_eu,TXN-103368,ORD-503368,SALE,UJ6WYN15SSX4V9FAG,GBP,matched,engine,11.62,11.62,11.62,0.00
paypal_eu,TXN-103900,ORD-503900,SALE,CSF36AN1XC4D1FRLC,GBP,matched,engine,11.62,11.62,11.62,0.00
paypal_eu,TXN-103873,ORD-503873,SALE,AMN1YWVHADUH53UXY,GBP,matched,engine,11.62,11.62,11.62,0.00
paypal_eu,TXN-102309,ORD-502309,SALE,GJW44Q6Y5ZXD20X0J,GBP,matched_declined,engine,0.00,0.00,0.00,0.00
paypal_eu,TXN-102117,ORD-502117,SALE,7ZB9C75X0ZSRKGU24,GBP,matched,engine,11.62,11.62,11.62,0.00
paypal_eu,TXN-103845,ORD-503845,SALE,VM3Z0N0BLYWZCWN7K,GBP,matched,engine,11.62,11.62,11.62,0.00
paypal_eu,TXN-102934,ORD-502934,SALE,L3AHF2HMY3P8XTWVA,GBP,matched,engine,28.43,28.43,28.43,0.00
paypal_eu,TXN-103592,ORD-503592,SALE,PBBVB3FD79AREWW7R,GBP,matched,engine,11.62,11.62,11.62,0.00
paypal_eu,TXN-103765,ORD-503765,SALE,P06X56SG1XK691MBT,GBP,matched,engine,28.43,28.43,28.43,0.00
paypal_eu,TXN-102328,ORD-502328,SALE,RHL444G0EKTAPMMTA,GBP,matched,engine,28.43,28.43,28.43,0.00
paypal_eu,TXN-103704,ORD-503704,SALE,AQTT8HF8SQTPGWZJL,GBP,matched,engine,11.62,11.62,11.62,0.00
paypal_eu,TXN-102654,ORD-502654,SALE,TM1TD5S0X50YUNL4W,GBP,matched_declined,engine,0.00,0.00,0.00,0.00
paypal_eu,TXN-102278,ORD-502278,SALE,MB71658B60AJQH7EN,GBP,matched,engine,11.66,11.66,11.66,0.00
paypal_eu,TXN-103495,ORD-503495,SALE,VN87SHTTKKGA3C96D,GBP,matched,engine,11.66,11.66,11.66,0.00
paypal_eu,TXN-103812,ORD-503812,SALE,ZREUBLZVD9E147F44,GBP,matched,engine,11.66,11.66,11.66,0.00
paypal_eu,TXN-103675,ORD-503675,SALE,5RJLYX53MXFALUV7K,GBP,matched,engine,11.66,11.66,11.66,0.00
paypal_eu,TXN-102289,ORD-502289,SALE,FU1KNDR1QQV1ST5L9,GBP,matched,engine,11.66,11.66,11.66,0.00
paypal_eu,TXN-102114,ORD-502114,SALE,MZ6JEF5LLG9A3653B,GBP,matched,engine,11.66,11.66,11.66,0.00
paypal_eu,TXN-103559,ORD-503559,SALE,T886759A0172WV6CR,GBP,matched,engine,11.66,11.66,11.66,0.00
paypal_eu,TXN-102970,ORD-502970,SALE,6HXZ54GMLFYGB7R49,GBP,matched,engine,28.52,28.52,28.52,0.00
paypal_eu,TXN-103212,ORD-503212,SALE,DHDLBHPYYSHUXBW2Q,GBP,matched,engine,11.66,11.66,11.66,0.00
paypal_eu,TXN-102901,ORD-502901,SALE,4EAYKULV6R7LM56FK,GBP,matched,engine,5.82,5.82,5.82,0.00
paypal_eu,TXN-102150,ORD-502150,SALE,RR89XLGBQDWGKJ6CP,GBP,matched,engine,71.31,71.31,71.31,0.00
paypal_eu,TXN-103447,ORD-503447,SALE,B2LLSCKSLX65DQ3VK,GBP,matched,engine,11.62,11.62,11.62,0.00
paypal_eu,TXN-103426,ORD-503426,SALE,WTB6Q6WKLZMAM8FZ0,GBP,matched,engine,11.62,11.62,11.62,0.00
paypal_eu,TXN-102668,ORD-502668,SALE,B65QDQ1ZC4N7BMSXJ,GBP,matched,engine,5.80,5.80,5.80,0.00
paypal_eu,TXN-103048,ORD-503048,SALE,PBJFW4UU9GR96WFDD,GBP,matched,engine,28.43,28.43,28.43,0.00
paypal_eu,TXN-103314,ORD-503314,SALE,83DM1G2APM0J9J0ZX,GBP,matched,engine,11.62,11.62,11.62,0.00
paypal_eu,TXN-103656,ORD-503656,SALE,YXWNX8CA5KVYUNN9M,GBP,matched,engine,11.62,11.62,11.62,0.00
paypal_eu,TXN-103758,ORD-503758,SALE,UKGXFZ5GA39WQ37ZV,GBP,matched,engine,11.62,11.62,11.62,0.00
paypal_eu,TXN-103584,ORD-503584,SALE,T3P64XUFHCNVYJ01E,GBP,matched,engine,5.80,5.80,5.80,0.00
paypal_eu,TXN-102418,ORD-502418,SALE,9S0891QE4KR4XPXUR,GBP,matched,engine,11.62,11.62,11.62,0.00
paypal_eu,TXN-103408,ORD-503408,SALE,L09LR94TKSEVBEE3X,GBP,matched,engine,11.62,11.62,11.62,0.00
paypal_eu,TXN-103530,ORD-503530,SALE,VBF4LF6J4DTWSGEPS,GBP,matched,engine,11.62,11.62,11.62,0.00
paypal_eu,TXN-102451,ORD-502451,SALE,NCHA077A8J3SFX84S,GBP,matched,engine,11.62,11.62,11.62,0.00
paypal_eu,TXN-103154,ORD-503154,SALE,EHYWAXZP7VM3F7D8P,GBP,matched,engine,28.43,28.43,28.43,0.00
paypal_eu,TXN-103672,ORD-503672,SALE,5UN82Q539DDC983CB,GBP,matched,engine,11.62,11.62,11.62,0.00
paypal_eu,TXN-103831,ORD-503831,SALE,FTCD9EGRA876NDQ96,GBP,matched,engine,28.54,28.54,28.54,0.00
paypal_eu,TXN-107843,ORD-502785,REFUND,11A42W4QYKLEN9XP4,GBP,matched,engine,-14.28,-14.28,-14.28,0.00
paypal_eu,TXN-103858,ORD-503858,SALE,8W5KETJ7DFS8DE2MT,GBP,matched,engine,28.54,28.54,28.54,0.00
paypal_eu,TXN-103388,ORD-503388,SALE,G4TTVH4QH9YRTPB6X,GBP,matched,engine,11.67,11.67,11.67,0.00
paypal_eu,TXN-102346,ORD-502346,SALE,PFVNGY5G7MZCY9FQZ,GBP,matched,engine,28.54,28.54,28.54,0.00
paypal_eu,TXN-102722,ORD-502722,SALE,GEKK3CTJ63YPYMKMR,GBP,matched,engine,11.67,11.67,11.67,0.00
paypal_eu,TXN-102501,ORD-502501,SALE,6HAEK111VK74QJ6YN,GBP,matched,engine,28.54,28.54,28.54,0.00
paypal_eu,TXN-102965,ORD-502965,SALE,0QMKULKRPB12JKUY9,GBP,matched,engine,28.54,28.54,28.54,0.00
paypal_eu,TXN-103759,ORD-503759,SALE,K3HGTA2BT5ZFTP4SB,GBP,matched_declined,engine,0.00,0.00,0.00,0.00
paypal_eu,TXN-102240,ORD-502240,SALE,HQHR7AV4GQ1EFGKHE,GBP,matched,engine,11.67,11.67,11.67,0.00
paypal_eu,TXN-103262,ORD-503262,SALE,G62XENT3XA4YTDLCX,GBP,matched,engine,28.54,28.54,28.54,0.00
paypal_eu,TXN-102713,ORD-502713,SALE,4ZL1JPZC59J3TX6J1,GBP,matched,engine,28.54,28.54,28.54,0.00
paypal_eu,TXN-103177,ORD-503177,SALE,HF8LTA7DXQV1SC1FQ,GBP,matched,engine,5.83,5.83,5.83,0.00
paypal_eu,TXN-103087,ORD-503087,SALE,HWXBEG8ZT8YLSP353,GBP,matched,engine,11.65,11.65,11.65,0.00
paypal_eu,TXN-103257,ORD-503257,SALE,WM6ADVL6DGXVYGEB1,GBP,matched,engine,11.65,11.65,11.65,0.00
paypal_eu,TXN-103878,ORD-503878,SALE,7QV83J4PK0A7JMGQG,GBP,matched,engine,5.82,5.82,5.82,0.00
paypal_eu,TXN-102944,ORD-502944,SALE,6WCQ9FJCQW6EG4YJH,GBP,matched,engine,11.65,11.65,11.65,0.00
paypal_eu,TXN-103435,ORD-503435,SALE,ATREJQQEG4XGHBNLE,GBP,matched,engine,11.65,11.65,11.65,0.00
paypal_eu,TXN-102889,ORD-502889,SALE,TAMQZLWT9Z62XYG9N,GBP,matched,engine,11.65,11.65,11.65,0.00
paypal_eu,TXN-103371,ORD-503371,SALE,A57VUVYQ4EFQ5CR6S,GBP,matched,engine,28.50,28.50,28.50,0.00
paypal_eu,TXN-102140,ORD-502140,SALE,XQG175AWKZGS0903H,GBP,matched,engine,5.83,5.83,5.83,0.00
paypal_eu,TXN-103814,ORD-503814,SALE,8UDV3TFHT0ZEWEBZZ,GBP,matched,engine,11.67,11.67,11.67,0.00
paypal_eu,TXN-102262,ORD-502262,SALE,5KHNU5H43KGZCYNEH,GBP,matched,engine,11.67,11.67,11.67,0.00
paypal_eu,TXN-102847,ORD-502847,SALE,AFESXNH2AK6WMESAL,GBP,matched,engine,11.67,11.67,11.67,0.00
paypal_eu,TXN-102186,ORD-502186,SALE,7HUQY7M6UNKXLANPY,GBP,matched,engine,11.67,11.67,11.67,0.00
paypal_eu,TXN-102856,ORD-502856,SALE,50PZ7CWVR03AA62EH,GBP,matched_declined,engine,0.00,0.00,0.00,0.00
paypal_eu,TXN-102954,ORD-502954,SALE,UJKEJ3715GZKJELD3,GBP,matched,engine,5.83,5.83,5.83,0.00
paypal_eu,TXN-102779,ORD-502779,SALE,N0CV25BCEN9XC13RL,GBP,matched,engine,5.83,5.83,5.83,0.00
paypal_eu,TXN-102845,ORD-502845,SALE,T7LMGGM4FHY0NZW5L,GBP,matched,engine,11.67,11.67,11.67,0.00
paypal_eu,TXN-103226,ORD-503226,SALE,8MDAL564SC0L6CP1T,GBP,matched,engine,11.67,11.67,11.67,0.00
paypal_eu,TXN-103460,ORD-503460,SALE,PVQ9QMJ0FN41K16VJ,GBP,matched,engine,11.67,11.67,11.67,0.00
paypal_eu,TXN-103668,ORD-503668,SALE,68LBJL8J5EGUAZ8DL,GBP,matched,engine,28.54,28.54,28.54,0.00
paypal_eu,TXN-103892,ORD-503892,SALE,EFSPA4S0JJB9KFJGP,GBP,matched,engine,28.54,28.54,28.54,0.00
paypal_eu,TXN-103698,ORD-503698,SALE,2CD3HB47JYBQQDSEN,GBP,matched,engine,28.54,28.54,28.54,0.00
paypal_eu,TXN-103613,ORD-503613,SALE,AKXGEUTV0B2M494X8,GBP,matched,engine,11.67,11.67,11.67,0.00
paypal_eu,TXN-103494,ORD-503494,SALE,WLLMB52BSXPG69UQE,GBP,matched,engine,5.83,5.83,5.83,0.00
paypal_eu,TXN-102143,ORD-502143,SALE,BEXCDJZ3HATP636Q9,GBP,matched,engine,71.37,71.37,71.37,0.00
paypal_eu,TXN-102322,ORD-502322,SALE,Y46M3NSQ2AXZ23WJ8,GBP,matched,engine,5.83,5.83,5.83,0.00
paypal_eu,TXN-102712,ORD-502712,SALE,2NT7STPS7H7P95RC0,GBP,matched_declined,engine,0.00,0.00,0.00,0.00
paypal_eu,TXN-102349,ORD-502349,SALE,JT95K0JVVYZNXW3DW,GBP,matched,engine,11.67,11.67,11.67,0.00
paypal_eu,TXN-107857,ORD-503329,REFUND,7D8U6EEW553XXF85V,GBP,matched,engine,-14.28,-14.28,-14.28,0.00
paypal_eu,TXN-103808,ORD-503808,SALE,3Z3CLSV6SL0U7ECCV,GBP,matched,engine,5.83,5.83,5.83,0.00
paypal_eu,TXN-103869,ORD-503869,SALE,AZB0MB9DFRG7HD448,GBP,matched,engine,11.67,11.67,11.67,0.00
paypal_eu,TXN-102678,ORD-502678,SALE,KW728L7QZ2LHV97Y5,GBP,matched,engine,71.37,71.37,71.37,0.00
paypal_eu,TXN-102839,ORD-502839,SALE,3WHZATVXSQW6V49CW,GBP,matched,engine,28.54,28.54,28.54,0.00
paypal_eu,TXN-103365,ORD-503365,SALE,SAATK03D0MXU6MLUX,GBP,matched,engine,11.67,11.67,11.67,0.00
paypal_eu,TXN-102318,ORD-502318,SALE,U5MFNK9M9N2SGCAY4,GBP,matched,engine,11.67,11.67,11.67,0.00
paypal_eu,TXN-102832,ORD-502832,SALE,1VSWA1QS8B2UQNFSH,GBP,matched,engine,71.37,71.37,71.37,0.00
paypal_eu,TXN-103127,ORD-503127,SALE,F41LHQ3ZA3AGEUSMM,GBP,matched_declined,engine,0.00,0.00,0.00,0.00
paypal_eu,TXN-102673,ORD-502673,SALE,HHQJP5G3YBADKH07C,GBP,matched,engine,11.67,11.67,11.67,0.00
paypal_eu,TXN-103692,ORD-503692,SALE,NHG2BR54AD2KPDX73,GBP,matched,engine,5.83,5.83,5.83,0.00
paypal_eu,TXN-102683,ORD-502683,SALE,QXD8X05H6N1VZ9BTW,GBP,matched,engine,11.67,11.67,11.67,0.00
paypal_eu,TXN-103025,ORD-503025,SALE,0FLVF37V1ZN11UA3P,GBP,matched,engine,28.54,28.54,28.54,0.00
paypal_eu,TXN-103825,ORD-503825,SALE,USR1ZKEPDCAK8F27F,GBP,matched,engine,11.67,11.67,11.67,0.00
paypal_eu,TXN-103684,ORD-503684,SALE,5Y1YSNX9AUB8BBF8M,GBP,matched,engine,28.54,28.54,28.54,0.00
paypal_eu,TXN-102198,ORD-502198,SALE,7PXPXR0MKQGCX3VSZ,GBP,matched,engine,11.67,11.67,11.67,0.00
paypal_eu,TXN-102860,ORD-502860,SALE,6F01N568XR1F3BKPL,GBP,matched_declined,engine,0.00,0.00,0.00,0.00
paypal_eu,TXN-102514,ORD-502514,SALE,W9E8QSS5EALML4SP0,GBP,matched,engine,28.55,28.55,28.55,0.00
paypal_eu,TXN-102151,ORD-502151,SALE,6W02YMCSAHNT8VTUP,GBP,matched,engine,11.67,11.67,11.67,0.00
paypal_eu,TXN-107870,ORD-503831,REFUND,1KBLE56YBA0QV4Y90,GBP,matched,engine,-28.55,-28.55,-28.55,0.00
paypal_eu,TXN-102768,ORD-502768,SALE,8U7ZPE56DWM7YT0XY,GBP,matched,engine,11.67,11.67,11.67,0.00
paypal_eu,TXN-102957,ORD-502957,SALE,7RG28CU8W2G02CV1U,GBP,matched,engine,11.67,11.67,11.67,0.00
paypal_eu,TXN-102257,ORD-502257,SALE,J275KJMT69WUY3ESR,GBP,matched,engine,11.67,11.67,11.67,0.00
paypal_eu,TXN-102987,ORD-502987,SALE,NAWXBD9JX7JXLTU0C,GBP,matched,engine,28.55,28.55,28.55,0.00
paypal_eu,TXN-103729,ORD-503729,SALE,WSDWN84D86GKHMQ4K,GBP,matched_declined,engine,0.00,0.00,0.00,0.00
paypal_eu,TXN-102619,ORD-502619,SALE,10PVXBGVPMGMPAVHY,GBP,matched,engine,5.83,5.83,5.83,0.00
paypal_eu,TXN-103804,ORD-503804,SALE,ZVC0J3HQXUVBGX6U7,GBP,matched,engine,71.40,71.40,71.40,0.00
paypal_eu,TXN-102184,ORD-502184,SALE,2PQ55YFRP2YEF57NP,GBP,matched,engine,5.83,5.83,5.83,0.00
paypal_eu,TXN-103413,ORD-503413,SALE,H97XX4ELZUTF3KSKR,GBP,matched,engine,28.64,28.64,28.64,0.00
paypal_eu,TXN-102381,ORD-502381,SALE,QGYXPZPGCAU226TJF,GBP,matched,engine,11.71,11.71,11.71,0.00
paypal_eu,TXN-103181,ORD-503181,SALE,SXKXGK512L7J20VMG,GBP,matched,engine,11.71,11.71,11.71,0.00
paypal_eu,TXN-102614,ORD-502614,SALE,W2DGJM8AJL7VG5UPE,GBP,matched,engine,71.63,71.63,71.63,0.00
paypal_eu,TXN-103047,ORD-503047,SALE,NBRP8CD49FJXDKRTR,GBP,matched_declined,engine,0.00,0.00,0.00,0.00
paypal_eu,TXN-102627,ORD-502627,SALE,71HZ9JG5X6AKWYENJ,GBP,matched,engine,28.64,28.64,28.64,0.00
paypal_eu,TXN-102581,ORD-502581,SALE,553FJ7DU4SPE236VA,GBP,matched,engine,5.85,5.85,5.85,0.00
paypal_eu,TXN-102807,ORD-502807,SALE,7XZLD2R2RCF0KHPC8,EUR,matched_declined,engine,0.00,0.00,0.00,0.00
paypal_eu,TXN-102391,ORD-502391,SALE,X58WV0WGD7RTUMDFG,EUR,matched,engine,5.45,5.45,5.45,0.00
paypal_eu,TXN-102716,ORD-502716,SALE,YYPAT7FULDP4Z8VDV,EUR,matched_declined,engine,0.00,0.00,0.00,0.00
paypal_eu,TXN-102967,ORD-502967,SALE,5G067Q6S11PPCL3LN,EUR,matched,engine,65.49,65.49,65.49,0.00
paypal_eu,TXN-103558,ORD-503558,SALE,YB8MUD777Z8D29B5E,EUR,matched,engine,10.91,10.91,10.91,0.00
paypal_eu,TXN-102816,ORD-502816,SALE,ZB4KZ4AQ7WHKB2SFF,EUR,matched,engine,10.91,10.91,10.91,0.00
paypal_eu,TXN-103785,ORD-503785,SALE,291D0033BRD52DQ9G,EUR,matched,engine,10.91,10.91,10.91,0.00
paypal_eu,TXN-103378,ORD-503378,SALE,29AGL7T6K6YHAYJ62,EUR,matched_declined,engine,0.00,0.00,0.00,0.00
paypal_eu,TXN-103309,ORD-503309,SALE,37SEAHGVWVHGP586S,EUR,matched,engine,65.49,65.49,65.49,0.00
paypal_eu,TXN-102145,ORD-502145,SALE,FDTADMN05F0VQKQZE,EUR,matched,engine,10.91,10.91,10.91,0.00
paypal_eu,TXN-102782,ORD-502782,SALE,TTCS5T5A2VCJHPK1K,EUR,matched,engine,10.91,10.91,10.91,0.00
paypal_eu,TXN-103665,ORD-503665,SALE,SPJZ5SBZH0NJF6D7M,EUR,matched,engine,65.49,65.49,65.49,0.00
paypal_eu,TXN-103683,ORD-503683,SALE,E71NXM1AA4MGE7K4K,EUR,matched_declined,engine,0.00,0.00,0.00,0.00
paypal_eu,TXN-102563,ORD-502563,SALE,DZZK9JL1Z22P0MNQM,EUR,matched,engine,65.49,65.49,65.49,0.00
paypal_eu,TXN-103728,ORD-503728,SALE,96M6724UYNN5ZED4C,EUR,matched,engine,10.91,10.91,10.91,0.00
paypal_eu,TXN-102961,ORD-502961,SALE,SQSAC0DNKQ12J19P0,EUR,matched,engine,10.91,10.91,10.91,0.00
paypal_eu,TXN-103470,ORD-503470,SALE,JEK2DPPJSCKX8K5R1,EUR,matched,engine,10.91,10.91,10.91,0.00
paypal_eu,TXN-102912,ORD-502912,SALE,Q6VK3GY4R4UQNQR42,EUR,matched,engine,10.91,10.91,10.91,0.00
paypal_eu,TXN-102976,ORD-502976,SALE,GP2CG3SFY31J0AMU4,EUR,matched,engine,10.91,10.91,10.91,0.00
paypal_eu,TXN-103355,ORD-503355,SALE,HX2PWPX5UVJTAGVC3,EUR,matched,engine,10.91,10.91,10.91,0.00
paypal_eu,TXN-103249,ORD-503249,SALE,28WM9D5UK10LEDKYL,EUR,matched,engine,27.28,27.28,27.28,0.00
paypal_eu,TXN-102720,ORD-502720,SALE,Z09WTET1B8RFXNJUM,EUR,matched,engine,10.91,10.91,10.91,0.00
paypal_eu,TXN-102904,ORD-502904,SALE,E3GMX1Y8VD3E3HX1X,EUR,matched,engine,10.91,10.91,10.91,0.00
paypal_eu,TXN-103118,ORD-503118,SALE,EN34VSM9HH6HRUCWA,EUR,matched,engine,10.91,10.91,10.91,0.00
paypal_eu,TXN-102940,ORD-502940,SALE,J6MDLX827SF8D6WR2,EUR,matched,engine,10.91,10.91,10.91,0.00
paypal_eu,TXN-103050,ORD-503050,SALE,M3KLFTG8GDRKY9N3M,EUR,matched,engine,5.45,5.45,5.45,0.00
paypal_eu,TXN-103528,ORD-503528,SALE,SSJ17CPS8897RF1KV,EUR,matched,engine,10.91,10.91,10.91,0.00
paypal_eu,TXN-103713,ORD-503713,SALE,LHV6U2FAGUQF9VL5W,EUR,matched,engine,27.28,27.28,27.28,0.00
paypal_eu,TXN-102477,ORD-502477,SALE,D4THLFSFGXA038T97,EUR,matched,engine,65.49,65.49,65.49,0.00
paypal_eu,TXN-103525,ORD-503525,SALE,8N8BAERCJBQ6G5T1U,EUR,matched,engine,10.91,10.91,10.91,0.00
paypal_eu,TXN-102916,ORD-502916,SALE,CD9681UCLEPTM98ZE,EUR,matched,engine,10.91,10.91,10.91,0.00
paypal_eu,TXN-102775,ORD-502775,SALE,TJGVWKEA0VBREL6MT,EUR,matched,engine,10.91,10.91,10.91,0.00
paypal_eu,TXN-102540,ORD-502540,SALE,P7VW2GWA4RRXML46Z,EUR,matched,engine,5.45,5.45,5.45,0.00
paypal_eu,TXN-103541,ORD-503541,SALE,PVCD5SRKD40K95HAD,EUR,matched,engine,10.91,10.91,10.91,0.00
paypal_eu,TXN-102932,ORD-502932,SALE,9RVGEYXGRR00GPNBJ,EUR,matched,engine,10.91,10.91,10.91,0.00
paypal_eu,TXN-103268,ORD-503268,SALE,RDZWC95E30PJP1GFV,EUR,matched,engine,65.49,65.49,65.49,0.00
paypal_eu,TXN-103843,ORD-503843,SALE,YCC3CE7G9UMRNBSRP,EUR,matched,engine,10.91,10.91,10.91,0.00
paypal_eu,TXN-103580,ORD-503580,SALE,EQELJXT6NAVLLSPER,EUR,matched,engine,10.91,10.91,10.91,0.00
paypal_eu,TXN-102927,ORD-502927,SALE,MMQM7RGSLFHH5ZAPM,EUR,matched,engine,10.91,10.91,10.91,0.00
paypal_eu,TXN-102663,ORD-502663,SALE,LWT2NBN63213AZ91G,EUR,matched,engine,65.49,65.49,65.49,0.00
paypal_eu,TXN-102537,ORD-502537,SALE,JR1SUR8G07W17ZPNR,EUR,matched,engine,5.45,5.45,5.45,0.00
paypal_eu,TXN-102556,ORD-502556,SALE,P54742W2ULA8YDR0L,EUR,matched,engine,5.45,5.45,5.45,0.00
paypal_eu,TXN-103515,ORD-503515,SALE,5L09Y5MKL1M88783A,EUR,matched,engine,10.91,10.91,10.91,0.00
paypal_eu,TXN-102887,ORD-502887,SALE,6B575P0RQ850WECXG,EUR,matched,engine,10.91,10.91,10.91,0.00
paypal_eu,TXN-103730,ORD-503730,SALE,EFMGKG8577VULML2K,EUR,matched,engine,10.91,10.91,10.91,0.00
paypal_eu,TXN-103622,ORD-503622,SALE,C57GE0L2GFRQWD3CE,EUR,matched,engine,27.28,27.28,27.28,0.00
paypal_eu,TXN-102805,ORD-502805,SALE,1TSCPA24ZS50MZL42,EUR,matched,engine,27.28,27.28,27.28,0.00
paypal_eu,TXN-102624,ORD-502624,SALE,8SJKRZQY8E8K2HBYK,EUR,matched,engine,10.91,10.91,10.91,0.00
paypal_eu,TXN-103013,ORD-503013,SALE,SV7F4K2C0CYMYZ7WB,EUR,matched,engine,27.28,27.28,27.28,0.00
paypal_eu,TXN-102756,ORD-502756,SALE,8TAJ4K58813ZJPNF7,EUR,matched,engine,5.47,5.47,5.47,0.00
paypal_eu,TXN-103293,ORD-503293,SALE,FA9RLVFJ89U2CH5WB,EUR,matched,engine,10.95,10.95,10.95,0.00
paypal_eu,TXN-103793,ORD-503793,SALE,EDHGRGASCPCHVXLQR,EUR,matched,engine,27.39,27.39,27.39,0.00
paypal_eu,TXN-103488,ORD-503488,SALE,F41TWFSBXXWBY3BAB,EUR,matched,engine,10.95,10.95,10.95,0.00
paypal_eu,TXN-103456,ORD-503456,SALE,WEMP088Y0X6R3HBHQ,EUR,matched_declined,engine,0.00,0.00,0.00,0.00
paypal_eu,TXN-103805,ORD-503805,SALE,9LHE2WNTHHTH21JLW,EUR,matched,engine,10.95,10.95,10.95,0.00
paypal_eu,TXN-103236,ORD-503236,SALE,C8E7EWQAERDP4X9TL,EUR,matched,engine,10.95,10.95,10.95,0.00
paypal_eu,TXN-103625,ORD-503625,SALE,9QDH64N3230FJ5UJJ,EUR,matched,engine,65.75,65.75,65.75,0.00
paypal_eu,TXN-102708,ORD-502708,SALE,CWXZR301RAU26NCYV,EUR,matched,engine,10.95,10.95,10.95,0.00
paypal_eu,TXN-102591,ORD-502591,SALE,6CBCJ98FK1VGFARCK,EUR,matched,engine,10.95,10.95,10.95,0.00
paypal_eu,TXN-102277,ORD-502277,SALE,HPSEU860VAPZNXQFA,EUR,matched,engine,65.75,65.75,65.75,0.00
paypal_eu,TXN-102629,ORD-502629,SALE,2Q2WVP4RK403QPTA9,EUR,matched,engine,10.95,10.95,10.95,0.00
paypal_eu,TXN-102208,ORD-502208,SALE,LHVNT739GZ07V1W28,EUR,matched,engine,27.39,27.39,27.39,0.00
paypal_eu,TXN-102463,ORD-502463,SALE,41TMJ2VY4GWJGP4UJ,EUR,matched,engine,10.95,10.95,10.95,0.00
paypal_eu,TXN-102137,ORD-502137,SALE,BF60WVTNV10DDB2Q5,EUR,matched,engine,65.75,65.75,65.75,0.00
paypal_eu,TXN-102372,ORD-502372,SALE,EAYSL7USYJBDXTMDW,EUR,matched,engine,10.95,10.95,10.95,0.00
paypal_eu,TXN-102810,ORD-502810,SALE,K4CM7D2FXNRS3FFBQ,EUR,matched,engine,10.95,10.95,10.95,0.00
paypal_eu,TXN-103319,ORD-503319,SALE,HDDLAJ34E2CPQMZSQ,EUR,matched,engine,10.95,10.95,10.95,0.00
paypal_eu,TXN-103307,ORD-503307,SALE,B0D5GLJ8MZ8C2D0NQ,EUR,matched,engine,10.95,10.95,10.95,0.00
paypal_eu,TXN-103712,ORD-503712,SALE,6B3G2QXGU7NYAFTEZ,EUR,matched,engine,27.39,27.39,27.39,0.00
paypal_eu,TXN-102705,ORD-502705,SALE,A5UK0FET0G1YK532Z,EUR,matched_declined,engine,0.00,0.00,0.00,0.00
paypal_eu,TXN-103292,ORD-503292,SALE,6P752VK4L2559AM56,EUR,matched,engine,10.95,10.95,10.95,0.00
paypal_eu,TXN-102362,ORD-502362,SALE,3DKYQ7Q0K3SS99CJZ,EUR,matched,engine,10.95,10.95,10.95,0.00
paypal_eu,TXN-103901,ORD-503901,SALE,2LVZR36VQV2FJJ1KR,EUR,matched,engine,27.39,27.39,27.39,0.00
paypal_eu,TXN-102595,ORD-502595,SALE,8D0Z2588E4LD5PGSM,EUR,matched,engine,10.95,10.95,10.95,0.00
paypal_eu,TXN-103423,ORD-503423,SALE,KNZKNPCR023W9GHSN,EUR,matched,engine,10.95,10.95,10.95,0.00
paypal_eu,TXN-103594,ORD-503594,SALE,W4XZEXTJE5J4NCN6F,EUR,matched,engine,10.95,10.95,10.95,0.00
paypal_eu,TXN-103798,ORD-503798,SALE,5USG46X1WWB3TM5LZ,EUR,matched,engine,65.75,65.75,65.75,0.00
paypal_eu,TXN-102894,ORD-502894,SALE,PVZP6YGHPUJF4WJ0F,EUR,matched,engine,10.95,10.95,10.95,0.00
paypal_eu,TXN-103150,ORD-503150,SALE,NAYNZ6U16XQ0N5EL5,EUR,matched,engine,65.75,65.75,65.75,0.00
paypal_eu,TXN-102541,ORD-502541,SALE,KWH9687SXE9ZTU0M0,EUR,matched,engine,5.47,5.47,5.47,0.00
paypal_eu,TXN-102616,ORD-502616,SALE,DGS8G1Y2L6Y2Y6P3G,EUR,matched,engine,27.39,27.39,27.39,0.00
paypal_eu,TXN-102452,ORD-502452,SALE,SDY07NRS1W1Z90BDT,EUR,matched,engine,10.95,10.95,10.95,0.00
paypal_eu,TXN-103323,ORD-503323,SALE,Q169B8U2ETDU2913D,EUR,matched,engine,10.95,10.95,10.95,0.00
paypal_eu,TXN-103053,ORD-503053,SALE,NLHULZ4WRUXTYHHQB,EUR,matched,engine,10.95,10.95,10.95,0.00
paypal_eu,TXN-102733,ORD-502733,SALE,R2WWPV6PWH6TA1ZLP,EUR,matched,engine,65.75,65.75,65.75,0.00
paypal_eu,TXN-103394,ORD-503394,SALE,WHUBZF9Q9J6Q58MCG,EUR,matched,engine,10.95,10.95,10.95,0.00
paypal_eu,TXN-103338,ORD-503338,SALE,XQTMXSUYS3DMLWV2K,EUR,matched,engine,10.95,10.95,10.95,0.00
paypal_eu,TXN-102108,ORD-502108,SALE,WTJ08EXDM4Y323SRY,EUR,matched,engine,65.75,65.75,65.75,0.00
paypal_eu,TXN-103101,ORD-503101,SALE,857UT34E5YCCHTP4N,EUR,matched,engine,10.95,10.95,10.95,0.00
paypal_eu,TXN-102649,ORD-502649,SALE,QLC2ZB6QCC6QSRCGR,EUR,matched,engine,65.75,65.75,65.75,0.00
paypal_eu,TXN-103039,ORD-503039,SALE,CKB4LFZ5T1ALXZ1CS,EUR,matched,engine,10.95,10.95,10.95,0.00
paypal_eu,TXN-103903,ORD-503903,SALE,6Y0NP3312B05VAZTQ,EUR,matched,engine,65.75,65.75,65.75,0.00
paypal_eu,TXN-103132,ORD-503132,SALE,1JEKC1Y4G73FDQ4EE,EUR,matched,engine,5.47,5.47,5.47,0.00
paypal_eu,TXN-103884,ORD-503884,SALE,Q1F3FUW7P7PN58PSH,EUR,matched,engine,10.95,10.95,10.95,0.00
paypal_eu,TXN-103767,ORD-503767,SALE,GAK4QXRQALYYQ5UDS,EUR,matched,engine,10.95,10.95,10.95,0.00
paypal_eu,TXN-102320,ORD-502320,SALE,XSWWN8PP2NEGFX5MC,EUR,matched,engine,10.95,10.95,10.95,0.00
paypal_eu,TXN-102648,ORD-502648,SALE,E7VLVYPC3G66U4Q3P,EUR,matched_declined,engine,0.00,0.00,0.00,0.00
paypal_eu,TXN-102835,ORD-502835,SALE,YE6QMKZALQ4AS2QTM,EUR,matched,engine,10.95,10.95,10.95,0.00
paypal_eu,TXN-102786,ORD-502786,SALE,35VB44TPX3P7YYTCG,EUR,matched,engine,65.75,65.75,65.75,0.00
paypal_eu,TXN-103870,ORD-503870,SALE,H2GLQUK0UZU3SBTE8,EUR,matched,engine,27.39,27.39,27.39,0.00
paypal_eu,TXN-103467,ORD-503467,SALE,H7EGW22DKY27MZM2V,EUR,matched,engine,27.39,27.39,27.39,0.00
paypal_eu,TXN-103604,ORD-503604,SALE,LJDGGHY4CWJM0MCPA,EUR,matched,engine,27.39,27.39,27.39,0.00
paypal_eu,TXN-103038,ORD-503038,SALE,A15FKW56ZTKQNXWPS,EUR,matched,engine,27.39,27.39,27.39,0.00
paypal_eu,TXN-102703,ORD-502703,SALE,KEQ6XZRPC6ZUN920F,EUR,matched_declined,engine,0.00,0.00,0.00,0.00
paypal_eu,TXN-103816,ORD-503816,SALE,6DXRG6GTPKWFHPDEN,EUR,matched,engine,10.94,10.94,10.94,0.00
paypal_eu,TXN-102397,ORD-502397,SALE,89T3WBBBMSGKPTMNK,EUR,matched,engine,27.35,27.35,27.35,0.00
paypal_eu,TXN-102590,ORD-502590,SALE,Q9HW59J9EM42YNDD3,EUR,matched,engine,10.94,10.94,10.94,0.00
paypal_eu,TXN-102866,ORD-502866,SALE,KGMTA1AAM09AS8R59,EUR,matched,engine,10.94,10.94,10.94,0.00
paypal_eu,TXN-103321,ORD-503321,SALE,6TVM9RY11PAJPQDG3,EUR,matched,engine,27.35,27.35,27.35,0.00
paypal_eu,TXN-103772,ORD-503772,SALE,NK7EEFQ86LAMMX76A,EUR,matched,engine,65.67,65.67,65.67,0.00
paypal_eu,TXN-103397,ORD-503397,SALE,ZXSXA3LEQRAMU7FU5,EUR,matched,engine,10.94,10.94,10.94,0.00
paypal_eu,TXN-102995,ORD-502995,SALE,CHW2FY3Y3RPU9HRAY,EUR,matched,engine,65.67,65.67,65.67,0.00
paypal_eu,TXN-103263,ORD-503263,SALE,ULV5QGY6YK9HS0PN4,EUR,matched,engine,10.94,10.94,10.94,0.00
paypal_eu,TXN-103273,ORD-503273,SALE,KYJ1WCLTKJZA2CM8B,EUR,matched,engine,65.67,65.67,65.67,0.00
paypal_eu,TXN-102637,ORD-502637,SALE,3VCMQN6ZH43Z7XXMY,EUR,matched,engine,10.94,10.94,10.94,0.00
paypal_eu,TXN-102188,ORD-502188,SALE,449F4J8R52GN785NN,EUR,matched,engine,10.94,10.94,10.94,0.00
paypal_eu,TXN-102427,ORD-502427,SALE,SLYZ3V7TW3YCEE5KQ,EUR,matched,engine,10.94,10.94,10.94,0.00
paypal_eu,TXN-102371,ORD-502371,SALE,S28HTDAJNF4H8BYQF,EUR,matched,engine,10.94,10.94,10.94,0.00
paypal_eu,TXN-103595,ORD-503595,SALE,RUT9H1ZBKCQWJAHG3,EUR,matched,engine,27.35,27.35,27.35,0.00
paypal_eu,TXN-102994,ORD-502994,SALE,YF99PKA82FN32TRYR,EUR,matched,engine,10.94,10.94,10.94,0.00
paypal_eu,TXN-102914,ORD-502914,SALE,21A8CD6GC8RDFY0CA,EUR,matched,engine,10.94,10.94,10.94,0.00
paypal_eu,TXN-102925,ORD-502925,SALE,H87GCEXYTV6W5YWZX,EUR,matched,engine,5.46,5.46,5.46,0.00
paypal_eu,TXN-102448,ORD-502448,SALE,EZL6UFYZ477SF3LVJ,EUR,matched,engine,10.94,10.94,10.94,0.00
paypal_eu,TXN-103092,ORD-503092,SALE,Y1MQ92W7AW2D0WSTE,EUR,matched,engine,10.94,10.94,10.94,0.00
paypal_eu,TXN-102865,ORD-502865,SALE,PME1G8PHTM6YZTBJA,EUR,matched,engine,65.67,65.67,65.67,0.00
paypal_eu,TXN-103544,ORD-503544,SALE,Y7WGYQUMMNGDVT1ME,EUR,matched_declined,engine,0.00,0.00,0.00,0.00
paypal_eu,TXN-103108,ORD-503108,SALE,YUGMCY338XHKMD0H2,EUR,matched,engine,65.67,65.67,65.67,0.00
paypal_eu,TXN-103567,ORD-503567,SALE,BGWJM0QHSK3KVYQEP,EUR,matched,engine,10.94,10.94,10.94,0.00
paypal_eu,TXN-103126,ORD-503126,SALE,FASXSA0HW05FHF0AW,EUR,matched,engine,65.67,65.67,65.67,0.00
paypal_eu,TXN-103709,ORD-503709,SALE,WLU4PG1LJS3G38DXJ,EUR,matched,engine,10.94,10.94,10.94,0.00
paypal_eu,TXN-102862,ORD-502862,SALE,L7X32UFE4TEDURA5H,EUR,matched,engine,10.94,10.94,10.94,0.00
paypal_eu,TXN-102394,ORD-502394,SALE,3ZRLEDW25A9TX0CEG,EUR,matched,engine,10.94,10.94,10.94,0.00
paypal_eu,TXN-103281,ORD-503281,SALE,HAA7LL04PKFMS17XP,EUR,matched_declined,engine,0.00,0.00,0.00,0.00
paypal_eu,TXN-102547,ORD-502547,SALE,RJVQ0E5S2QD4QS9R8,EUR,matched,engine,27.35,27.35,27.35,0.00
paypal_eu,TXN-102444,ORD-502444,SALE,VYGHJ803Z9WMNWG5S,EUR,matched,engine,10.94,10.94,10.94,0.00
paypal_eu,TXN-103233,ORD-503233,SALE,T04GXYNWK052J06VV,EUR,matched,engine,5.46,5.46,5.46,0.00
paypal_eu,TXN-103419,ORD-503419,SALE,NKQ4473AKYKNCC47F,EUR,matched,engine,65.67,65.67,65.67,0.00
paypal_eu,TXN-102409,ORD-502409,SALE,V97XNDGM23BR1VYBQ,EUR,matched,engine,65.67,65.67,65.67,0.00
paypal_eu,TXN-103224,ORD-503224,SALE,NVAZ5B7JQ2YYVSRWQ,EUR,matched,engine,10.94,10.94,10.94,0.00
paypal_eu,TXN-102496,ORD-502496,SALE,Q204Y8J2ULH49DT33,EUR,matched_declined,engine,0.00,0.00,0.00,0.00
paypal_eu,TXN-102764,ORD-502764,SALE,5Z5TTQBV8H68MTVL2,EUR,matched,engine,65.67,65.67,65.67,0.00
paypal_eu,TXN-102366,ORD-502366,SALE,2JWBEVVYV6YGZKY8U,EUR,matched,engine,27.35,27.35,27.35,0.00
paypal_eu,TXN-103701,ORD-503701,SALE,PE1BN3YR9SHAN28G0,EUR,matched,engine,27.35,27.35,27.35,0.00
paypal_eu,TXN-102504,ORD-502504,SALE,HKY1UVNRSBSHP6M6H,EUR,matched,engine,10.94,10.94,10.94,0.00
paypal_eu,TXN-103492,ORD-503492,SALE,ANE3AXGYWUWWFA90P,EUR,matched_declined,engine,0.00,0.00,0.00,0.00
paypal_eu,TXN-103888,ORD-503888,SALE,LUP2DHVXVH3CGGHG9,EUR,matched,engine,5.46,5.46,5.46,0.00
paypal_eu,TXN-103513,ORD-503513,SALE,VF36UWP0RU4WEZW64,EUR,matched,engine,5.46,5.46,5.46,0.00
paypal_eu,TXN-102242,ORD-502242,SALE,V1W9V9SA636HGAQB2,EUR,matched,engine,10.94,10.94,10.94,0.00
paypal_eu,TXN-102634,ORD-502634,SALE,GFR2T4TU6706TPGY5,EUR,matched,engine,5.46,5.46,5.46,0.00
paypal_eu,TXN-102454,ORD-502454,SALE,QYD73PSVUZ9HGTHCL,EUR,matched_declined,engine,0.00,0.00,0.00,0.00
paypal_eu,TXN-102822,ORD-502822,SALE,KRLBLTKP7MZ5UHZD1,EUR,matched_declined,engine,0.00,0.00,0.00,0.00
paypal_eu,TXN-102853,ORD-502853,SALE,9XUUMNT8FLZL3D891,EUR,matched,engine,27.29,27.29,27.29,0.00
paypal_eu,TXN-102426,ORD-502426,SALE,D7KJ9E5YVQD16HJEL,EUR,matched,engine,10.91,10.91,10.91,0.00
paypal_eu,TXN-103725,ORD-503725,SALE,CL5W70LWUZ04JY504,EUR,matched,engine,10.91,10.91,10.91,0.00
paypal_eu,TXN-103501,ORD-503501,SALE,DNBSF43N2J30G57F3,EUR,matched,engine,27.29,27.29,27.29,0.00
paypal_eu,TXN-102511,ORD-502511,SALE,VLHH3SHS7J1C6Y8B7,EUR,matched,engine,10.91,10.91,10.91,0.00
paypal_eu,TXN-103454,ORD-503454,SALE,7H4NUUJ0VNXLN6J7U,EUR,matched,engine,10.91,10.91,10.91,0.00
paypal_eu,TXN-102592,ORD-502592,SALE,V3V836Z6AA4UM62Q6,EUR,matched,engine,27.29,27.29,27.29,0.00
paypal_eu,TXN-103398,ORD-503398,SALE,N1JJYKS00JMJ7JQ89,EUR,matched,engine,65.51,65.51,65.51,0.00
paypal_eu,TXN-102333,ORD-502333,SALE,XSTBYK41NRMTJ1T22,EUR,matched,engine,65.51,65.51,65.51,0.00
paypal_eu,TXN-102223,ORD-502223,SALE,YTWP0Y2MXZAG2Z3B7,EUR,matched,engine,10.91,10.91,10.91,0.00
paypal_eu,TXN-103611,ORD-503611,SALE,K86RZSQ46G17S8M71,EUR,matched,engine,10.91,10.91,10.91,0.00
paypal_eu,TXN-102399,ORD-502399,SALE,1Q45Q6A3QX5DPZ5Z4,EUR,matched_declined,engine,0.00,0.00,0.00,0.00
paypal_eu,TXN-103744,ORD-503744,SALE,1J0Y8VR8Y4FMHE5Q0,EUR,matched,engine,10.91,10.91,10.91,0.00
paypal_eu,TXN-102817,ORD-502817,SALE,21PPZPGBA8VJWM0LV,EUR,matched,engine,5.45,5.45,5.45,0.00
paypal_eu,TXN-103600,ORD-503600,SALE,VWKARW8HQ2A8S2WJB,EUR,matched,engine,10.91,10.91,10.91,0.00
paypal_eu,TXN-103189,ORD-503189,SALE,BXGG4BBYQJKVGAC5B,EUR,matched,engine,27.29,27.29,27.29,0.00
paypal_eu,TXN-102784,ORD-502784,SALE,WMF34K6WDQGX2G63K,EUR,matched_declined,engine,0.00,0.00,0.00,0.00
paypal_eu,TXN-103169,ORD-503169,SALE,WVQ71JTCX67F1X67F,EUR,matched_declined,engine,0.00,0.00,0.00,0.00
paypal_eu,TXN-102416,ORD-502416,SALE,TFMXGDNHYHQCLRZN4,EUR,matched,engine,27.29,27.29,27.29,0.00
paypal_eu,TXN-103853,ORD-503853,SALE,UMPY0CFZMPG76Q1SC,EUR,matched,engine,5.45,5.45,5.45,0.00
paypal_eu,TXN-102323,ORD-502323,SALE,UGVCLZMCQC2GAAQXP,EUR,matched,engine,10.91,10.91,10.91,0.00
paypal_eu,TXN-103158,ORD-503158,SALE,5KDPPZ4HCYLDVKK36,EUR,matched,engine,10.91,10.91,10.91,0.00
paypal_eu,TXN-103715,ORD-503715,SALE,EV0CMRKLHY2Z9F3WY,EUR,matched,engine,10.91,10.91,10.91,0.00
paypal_eu,TXN-103057,ORD-503057,SALE,BGFUTNSF9RSX7AP8N,EUR,matched,engine,27.29,27.29,27.29,0.00
paypal_eu,TXN-102506,ORD-502506,SALE,W5TAYAM47M5JWVKZX,EUR,matched,engine,65.51,65.51,65.51,0.00
paypal_eu,TXN-102560,ORD-502560,SALE,945XUV6SVRCSPBFQ9,EUR,matched,engine,5.45,5.45,5.45,0.00
paypal_eu,TXN-102679,ORD-502679,SALE,7VB57XUR8CX98SPMD,EUR,matched_declined,engine,0.00,0.00,0.00,0.00
paypal_eu,TXN-103477,ORD-503477,SALE,4WSPYV79PTQNN5P9U,EUR,matched_declined,engine,0.00,0.00,0.00,0.00
paypal_eu,TXN-103649,ORD-503649,SALE,07HGLKJMLBMBRW7M5,EUR,matched,engine,65.51,65.51,65.51,0.00
paypal_eu,TXN-102386,ORD-502386,SALE,6JB809SGPT4EN2RPD,EUR,matched_declined,engine,0.00,0.00,0.00,0.00
paypal_eu,TXN-103246,ORD-503246,SALE,KEY2RF09FVDD33G3X,EUR,matched,engine,10.91,10.91,10.91,0.00
paypal_eu,TXN-102900,ORD-502900,SALE,0M8VNN9037VG82Q06,EUR,matched,engine,27.29,27.29,27.29,0.00
paypal_eu,TXN-103124,ORD-503124,SALE,PZXQ71SZXK3G7U6J3,EUR,matched,engine,27.29,27.29,27.29,0.00
paypal_eu,TXN-103779,ORD-503779,SALE,0VBD884MXW0LK5CM6,EUR,matched,engine,27.29,27.29,27.29,0.00
paypal_eu,TXN-102139,ORD-502139,SALE,QUW2VBC61GRJLWT4F,EUR,matched,engine,10.91,10.91,10.91,0.00
paypal_eu,TXN-102601,ORD-502601,SALE,P4VQ0ZH1RLQ2MF0LW,EUR,matched,engine,5.45,5.45,5.45,0.00
paypal_eu,TXN-102485,ORD-502485,SALE,22UYE88XTRCEXZCFM,EUR,matched,engine,27.29,27.29,27.29,0.00
paypal_eu,TXN-102245,ORD-502245,SALE,MH7R1BJAFJS98JNES,EUR,matched,engine,10.91,10.91,10.91,0.00
paypal_eu,TXN-102121,ORD-502121,SALE,56D2VAM4XTR0FFJHN,EUR,matched,engine,5.45,5.45,5.45,0.00
paypal_eu,TXN-102750,ORD-502750,SALE,UR1N6VPHAXQPRJN5K,EUR,matched,engine,5.45,5.45,5.45,0.00
paypal_eu,TXN-103840,ORD-503840,SALE,J0FCCA2PKSH3GXHVE,EUR,matched,engine,10.91,10.91,10.91,0.00
paypal_eu,TXN-103416,ORD-503416,SALE,KSYU4A62JGFAPFL31,EUR,matched,engine,27.29,27.29,27.29,0.00
paypal_eu,TXN-103643,ORD-503643,SALE,HZ0VN2TVBTW5C52SZ,EUR,matched,engine,65.51,65.51,65.51,0.00
paypal_eu,TXN-103033,ORD-503033,SALE,PAWGHL833L2QP9NMF,EUR,matched,engine,10.91,10.91,10.91,0.00
paypal_eu,TXN-103557,ORD-503557,SALE,X9G7G5WP8UUWFNBHE,EUR,matched,engine,10.91,10.91,10.91,0.00
paypal_eu,TXN-103143,ORD-503143,SALE,RT7YSJT3PB72SD3CS,EUR,matched_declined,engine,0.00,0.00,0.00,0.00
paypal_eu,TXN-103074,ORD-503074,SALE,2VRBPLAC5JHZVAFDK,EUR,matched_declined,engine,0.00,0.00,0.00,0.00
paypal_eu,TXN-102529,ORD-502529,SALE,M0R5FZ1EAZ2XTNUE8,EUR,matched,engine,65.51,65.51,65.51,0.00
paypal_eu,TXN-103332,ORD-503332,SALE,AJJ1TWF88WT6W74TS,EUR,matched,engine,10.91,10.91,10.91,0.00
paypal_eu,TXN-102919,ORD-502919,SALE,VXQ8TDXNL4H62GD5J,EUR,matched,engine,10.91,10.91,10.91,0.00
paypal_eu,TXN-103496,ORD-503496,SALE,8F8WBD8KJTSEDT456,EUR,matched,engine,27.29,27.29,27.29,0.00
paypal_eu,TXN-103776,ORD-503776,SALE,EZWMWLGUFSCQS1FBB,EUR,matched,engine,65.51,65.51,65.51,0.00
paypal_eu,TXN-102724,ORD-502724,SALE,4Y06SGX287YYWN3DY,EUR,matched,engine,5.46,5.46,5.46,0.00
paypal_eu,TXN-102384,ORD-502384,SALE,HTEQHRNKM1WKX2WF3,EUR,matched,engine,10.94,10.94,10.94,0.00
paypal_eu,TXN-103552,ORD-503552,SALE,0GA33Q07BU8WWRA4B,EUR,matched,engine,27.36,27.36,27.36,0.00
paypal_eu,TXN-102142,ORD-502142,SALE,Y83KSWDXF6VYYR8R8,EUR,matched,engine,65.67,65.67,65.67,0.00
paypal_eu,TXN-102858,ORD-502858,SALE,5M7U8MT3YYVVY4B0R,EUR,matched,engine,10.94,10.94,10.94,0.00
paypal_eu,TXN-103077,ORD-503077,SALE,MA9Y3XZ3X2TDBJJF1,EUR,matched,engine,10.94,10.94,10.94,0.00
paypal_eu,TXN-103678,ORD-503678,SALE,7DYNRKAHR6LGQ0ZZW,EUR,matched,engine,65.67,65.67,65.67,0.00
paypal_eu,TXN-103243,ORD-503243,SALE,MZ6HQ4XDV71G91NT7,EUR,matched,engine,10.94,10.94,10.94,0.00
paypal_eu,TXN-102882,ORD-502882,SALE,7JCN1XRUZLMPAVJ0J,EUR,matched,engine,10.94,10.94,10.94,0.00
paypal_eu,TXN-103093,ORD-503093,SALE,WBJQRYGX8KFE46T18,EUR,matched,engine,27.36,27.36,27.36,0.00
paypal_eu,TXN-102979,ORD-502979,SALE,ATDE12KR29VVSEA8E,EUR,matched,engine,27.36,27.36,27.36,0.00
paypal_eu,TXN-103655,ORD-503655,SALE,YAA9VYM4U5MMVQQKF,EUR,matched,engine,27.36,27.36,27.36,0.00
paypal_eu,TXN-102429,ORD-502429,SALE,FFDR7LBMZ8ANB1FK6,EUR,matched,engine,5.46,5.46,5.46,0.00
paypal_eu,TXN-103499,ORD-503499,SALE,1VSR67YQG4AR14GET,EUR,matched,engine,10.94,10.94,10.94,0.00
paypal_eu,TXN-102482,ORD-502482,SALE,PAZCEP6RSZALZBV63,EUR,matched,engine,10.94,10.94,10.94,0.00
paypal_eu,TXN-102126,ORD-502126,SALE,23Y6XU7JN6NRNQXDU,EUR,matched,engine,10.94,10.94,10.94,0.00
paypal_eu,TXN-103637,ORD-503637,SALE,FATEP4416PTR1BLRQ,EUR,matched,engine,27.36,27.36,27.36,0.00
paypal_eu,TXN-103596,ORD-503596,SALE,K57BW30LJR9VC0N6P,EUR,matched,engine,5.46,5.46,5.46,0.00
paypal_eu,TXN-103476,ORD-503476,SALE,KHXKLW91DAFPDPL1J,EUR,matched,engine,27.36,27.36,27.36,0.00
paypal_eu,TXN-102696,ORD-502696,SALE,2QPSTJ94FDRSME38Y,EUR,matched,engine,10.94,10.94,10.94,0.00
paypal_eu,TXN-103068,ORD-503068,SALE,T3SLLZK3V5CSZLG6K,EUR,matched,engine,10.94,10.94,10.94,0.00
paypal_eu,TXN-103453,ORD-503453,SALE,57UUXK2XJMNPKJWDV,EUR,matched,engine,27.36,27.36,27.36,0.00
paypal_eu,TXN-102884,ORD-502884,SALE,SKK2QY8SCXN6XJ3JU,EUR,matched,engine,10.94,10.94,10.94,0.00
paypal_eu,TXN-102204,ORD-502204,SALE,YU5AJAKNAKLP3RRSH,EUR,matched_declined,engine,0.00,0.00,0.00,0.00
paypal_eu,TXN-103265,ORD-503265,SALE,XMPQDD4YGZJXT2XH6,EUR,matched,engine,10.94,10.94,10.94,0.00
paypal_eu,TXN-103146,ORD-503146,SALE,T4M9Y8GGYEAT9EG0Q,EUR,matched,engine,65.67,65.67,65.67,0.00
paypal_eu,TXN-102840,ORD-502840,SALE,VF2GKQP0JDE082VRN,EUR,matched_declined,engine,0.00,0.00,0.00,0.00
paypal_eu,TXN-103766,ORD-503766,SALE,QP06F8DM8FY6UPT4L,EUR,matched,engine,27.36,27.36,27.36,0.00
paypal_eu,TXN-102918,ORD-502918,SALE,PK0NA789PSJDF9BDR,EUR,matched,engine,10.94,10.94,10.94,0.00
paypal_eu,TXN-102826,ORD-502826,SALE,0AYLLMR5ZWVRU841Q,EUR,matched,engine,10.94,10.94,10.94,0.00
paypal_eu,TXN-102801,ORD-502801,SALE,BHM5GG61643ZHW9G1,EUR,matched,engine,10.94,10.94,10.94,0.00
paypal_eu,TXN-103455,ORD-503455,SALE,B3FY0PT8TFSUEU773,EUR,matched,engine,10.94,10.94,10.94,0.00
paypal_eu,TXN-102972,ORD-502972,SALE,WV9K00B0DR6FB5SYC,EUR,matched,engine,65.67,65.67,65.67,0.00
paypal_eu,TXN-103508,ORD-503508,SALE,7MCN9QTJLETXJVSUM,EUR,matched,engine,27.36,27.36,27.36,0.00
paypal_eu,TXN-102267,ORD-502267,SALE,7VH8YFM649UH1HE41,EUR,matched,engine,10.94,10.94,10.94,0.00
paypal_eu,TXN-103351,ORD-503351,SALE,QJ9WKWP14SGXSN1RS,EUR,matched,engine,10.94,10.94,10.94,0.00
paypal_eu,TXN-102893,ORD-502893,SALE,7NZMHX8ERF0A7CEL8,EUR,matched,engine,65.67,65.67,65.67,0.00
paypal_eu,TXN-107962,ORD-507788,SALE,YHBCXCT8C0K378SHL,EUR,matched,engine,65.67,65.67,65.67,0.00
paypal_eu,TXN-102868,ORD-502868,SALE,Y84AD6BLUB4KHQGHX,EUR,matched,engine,27.36,27.36,27.36,0.00
paypal_eu,TXN-103220,ORD-503220,SALE,37J0LATYTKW1AQMRS,EUR,matched,engine,10.94,10.94,10.94,0.00
paypal_eu,TXN-103285,ORD-503285,SALE,Z3YU3AQHP6E2LG6AF,EUR,matched,engine,10.94,10.94,10.94,0.00
paypal_eu,TXN-103788,ORD-503788,SALE,SEE8UHU1Y0A8EV0XH,EUR,matched,engine,10.94,10.94,10.94,0.00
paypal_eu,TXN-102788,ORD-502788,SALE,6NTACWTTFBE4HCNL7,EUR,matched,engine,10.94,10.94,10.94,0.00
paypal_eu,TXN-103014,ORD-503014,SALE,TMURG7ZVPX30FKEZ8,EUR,matched,engine,10.94,10.94,10.94,0.00
paypal_eu,TXN-102857,ORD-502857,SALE,PH0X0JYCS4CR91U0T,EUR,matched,engine,27.36,27.36,27.36,0.00
paypal_eu,TXN-103800,ORD-503800,SALE,1PU6B1K8E7XTY7CRW,EUR,matched,engine,10.94,10.94,10.94,0.00
paypal_eu,TXN-102465,ORD-502465,SALE,JB85PH7EBFJLS046V,EUR,matched,engine,5.46,5.46,5.46,0.00
paypal_eu,TXN-102194,ORD-502194,SALE,LJLKBH6ZAEDLX6EHA,EUR,matched,engine,10.94,10.94,10.94,0.00
paypal_eu,TXN-103821,ORD-503821,SALE,9E7U5LXTV074ENK6N,EUR,matched,engine,10.94,10.94,10.94,0.00
paypal_eu,TXN-102435,ORD-502435,SALE,57ZYNCTA7J2MWMY2F,EUR,matched,engine,27.36,27.36,27.36,0.00
paypal_eu,TXN-103311,ORD-503311,SALE,K6X6C8C3BJ3YA72KT,EUR,matched,engine,10.94,10.94,10.94,0.00
paypal_eu,TXN-103737,ORD-503737,SALE,GCEYHRQ89D10KT78L,EUR,matched,engine,27.36,27.36,27.36,0.00
paypal_eu,TXN-103723,ORD-503723,SALE,9QYPZ70PEXJ80J10U,EUR,matched,engine,10.94,10.94,10.94,0.00
paypal_eu,TXN-103777,ORD-503777,SALE,3NTWBZ0R9JFSLX0JP,EUR,matched,engine,27.36,27.36,27.36,0.00
paypal_eu,TXN-103427,ORD-503427,SALE,8CNPAZ3PGFD0ZVH9W,EUR,matched,engine,10.94,10.94,10.94,0.00
paypal_eu,TXN-102710,ORD-502710,SALE,BDC0H0NW5EKWZSVNP,EUR,matched,engine,5.46,5.46,5.46,0.00
paypal_eu,TXN-102562,ORD-502562,SALE,D1CL3TU9GXANLXUTH,EUR,matched,engine,27.36,27.36,27.36,0.00
paypal_eu,TXN-103806,ORD-503806,SALE,UZT9N5DC7YQJEP385,EUR,matched,engine,65.67,65.67,65.67,0.00
paypal_eu,TXN-102867,ORD-502867,SALE,CREE8PD7K0EC8BDZ4,EUR,matched_declined,engine,0.00,0.00,0.00,0.00
paypal_eu,TXN-103237,ORD-503237,SALE,4S985462A5QWCXTCS,EUR,matched,engine,10.94,10.94,10.94,0.00
paypal_eu,TXN-103526,ORD-503526,SALE,WDUUMT8CRF3JPU0VJ,EUR,matched,engine,10.94,10.94,10.94,0.00
paypal_eu,TXN-102952,ORD-502952,SALE,8PKWL6HNK2A05LRNB,EUR,matched,engine,10.94,10.94,10.94,0.00
paypal_eu,TXN-102364,ORD-502364,SALE,VW9G72BFY9P94QBU1,EUR,matched_declined,engine,0.00,0.00,0.00,0.00
paypal_eu,TXN-103563,ORD-503563,SALE,6PSHWBRQUJ2T6LE3X,EUR,matched,engine,5.46,5.46,5.46,0.00
paypal_eu,TXN-102605,ORD-502605,SALE,8E902NCUUCU66U95C,EUR,matched,engine,10.94,10.94,10.94,0.00
paypal_eu,TXN-102790,ORD-502790,SALE,9S3Z4C6TUM6AT1GRP,EUR,matched,engine,27.36,27.36,27.36,0.00
paypal_eu,TXN-102559,ORD-502559,SALE,FY7UQGPXJLNQU50KP,EUR,matched,engine,27.36,27.36,27.36,0.00
paypal_eu,TXN-103391,ORD-503391,SALE,BC82N8XQWCVCWH3V9,EUR,matched_declined,engine,0.00,0.00,0.00,0.00
paypal_eu,TXN-103139,ORD-503139,SALE,ZJ1DF1HK9U3M3U42G,EUR,matched,engine,10.94,10.94,10.94,0.00
paypal_eu,TXN-103633,ORD-503633,SALE,NEFEYVZKWQQAKX2YA,EUR,matched,engine,27.36,27.36,27.36,0.00
paypal_eu,TXN-103229,ORD-503229,SALE,U5FUZYUUE8GMNP0DQ,EUR,matched,engine,65.67,65.67,65.67,0.00
paypal_eu,TXN-102903,ORD-502903,SALE,MQJK8QPE23B3WN50B,EUR,matched,engine,27.36,27.36,27.36,0.00
paypal_eu,TXN-102626,ORD-502626,SALE,TKGUGZM8FMMTD6UX0,EUR,matched,engine,5.46,5.46,5.46,0.00
paypal_eu,TXN-103597,ORD-503597,SALE,6WJNP2KPX3ZHP4ENC,EUR,matched,engine,10.94,10.94,10.94,0.00
paypal_eu,TXN-103110,ORD-503110,SALE,0C6MB9THP656NCU5J,EUR,matched,engine,5.46,5.46,5.46,0.00
paypal_eu,TXN-103043,ORD-503043,SALE,NUGWFWUZQS3XC93TE,EUR,matched,engine,10.94,10.94,10.94,0.00
paypal_eu,TXN-102766,ORD-502766,SALE,QM292NZV3N956LU9Y,EUR,matched,engine,10.94,10.94,10.94,0.00
paypal_eu,TXN-102700,ORD-502700,SALE,6G9AD0X229C2GZUFL,EUR,matched,engine,65.67,65.67,65.67,0.00
paypal_eu,TXN-103764,ORD-503764,SALE,PMJ6XMB3YU4B3VAEQ,EUR,matched,engine,10.94,10.94,10.94,0.00
paypal_eu,TXN-103849,ORD-503849,SALE,W6DYNTGSD7ZGA98K6,EUR,matched,engine,10.94,10.94,10.94,0.00
paypal_eu,TXN-103682,ORD-503682,SALE,WN0X7UMF9ERQC3UQ9,EUR,matched,engine,10.94,10.94,10.94,0.00
paypal_eu,TXN-103170,ORD-503170,SALE,6D31SH16U8GJFRJ7M,EUR,matched,engine,10.94,10.94,10.94,0.00
paypal_eu,TXN-102652,ORD-502652,SALE,L4T3DF8YW9PYR30DK,EUR,matched,engine,10.94,10.94,10.94,0.00
paypal_eu,TXN-103003,ORD-503003,SALE,Q9703Q2F3WUQ459S4,EUR,matched,engine,10.94,10.94,10.94,0.00
paypal_eu,TXN-103607,ORD-503607,SALE,P6XMKAYVJA734P6RM,EUR,matched,engine,10.94,10.94,10.94,0.00
paypal_eu,TXN-102980,ORD-502980,SALE,9B63KF9C7EMRGW2XM,EUR,matched,engine,10.94,10.94,10.94,0.00
paypal_eu,TXN-102432,ORD-502432,SALE,YHVKZ20YYVS55D33H,EUR,matched,engine,27.36,27.36,27.36,0.00
paypal_eu,TXN-103615,ORD-503615,SALE,P4RJX83TLBMBDKYWZ,EUR,matched,engine,10.94,10.94,10.94,0.00
paypal_eu,TXN-103562,ORD-503562,SALE,J4EEAGCBCKJ2YNAUM,EUR,matched,engine,10.94,10.94,10.94,0.00
paypal_eu,TXN-103673,ORD-503673,SALE,FFAQG9FWJULEVZW1B,EUR,matched_declined,engine,0.00,0.00,0.00,0.00
paypal_eu,TXN-103579,ORD-503579,SALE,REN2J06EQHJDMFF97,EUR,matched,engine,5.46,5.46,5.46,0.00
paypal_eu,TXN-103402,ORD-503402,SALE,Y4LDFDLAUQ75XR9X1,EUR,matched,engine,10.94,10.94,10.94,0.00
paypal_eu,TXN-102638,ORD-502638,SALE,1SZMYK0171EG92MH1,EUR,matched,engine,27.36,27.36,27.36,0.00
paypal_eu,TXN-102963,ORD-502963,SALE,C9M891M7M5BKHUCMR,EUR,matched,engine,65.67,65.67,65.67,0.00
paypal_eu,TXN-102161,ORD-502161,SALE,8QUABBN2YK1YE9DWZ,EUR,matched,engine,10.94,10.94,10.94,0.00
paypal_eu,TXN-102275,ORD-502275,SALE,W2GUPN4ZDYWSDHL6V,EUR,matched,engine,10.94,10.94,10.94,0.00
paypal_eu,TXN-102292,ORD-502292,SALE,MJY2T3JBTCMYZZFW3,EUR,matched,engine,65.67,65.67,65.67,0.00
paypal_eu,TXN-102753,ORD-502753,SALE,Z21CVPS2F19MN31HB,EUR,matched,engine,10.94,10.94,10.94,0.00
paypal_eu,TXN-102365,ORD-502365,SALE,5FB66C7FVY5E00WXU,EUR,matched,engine,10.94,10.94,10.94,0.00
paypal_eu,TXN-102723,ORD-502723,SALE,TV8CJGTR0ADP7HK2F,EUR,matched,engine,65.67,65.67,65.67,0.00
paypal_eu,TXN-102771,ORD-502771,SALE,4YBD4Z89DGZU2EEB9,EUR,matched,engine,27.36,27.36,27.36,0.00
paypal_eu,TXN-102313,ORD-502313,SALE,NGC97TE9J1JWDV17E,EUR,matched,engine,10.94,10.94,10.94,0.00
paypal_eu,TXN-103422,ORD-503422,SALE,H8PEEXW52D0EJRVFH,EUR,matched,engine,10.94,10.94,10.94,0.00
paypal_eu,TXN-103706,ORD-503706,SALE,UB8LNEWLEQ5W565DL,EUR,matched,engine,10.94,10.94,10.94,0.00
paypal_eu,TXN-102201,ORD-502201,SALE,Z6EERR7W2ADZJYQJC,EUR,matched,engine,10.94,10.94,10.94,0.00
paypal_eu,TXN-102436,ORD-502436,SALE,DDLAGM7MEZ6RAQ1UM,EUR,matched,engine,65.67,65.67,65.67,0.00
paypal_eu,TXN-103861,ORD-503861,SALE,VGZ42AL4PCAQHCX1H,EUR,matched,engine,10.94,10.94,10.94,0.00
paypal_eu,TXN-102960,ORD-502960,SALE,S4QQP79GJ3AYXYDS1,EUR,matched,engine,10.94,10.94,10.94,0.00
paypal_eu,TXN-102975,ORD-502975,SALE,N57WRWCXTB9WYD69C,EUR,matched,engine,10.94,10.94,10.94,0.00
paypal_eu,TXN-103833,ORD-503833,SALE,XABGYZCD3759WLRGN,EUR,matched,engine,27.36,27.36,27.36,0.00
paypal_eu,TXN-102981,ORD-502981,SALE,LHER94M1S0JQ9A4LC,EUR,matched,engine,5.46,5.46,5.46,0.00
paypal_eu,TXN-102628,ORD-502628,SALE,N2TBCDPUV91NFYLJA,EUR,matched,engine,65.67,65.67,65.67,0.00
paypal_eu,TXN-102263,ORD-502263,SALE,KSUUDW5XUKMCMSRBH,EUR,matched,engine,10.94,10.94,10.94,0.00
paypal_eu,TXN-103363,ORD-503363,SALE,L0BK26SRBDWCVE794,EUR,matched,engine,10.94,10.94,10.94,0.00
paypal_eu,TXN-102336,ORD-502336,SALE,F800BHKBNXWBBGQGU,EUR,matched,engine,10.94,10.94,10.94,0.00
paypal_eu,TXN-103253,ORD-503253,SALE,FZH53L5UH5W2ACPYH,EUR,matched,engine,10.94,10.94,10.94,0.00
paypal_eu,TXN-103605,ORD-503605,SALE,T7Z28KAAWA7STJVPD,EUR,matched,engine,27.36,27.36,27.36,0.00
paypal_eu,TXN-102767,ORD-502767,SALE,MSUGSEV0C1MRPC5TT,EUR,matched,engine,10.94,10.94,10.94,0.00
paypal_eu,TXN-103063,ORD-503063,SALE,F8DT0YDYTYRQTB6C3,EUR,matched_declined,engine,0.00,0.00,0.00,0.00
paypal_eu,TXN-103458,ORD-503458,SALE,6CCU989MX91UUKW7A,EUR,matched,engine,65.67,65.67,65.67,0.00
paypal_eu,TXN-103330,ORD-503330,SALE,YWLMQTAD8SHFAR5DZ,EUR,matched,engine,10.94,10.94,10.94,0.00
paypal_eu,TXN-102996,ORD-502996,SALE,J941DKBGHKZAPND5Z,EUR,matched_declined,engine,0.00,0.00,0.00,0.00
paypal_eu,TXN-102135,ORD-502135,SALE,PTNPYUQ3JX30EKG2R,EUR,matched,engine,10.94,10.94,10.94,0.00
paypal_eu,TXN-102896,ORD-502896,SALE,DZ1AC0UJJSUZE0C2M,EUR,matched,engine,10.94,10.94,10.94,0.00
paypal_eu,TXN-103392,ORD-503392,SALE,TH40HUTU3SKZR9R32,EUR,matched,engine,27.36,27.36,27.36,0.00
paypal_eu,TXN-102191,ORD-502191,SALE,DAHSXZGKHGD4B388Q,EUR,matched,engine,65.67,65.67,65.67,0.00
paypal_eu,TXN-103863,ORD-503863,SALE,SJ6YSGL876TLYXV0L,EUR,matched,engine,10.94,10.94,10.94,0.00
paypal_eu,TXN-103685,ORD-503685,SALE,8WQUT2Y5GR674US9F,EUR,matched,engine,10.94,10.94,10.94,0.00
paypal_eu,TXN-102274,ORD-502274,SALE,37GGAABMAGZH4ZUF4,EUR,matched,engine,27.36,27.36,27.36,0.00
paypal_eu,TXN-103184,ORD-503184,SALE,7EV78PPP7YBXG2VV8,EUR,matched,engine,27.26,27.26,27.26,0.00
paypal_eu,TXN-102229,ORD-502229,SALE,LZ7FYKXNCJKAKCADQ,EUR,matched,engine,10.90,10.90,10.90,0.00
paypal_eu,TXN-102727,ORD-502727,SALE,982F9WJX7MZX20CDS,EUR,matched,engine,10.90,10.90,10.90,0.00
paypal_eu,TXN-102695,ORD-502695,SALE,9643VU84QR4J513MD,EUR,matched,engine,10.90,10.90,10.90,0.00
paypal_eu,TXN-102238,ORD-502238,SALE,39AAYUHNC991KFZ33,EUR,matched,engine,10.90,10.90,10.90,0.00
paypal_eu,TXN-103140,ORD-503140,SALE,807RKA0YJVAU4AGFQ,EUR,matched,engine,10.90,10.90,10.90,0.00
paypal_eu,TXN-103300,ORD-503300,SALE,ERANL2J0G4DCCHL6G,EUR,matched,engine,10.90,10.90,10.90,0.00
paypal_eu,TXN-102582,ORD-502582,SALE,ZCVZSWHV6RGF8V6LU,EUR,matched,engine,10.90,10.90,10.90,0.00
paypal_eu,TXN-103167,ORD-503167,SALE,EBGSTF43L9WU0J5Q8,EUR,matched,engine,10.90,10.90,10.90,0.00
paypal_eu,TXN-103710,ORD-503710,SALE,PSZ28TP9QXCFGB8UY,EUR,matched,engine,10.90,10.90,10.90,0.00
paypal_eu,TXN-103155,ORD-503155,SALE,81YTGS8UQ2XLDZ74C,EUR,matched,engine,10.90,10.90,10.90,0.00
paypal_eu,TXN-103838,ORD-503838,SALE,ECZZHJLM80NTXFH1P,EUR,matched,engine,10.90,10.90,10.90,0.00
paypal_eu,TXN-102461,ORD-502461,SALE,HXEHSYG0UYE7PP26K,EUR,matched,engine,27.26,27.26,27.26,0.00
paypal_eu,TXN-103823,ORD-503823,SALE,SHNJXZHWGS06FK5DB,EUR,matched,engine,10.90,10.90,10.90,0.00
paypal_eu,TXN-103409,ORD-503409,SALE,FZNJSTEFFUQCG7VM0,EUR,matched,engine,10.90,10.90,10.90,0.00
paypal_eu,TXN-102310,ORD-502310,SALE,E8HPL6JULPHW7X9K2,EUR,matched,engine,27.26,27.26,27.26,0.00
paypal_eu,TXN-102555,ORD-502555,SALE,A1CHDTT4D6HDY5H63,EUR,matched,engine,10.90,10.90,10.90,0.00
paypal_eu,TXN-103054,ORD-503054,SALE,DS75BGHYEAVWZXVSV,EUR,matched,engine,10.90,10.90,10.90,0.00
paypal_eu,TXN-102831,ORD-502831,SALE,ZPR1970055PANKD08,EUR,matched,engine,10.90,10.90,10.90,0.00
paypal_eu,TXN-103636,ORD-503636,SALE,T77DGCF45SW2W11GS,EUR,matched,engine,27.26,27.26,27.26,0.00
paypal_eu,TXN-102758,ORD-502758,SALE,B4QHR72W1G5APSQM4,EUR,matched,engine,65.45,65.45,65.45,0.00
paypal_eu,TXN-102213,ORD-502213,SALE,BWCK3ZDMNFFWNF0LJ,EUR,matched,engine,10.90,10.90,10.90,0.00
paypal_eu,TXN-102271,ORD-502271,SALE,CUQLGGU4D4BSK7QML,EUR,matched,engine,5.44,5.44,5.44,0.00
paypal_eu,TXN-103745,ORD-503745,SALE,M6R194DZRU76DT9JA,EUR,matched,engine,10.90,10.90,10.90,0.00
paypal_eu,TXN-103561,ORD-503561,SALE,QJ1WX5WKQ60T2SSTL,EUR,matched,engine,10.90,10.90,10.90,0.00
paypal_eu,TXN-102676,ORD-502676,SALE,MVBUB4KEWCT5S595B,EUR,matched,engine,10.90,10.90,10.90,0.00
paypal_eu,TXN-102338,ORD-502338,SALE,TVW7RP6A6R6SFM0ZW,EUR,matched,engine,27.26,27.26,27.26,0.00
paypal_eu,TXN-102646,ORD-502646,SALE,LY4G7HM578YSH1173,EUR,matched,engine,65.45,65.45,65.45,0.00
paypal_eu,TXN-107866,ORD-503715,REFUND,H8EPV5MPFLGGCT7RM,EUR,matched,engine,-10.90,-10.90,-10.90,0.00
paypal_eu,TXN-102639,ORD-502639,SALE,UQ0UB25WNL99LFVBJ,EUR,matched,engine,5.44,5.44,5.44,0.00
paypal_eu,TXN-103134,ORD-503134,SALE,G7PMDEXP3ESYQ123Z,EUR,matched,engine,10.90,10.90,10.90,0.00
paypal_eu,TXN-102379,ORD-502379,SALE,BNN1S17GL0R6UHU8D,EUR,matched,engine,10.90,10.90,10.90,0.00
paypal_eu,TXN-102324,ORD-502324,SALE,SCQANE7NL5XRYT8DX,EUR,matched,engine,10.90,10.90,10.90,0.00
paypal_eu,TXN-103059,ORD-503059,SALE,WB9D2PMCVFQJL6AUF,EUR,matched,engine,10.90,10.90,10.90,0.00
paypal_eu,TXN-102729,ORD-502729,SALE,HYQM0EY9WNFYKDEHV,EUR,matched,engine,27.26,27.26,27.26,0.00
paypal_eu,TXN-102251,ORD-502251,SALE,EUZXUN42P7881D9QH,EUR,matched_declined,engine,0.00,0.00,0.00,0.00
paypal_eu,TXN-102721,ORD-502721,SALE,CBJCFSQLQG7P3MXFN,EUR,matched,engine,65.45,65.45,65.45,0.00
paypal_eu,TXN-103487,ORD-503487,SALE,3XQMH3WEH6X54V630,EUR,matched,engine,10.90,10.90,10.90,0.00
paypal_eu,TXN-103152,ORD-503152,SALE,PHVMR1JBVRQNCFN2J,EUR,matched,engine,27.26,27.26,27.26,0.00
paypal_eu,TXN-103405,ORD-503405,SALE,LSUD27AYUZGASPYB7,EUR,matched,engine,10.90,10.90,10.90,0.00
paypal_eu,TXN-103452,ORD-503452,SALE,1D0FZCQJN4U84R4JP,EUR,matched,engine,10.90,10.90,10.90,0.00
paypal_eu,TXN-102339,ORD-502339,SALE,P1CP6NXC2A1ZNAJAV,EUR,matched,engine,10.90,10.90,10.90,0.00
paypal_eu,TXN-107861,ORD-503515,REFUND,WY6Q6PEYXKCHS6MY5,EUR,matched,engine,-10.90,-10.90,-10.90,0.00
paypal_eu,TXN-102553,ORD-502553,SALE,8H66N6N0EBMT1NAKL,EUR,matched,engine,10.90,10.90,10.90,0.00
paypal_eu,TXN-102315,ORD-502315,SALE,HGMMY4ET99AS17CPE,EUR,matched,engine,10.93,10.93,10.93,0.00
paypal_eu,TXN-103746,ORD-503746,SALE,B4JLTR96HUMEA3489,EUR,matched,engine,10.93,10.93,10.93,0.00
paypal_eu,TXN-103359,ORD-503359,SALE,Y4T7T80R861M0B4KQ,EUR,matched,engine,10.93,10.93,10.93,0.00
paypal_eu,TXN-103718,ORD-503718,SALE,KC55WS8ZJWT36T130,EUR,matched,engine,10.93,10.93,10.93,0.00
paypal_eu,TXN-103164,ORD-503164,SALE,2FASGFNLBCXWNQXB3,EUR,matched,engine,27.34,27.34,27.34,0.00
paypal_eu,TXN-103111,ORD-503111,SALE,TP5TEA7K4CLFNY71G,EUR,matched,engine,5.46,5.46,5.46,0.00
paypal_eu,TXN-102812,ORD-502812,SALE,YVYBR19X9EB72PDV2,EUR,matched,engine,10.93,10.93,10.93,0.00
paypal_eu,TXN-102110,ORD-502110,SALE,TMBVKS1ZPD1D4P8N7,EUR,matched,engine,10.93,10.93,10.93,0.00
paypal_eu,TXN-102579,ORD-502579,SALE,LTGTUC24FQL36DS2W,EUR,matched,engine,5.46,5.46,5.46,0.00
paypal_eu,TXN-103897,ORD-503897,SALE,CZRAL7GU25PEJUSTY,EUR,matched_declined,engine,0.00,0.00,0.00,0.00
paypal_eu,TXN-103148,ORD-503148,SALE,3WGQBTE4RDFV8WVXY,EUR,matched_declined,engine,0.00,0.00,0.00,0.00
paypal_eu,TXN-102450,ORD-502450,SALE,9STVFJKCMBS9WFGL0,EUR,matched,engine,65.64,65.64,65.64,0.00
paypal_eu,TXN-103654,ORD-503654,SALE,36FZ0351YXX1NZJHG,EUR,matched,engine,27.34,27.34,27.34,0.00
paypal_eu,TXN-103475,ORD-503475,SALE,D464LZB861JYNQH4L,EUR,matched,engine,65.64,65.64,65.64,0.00
paypal_eu,TXN-102483,ORD-502483,SALE,E1S5GM53MADVCFUZZ,EUR,matched,engine,10.93,10.93,10.93,0.00
paypal_eu,TXN-102770,ORD-502770,SALE,RWS0X1D9NCBBLSA5U,EUR,matched,engine,27.34,27.34,27.34,0.00
paypal_eu,TXN-102441,ORD-502441,SALE,QZFYLWYBTWKT08TNX,EUR,matched,engine,10.93,10.93,10.93,0.00
paypal_eu,TXN-103598,ORD-503598,SALE,46WS45MN02503K2D1,EUR,matched,engine,5.46,5.46,5.46,0.00
paypal_eu,TXN-103484,ORD-503484,SALE,B4YBV7WU3QGMA7Z0K,EUR,matched,engine,10.93,10.93,10.93,0.00
paypal_eu,TXN-103617,ORD-503617,SALE,3X8MSWT2603H71LD8,EUR,matched,engine,10.93,10.93,10.93,0.00
paypal_eu,TXN-103200,ORD-503200,SALE,LS135CBR0QAV9QCTB,EUR,matched,engine,27.34,27.34,27.34,0.00
paypal_eu,TXN-103027,ORD-503027,SALE,ATNDQ81U1KSDJMMLG,EUR,matched,engine,10.93,10.93,10.93,0.00
paypal_eu,TXN-103199,ORD-503199,SALE,MZ92NYGGVMSZS8ZH5,EUR,matched,engine,5.46,5.46,5.46,0.00
paypal_eu,TXN-102469,ORD-502469,SALE,4EY5JF5JZJX541PSE,EUR,matched,engine,27.34,27.34,27.34,0.00
paypal_eu,TXN-103539,ORD-503539,SALE,YRJV1LL56YZN0WN0V,EUR,matched,engine,10.93,10.93,10.93,0.00
paypal_eu,TXN-103424,ORD-503424,SALE,W3KNM33XTAF219CEX,EUR,matched,engine,27.34,27.34,27.34,0.00
paypal_eu,TXN-102568,ORD-502568,SALE,V7STPAGENXF65HFCK,EUR,matched,engine,27.34,27.34,27.34,0.00
paypal_eu,TXN-102181,ORD-502181,SALE,56AC32KDB07HUMKN1,EUR,matched,engine,10.93,10.93,10.93,0.00
paypal_eu,TXN-102430,ORD-502430,SALE,6CWAL7AM2ZCJMHWDY,EUR,matched,engine,27.34,27.34,27.34,0.00
paypal_eu,TXN-102471,ORD-502471,SALE,1S2CQFFVMQN9E4X1H,EUR,matched,engine,10.93,10.93,10.93,0.00
paypal_eu,TXN-102531,ORD-502531,SALE,QK3N6XFBT5WND2EG1,EUR,matched,engine,10.93,10.93,10.93,0.00
paypal_eu,TXN-103645,ORD-503645,SALE,9ZMAR6PR8VX39P2ST,EUR,matched,engine,65.64,65.64,65.64,0.00
paypal_eu,TXN-102505,ORD-502505,SALE,Z0YBAFZ7YJJQGQYRC,EUR,matched,engine,65.64,65.64,65.64,0.00
paypal_eu,TXN-102255,ORD-502255,SALE,LWYW4F5FRFVR6EAB8,EUR,matched,engine,65.64,65.64,65.64,0.00
paypal_eu,TXN-103286,ORD-503286,SALE,KX8WQN2CFHL4QK1R6,EUR,matched,engine,10.93,10.93,10.93,0.00
paypal_eu,TXN-102672,ORD-502672,SALE,1728T7JKTWRYUDCB5,EUR,matched,engine,10.93,10.93,10.93,0.00
paypal_eu,TXN-102606,ORD-502606,SALE,MJM1C9VJ3ZVTSSUEK,EUR,matched,engine,10.93,10.93,10.93,0.00
paypal_eu,TXN-103469,ORD-503469,SALE,E8N76UQ09NRU0JFAZ,EUR,matched,engine,27.34,27.34,27.34,0.00
paypal_eu,TXN-102234,ORD-502234,SALE,V73WP7A0MFFTGLN3A,EUR,matched,engine,10.93,10.93,10.93,0.00
paypal_eu,TXN-103208,ORD-503208,SALE,4FA7YRSUVWPV3BQS2,EUR,matched,engine,10.93,10.93,10.93,0.00
paypal_eu,TXN-103457,ORD-503457,SALE,GQR0WDWWFX7QDM0Q7,EUR,matched,engine,10.93,10.93,10.93,0.00
paypal_eu,TXN-102670,ORD-502670,SALE,SFYA3F1KL0MQWGW5D,EUR,matched_declined,engine,0.00,0.00,0.00,0.00
paypal_eu,TXN-102431,ORD-502431,SALE,627Z8LASF33TVLMG2,EUR,matched,engine,27.34,27.34,27.34,0.00
paypal_eu,TXN-103328,ORD-503328,SALE,HZJ2MM0HC8WYT5E6W,EUR,matched,engine,10.93,10.93,10.93,0.00
paypal_eu,TXN-102597,ORD-502597,SALE,7UXVULLMKTBUNQ5EV,EUR,matched,engine,27.34,27.34,27.34,0.00
paypal_eu,TXN-103333,ORD-503333,SALE,9PQSY1RF92C2WCHSJ,EUR,matched,engine,10.93,10.93,10.93,0.00
paypal_eu,TXN-103381,ORD-503381,SALE,5G4NMF3MFLG1QTZUG,EUR,matched,engine,27.34,27.34,27.34,0.00
paypal_eu,TXN-102287,ORD-502287,SALE,32M1ZPH4N1MFT3ZQ2,EUR,matched,engine,10.93,10.93,10.93,0.00
paypal_eu,TXN-103747,ORD-503747,SALE,DWQZ7RZDSURHX1K8U,EUR,matched,engine,10.90,10.90,10.90,0.00
paypal_eu,TXN-102698,ORD-502698,SALE,7BWNVCQ18G7Q53TJN,EUR,matched,engine,65.43,65.43,65.43,0.00
paypal_eu,TXN-103664,ORD-503664,SALE,2YNU58M837FK767GF,EUR,matched,engine,10.90,10.90,10.90,0.00
paypal_eu,TXN-103482,ORD-503482,SALE,2AZ6YQLHC4KQAUMQD,EUR,matched,engine,10.90,10.90,10.90,0.00
paypal_eu,TXN-102528,ORD-502528,SALE,L9KY0Z9X286K2NBQP,EUR,matched,engine,10.90,10.90,10.90,0.00
paypal_eu,TXN-102433,ORD-502433,SALE,W0ECGEHRY5VTG5QV6,EUR,matched,engine,10.90,10.90,10.90,0.00
paypal_eu,TXN-102380,ORD-502380,SALE,V9H6YQZB0MYTY2650,EUR,matched,engine,10.90,10.90,10.90,0.00
paypal_eu,TXN-102445,ORD-502445,SALE,YHDLU0HHSYZF2AHG8,EUR,matched,engine,27.26,27.26,27.26,0.00
paypal_eu,TXN-102138,ORD-502138,SALE,6GQQT9ZM0F71FLWQ2,EUR,matched,engine,27.26,27.26,27.26,0.00
paypal_eu,TXN-103466,ORD-503466,SALE,52Y6Y1FSPL0CTGG4Y,EUR,matched,engine,27.26,27.26,27.26,0.00
paypal_eu,TXN-103895,ORD-503895,SALE,RPCEBW875RR6E2C7S,EUR,matched_declined,engine,0.00,0.00,0.00,0.00
paypal_eu,TXN-103244,ORD-503244,SALE,GYN5BY5MSS6NZ188R,EUR,matched_declined,engine,0.00,0.00,0.00,0.00
paypal_eu,TXN-107980,ORD-507806,SALE,YLU6F175STS5M7GG2,EUR,matched,engine,27.26,27.26,27.26,0.00
paypal_eu,TXN-102421,ORD-502421,SALE,G9A1MWQS1212MA8PC,EUR,matched,engine,10.90,10.90,10.90,0.00
paypal_eu,TXN-102890,ORD-502890,SALE,G8YVMG1RBMAY7UW8B,EUR,matched,engine,10.90,10.90,10.90,0.00
paypal_eu,TXN-102327,ORD-502327,SALE,WLXCW5ASHPA7VGTRE,EUR,matched,engine,27.26,27.26,27.26,0.00
paypal_eu,TXN-102217,ORD-502217,SALE,GU65PMHYFRZN69LSD,EUR,matched,engine,5.44,5.44,5.44,0.00
paypal_eu,TXN-102351,ORD-502351,SALE,C6K2XHJTEVV1N2GGE,EUR,matched,engine,10.90,10.90,10.90,0.00
paypal_eu,TXN-102122,ORD-502122,SALE,XQ32411R8DW650YAH,EUR,matched,engine,10.90,10.90,10.90,0.00
paypal_eu,TXN-103119,ORD-503119,SALE,TW0HTFY9P20DABESV,EUR,matched,engine,65.43,65.43,65.43,0.00
paypal_eu,TXN-102742,ORD-502742,SALE,B6HT672BD0LKUKEKU,EUR,matched,engine,10.90,10.90,10.90,0.00
paypal_eu,TXN-103760,ORD-503760,SALE,A7JXRHY7DZ102EB58,EUR,matched,engine,65.43,65.43,65.43,0.00
paypal_eu,TXN-103377,ORD-503377,SALE,L3ENP1CHC31DT0HZ4,EUR,matched_declined,engine,0.00,0.00,0.00,0.00
paypal_eu,TXN-102962,ORD-502962,SALE,KGKVAS2U7VGASQK8U,EUR,matched,engine,10.90,10.90,10.90,0.00
paypal_eu,TXN-102167,ORD-502167,SALE,2GH9ELKM2SPB7WEJJ,EUR,matched,engine,27.26,27.26,27.26,0.00
paypal_eu,TXN-102273,ORD-502273,SALE,QGFV4U573KWTV9YEX,EUR,matched,engine,65.43,65.43,65.43,0.00
paypal_eu,TXN-103738,ORD-503738,SALE,KTB1REV3JBXGP04WG,EUR,matched,engine,10.90,10.90,10.90,0.00
paypal_eu,TXN-102737,ORD-502737,SALE,USHEGSCV0D8TKBY0X,EUR,matched,engine,10.90,10.90,10.90,0.00
paypal_eu,TXN-103070,ORD-503070,SALE,BMYEQHCBTRV39EL68,EUR,matched,engine,10.90,10.90,10.90,0.00
paypal_eu,TXN-103564,ORD-503564,SALE,HM43KYB9LFS5W69HB,EUR,matched,engine,65.43,65.43,65.43,0.00
paypal_eu,TXN-103024,ORD-503024,SALE,CKZ7PZL593XUZRSQP,EUR,matched_declined,engine,0.00,0.00,0.00,0.00
paypal_eu,TXN-102834,ORD-502834,SALE,E0PDS8QK4R2EGL6ET,EUR,matched_declined,engine,0.00,0.00,0.00,0.00
paypal_eu,TXN-103239,ORD-503239,SALE,FMU836LXYYEPC75SN,EUR,matched,engine,27.26,27.26,27.26,0.00
paypal_eu,TXN-103399,ORD-503399,SALE,G0JANNPPK09FAWB6V,EUR,matched,engine,10.90,10.90,10.90,0.00
paypal_eu,TXN-103629,ORD-503629,SALE,SN0LZRA7PC6KDVVPW,EUR,matched,engine,10.90,10.90,10.90,0.00
paypal_eu,TXN-103862,ORD-503862,SALE,X4SW68ZVRC9A0MPAD,EUR,matched,engine,5.44,5.44,5.44,0.00
paypal_eu,TXN-103410,ORD-503410,SALE,MZ6SQQLPLDPXZT9KL,EUR,matched,engine,10.90,10.90,10.90,0.00
paypal_eu,TXN-103299,ORD-503299,SALE,RSLTZWK89CSQEPJR6,EUR,matched,engine,10.90,10.90,10.90,0.00
paypal_eu,TXN-103096,ORD-503096,SALE,LG4CAE5MDWU10DVSC,EUR,matched,engine,10.90,10.90,10.90,0.00
paypal_eu,TXN-102754,ORD-502754,SALE,RAKQ9P39DHFYNESU0,EUR,matched,engine,10.90,10.90,10.90,0.00
paypal_eu,TXN-102489,ORD-502489,SALE,2CU3E9G5SLSUC90V1,EUR,matched,engine,10.90,10.90,10.90,0.00
paypal_eu,TXN-103211,ORD-503211,SALE,PVQ9VGZ4AP70MN640,EUR,matched,engine,65.43,65.43,65.43,0.00
paypal_eu,TXN-103560,ORD-503560,SALE,PR3MGRPA8VB9HPRD1,EUR,matched,engine,10.90,10.90,10.90,0.00
paypal_eu,TXN-103680,ORD-503680,SALE,EAVMU0XKJMA5CHKFX,EUR,matched,engine,10.90,10.90,10.90,0.00
paypal_eu,TXN-103875,ORD-503875,SALE,E3S2XCKTL5VPHRD4Q,EUR,matched,engine,10.90,10.90,10.90,0.00
paypal_eu,TXN-102177,ORD-502177,SALE,ZDFF37MFW48YXW6SB,EUR,matched,engine,10.90,10.90,10.90,0.00
paypal_eu,TXN-103588,ORD-503588,SALE,1R9BX9U1LZM50VV42,EUR,matched,engine,27.26,27.26,27.26,0.00
paypal_eu,TXN-102662,ORD-502662,SALE,B06E1YAJM30N7J19R,EUR,matched,engine,27.26,27.26,27.26,0.00
paypal_eu,TXN-102517,ORD-502517,SALE,G25LBTE7SGQRSVJY1,EUR,matched,engine,10.90,10.90,10.90,0.00
paypal_eu,TXN-103763,ORD-503763,SALE,NDVXWGLTMSS6LZEYU,EUR,matched,engine,10.90,10.90,10.90,0.00
paypal_eu,TXN-102809,ORD-502809,SALE,2QSCK4QTHQUZQ74W5,EUR,matched,engine,5.44,5.44,5.44,0.00
paypal_eu,TXN-102525,ORD-502525,SALE,EK41E8C0H4AACDK8Q,EUR,matched,engine,27.26,27.26,27.26,0.00
paypal_eu,TXN-103102,ORD-503102,SALE,EQ48EKKS1GTQTF2BM,EUR,matched,engine,65.43,65.43,65.43,0.00
paypal_eu,TXN-102943,ORD-502943,SALE,2YDC5FW3WM9M3E3JG,EUR,matched_declined,engine,0.00,0.00,0.00,0.00
paypal_eu,TXN-103860,ORD-503860,SALE,HSFVDB7LP10ET7ZPD,EUR,matched,engine,65.43,65.43,65.43,0.00
paypal_eu,TXN-102665,ORD-502665,SALE,USMQRE102KPPU2UW2,EUR,matched,engine,27.26,27.26,27.26,0.00
paypal_eu,TXN-103341,ORD-503341,SALE,UUXG6Z1HMSD76GKV5,EUR,matched,engine,10.90,10.90,10.90,0.00
paypal_eu,TXN-103267,ORD-503267,SALE,6YMTTTDSG97XZQC66,EUR,matched,engine,10.90,10.90,10.90,0.00
paypal_eu,TXN-103449,ORD-503449,SALE,HYKDS9XXYWBEQ6CQQ,EUR,matched,engine,27.26,27.26,27.26,0.00
paypal_eu,TXN-103589,ORD-503589,SALE,56LDX3FH6S9QLWTXP,EUR,matched_declined,engine,0.00,0.00,0.00,0.00
paypal_eu,TXN-103310,ORD-503310,SALE,34EY6HVPRYJH7NFYG,EUR,matched_declined,engine,0.00,0.00,0.00,0.00
paypal_eu,TXN-102125,ORD-502125,SALE,A4NKPV6MZ9DWXP6R8,EUR,matched,engine,5.43,5.43,5.43,0.00
paypal_eu,TXN-102718,ORD-502718,SALE,K4MR80ZABAE3LE4N9,EUR,matched,engine,27.18,27.18,27.18,0.00
paypal_eu,TXN-103400,ORD-503400,SALE,M8L9TL8Z6W2UHQ4KW,EUR,matched,engine,5.43,5.43,5.43,0.00
paypal_eu,TXN-102107,ORD-502107,SALE,60J9LQNMY30LD3LHT,EUR,matched,engine,10.87,10.87,10.87,0.00
paypal_eu,TXN-102650,ORD-502650,SALE,FDD433FMKJ18UUQY8,EUR,matched,engine,5.43,5.43,5.43,0.00
paypal_eu,TXN-102192,ORD-502192,SALE,JKAWXJ8STPU93NRT2,EUR,matched,engine,10.87,10.87,10.87,0.00
paypal_eu,TXN-103691,ORD-503691,SALE,H07UUJTERVBDNQBSZ,EUR,matched,engine,27.18,27.18,27.18,0.00
paypal_eu,TXN-102929,ORD-502929,SALE,YX06T8JVG6AQS73KK,EUR,matched,engine,27.18,27.18,27.18,0.00
paypal_eu,TXN-103802,ORD-503802,SALE,6SY7KJKWNGA10ML8N,EUR,matched,engine,10.87,10.87,10.87,0.00
paypal_eu,TXN-102953,ORD-502953,SALE,SL5JLK8WLC0V3CC9Z,EUR,matched,engine,10.87,10.87,10.87,0.00
paypal_eu,TXN-103130,ORD-503130,SALE,35HXCR2R7XCBF9X1P,EUR,matched,engine,10.87,10.87,10.87,0.00
paypal_eu,TXN-102123,ORD-502123,SALE,R46VEDQ2DBD8R8EED,EUR,matched,engine,10.87,10.87,10.87,0.00
paypal_eu,TXN-102984,ORD-502984,SALE,G5KZMM3ADFPYTJMQB,EUR,matched,engine,10.87,10.87,10.87,0.00
paypal_eu,TXN-102154,ORD-502154,SALE,V5D049M7X2HHU1TWL,EUR,matched,engine,10.87,10.87,10.87,0.00
paypal_eu,TXN-102933,ORD-502933,SALE,XMQDCKH1DQGUENJ6Y,EUR,matched,engine,27.18,27.18,27.18,0.00
paypal_eu,TXN-102692,ORD-502692,SALE,LC2HDL0GQLGZP3YM9,EUR,matched,engine,10.87,10.87,10.87,0.00
paypal_eu,TXN-103554,ORD-503554,SALE,Y760P57D5V00RNYS2,EUR,matched,engine,10.87,10.87,10.87,0.00
paypal_eu,TXN-102219,ORD-502219,SALE,8JR0EQK0XBT73SWJ1,EUR,matched,engine,65.25,65.25,65.25,0.00
paypal_eu,TXN-102879,ORD-502879,SALE,5QZC1RL2RZ72Y2RGF,EUR,matched,engine,10.87,10.87,10.87,0.00
paypal_eu,TXN-102314,ORD-502314,SALE,5EVT4PPQAFHXFYQJR,EUR,matched,engine,10.87,10.87,10.87,0.00
paypal_eu,TXN-103215,ORD-503215,SALE,T8HE4ZFB9BGWEJ5GJ,EUR,matched,engine,10.87,10.87,10.87,0.00
paypal_eu,TXN-102922,ORD-502922,SALE,PZK40UKZEALDXA8R2,EUR,matched,engine,10.87,10.87,10.87,0.00
paypal_eu,TXN-103176,ORD-503176,SALE,HYXTC6YDKBFX9AUHT,EUR,matched,engine,10.87,10.87,10.87,0.00
paypal_eu,TXN-103274,ORD-503274,SALE,SRTU5JSVZ0HCLQG6K,EUR,matched,engine,10.87,10.87,10.87,0.00
paypal_eu,TXN-102383,ORD-502383,SALE,RXP5CC9Z23BKM3FU7,EUR,matched,engine,10.87,10.87,10.87,0.00
paypal_eu,TXN-102583,ORD-502583,SALE,WHN2GX6AGKN77QAQM,EUR,matched,engine,10.87,10.87,10.87,0.00
paypal_eu,TXN-103662,ORD-503662,SALE,RS39XZHCJSUSJ8RWW,EUR,matched_declined,engine,0.00,0.00,0.00,0.00
paypal_eu,TXN-102172,ORD-502172,SALE,4FHUJRUMZE7S44P98,EUR,matched,engine,27.18,27.18,27.18,0.00
paypal_eu,TXN-102808,ORD-502808,SALE,XGM1HD33ERH1YKA8E,EUR,matched,engine,5.43,5.43,5.43,0.00
paypal_eu,TXN-102356,ORD-502356,SALE,HVN22BLEN6K9KANB0,EUR,matched,engine,27.18,27.18,27.18,0.00
paypal_eu,TXN-103659,ORD-503659,SALE,QELQ59LRDWUNR7DRM,EUR,matched,engine,27.18,27.18,27.18,0.00
paypal_eu,TXN-102586,ORD-502586,SALE,AMSE7F2MFADWBYBKE,EUR,matched,engine,27.18,27.18,27.18,0.00
paypal_eu,TXN-102347,ORD-502347,SALE,EY6TJ7AQU4PQS7SCW,EUR,matched,engine,10.87,10.87,10.87,0.00
paypal_eu,TXN-102992,ORD-502992,SALE,DLJ3MNW6ZMAXYBZWS,EUR,matched,engine,10.87,10.87,10.87,0.00
paypal_eu,TXN-103075,ORD-503075,SALE,YGA65MKVQQ950QY0J,EUR,matched,engine,10.87,10.87,10.87,0.00
paypal_eu,TXN-103520,ORD-503520,SALE,FWCJB9TPG0105UBS9,EUR,matched,engine,27.18,27.18,27.18,0.00
paypal_eu,TXN-102437,ORD-502437,SALE,VGNMXRTSKKQWFRBMS,EUR,matched,engine,65.25,65.25,65.25,0.00
paypal_eu,TXN-103468,ORD-503468,SALE,C2SG37JUCB6F1H6HH,EUR,matched,engine,10.87,10.87,10.87,0.00
paypal_eu,TXN-102118,ORD-502118,SALE,ET3DND0MWGGVA32B2,EUR,matched,engine,10.87,10.87,10.87,0.00
paypal_eu,TXN-102159,ORD-502159,SALE,VHN0M3V01VCT6JCM3,EUR,matched,engine,10.87,10.87,10.87,0.00
paypal_eu,TXN-102519,ORD-502519,SALE,E07C0KARL67KU6NSL,EUR,matched_declined,engine,0.00,0.00,0.00,0.00
paypal_eu,TXN-103156,ORD-503156,SALE,AP82UGX881KYRH0Y7,EUR,matched,engine,65.25,65.25,65.25,0.00
paypal_eu,TXN-102266,ORD-502266,SALE,LRHYXK4UCCV40CPB3,EUR,matched,engine,10.87,10.87,10.87,0.00
paypal_eu,TXN-103883,ORD-503883,SALE,DM5C8H86PD43J4SS1,EUR,matched,engine,10.87,10.87,10.87,0.00
paypal_eu,TXN-103327,ORD-503327,SALE,KS60J401L6V172MF1,EUR,matched,engine,27.18,27.18,27.18,0.00
paypal_eu,TXN-103090,ORD-503090,SALE,LGAAGD97YYTV315JX,EUR,matched,engine,27.18,27.18,27.18,0.00
paypal_eu,TXN-102442,ORD-502442,SALE,Y1BJYJ2MJELY5H55G,EUR,matched,engine,10.87,10.87,10.87,0.00
paypal_eu,TXN-102325,ORD-502325,SALE,2CG6EF9WJZXQTVSXZ,EUR,matched_declined,engine,0.00,0.00,0.00,0.00
paypal_eu,TXN-103565,ORD-503565,SALE,P8APYTWT95PBWJVRJ,EUR,matched,engine,10.86,10.86,10.86,0.00
paypal_eu,TXN-103227,ORD-503227,SALE,DBFQTAHWTZ9T30WD7,EUR,matched_declined,engine,0.00,0.00,0.00,0.00
paypal_eu,TXN-103373,ORD-503373,SALE,VDSHZY1DZ0EVBBAV2,EUR,matched,engine,27.17,27.17,27.17,0.00
paypal_eu,TXN-102841,ORD-502841,SALE,YDKJ9H027R6TS4Q07,EUR,matched,engine,10.86,10.86,10.86,0.00
paypal_eu,TXN-103213,ORD-503213,SALE,N8GC2MP48LB0BMSZW,EUR,matched,engine,65.23,65.23,65.23,0.00
paypal_eu,TXN-102502,ORD-502502,SALE,ZM6UXN9HL1ERH18ZC,EUR,matched,engine,10.86,10.86,10.86,0.00
paypal_eu,TXN-102533,ORD-502533,SALE,CL6TF5W51GF7WEV9Y,EUR,matched,engine,10.86,10.86,10.86,0.00
paypal_eu,TXN-102156,ORD-502156,SALE,DFEXMCPTVGJ1GA669,EUR,matched_declined,engine,0.00,0.00,0.00,0.00
paypal_eu,TXN-102909,ORD-502909,SALE,LPVNM3C7JE8T7HADJ,EUR,matched,engine,10.86,10.86,10.86,0.00
paypal_eu,TXN-103533,ORD-503533,SALE,52FLACU126X30HPWW,EUR,matched,engine,10.86,10.86,10.86,0.00
paypal_eu,TXN-103727,ORD-503727,SALE,C39WR3W504ZQAZ900,EUR,matched_declined,engine,0.00,0.00,0.00,0.00
paypal_eu,TXN-102776,ORD-502776,SALE,6SLX0YEE7LFPNS3Z9,EUR,matched,engine,10.86,10.86,10.86,0.00
paypal_eu,TXN-102989,ORD-502989,SALE,ZMNTMATP1GUNXW5ZA,EUR,matched,engine,27.17,27.17,27.17,0.00
paypal_eu,TXN-103016,ORD-503016,SALE,BTD5MVW7S9UXED1E8,EUR,matched_declined,engine,0.00,0.00,0.00,0.00
paypal_eu,TXN-103131,ORD-503131,SALE,0BQ5HGC6LBQZWUL8Z,EUR,matched,engine,27.17,27.17,27.17,0.00
paypal_eu,TXN-102373,ORD-502373,SALE,QDWPXYJZCS6H7TLJC,EUR,matched_declined,engine,0.00,0.00,0.00,0.00
paypal_eu,TXN-102317,ORD-502317,SALE,9BDEH3K8R3PAUAQZ9,EUR,matched,engine,5.43,5.43,5.43,0.00
paypal_eu,TXN-102130,ORD-502130,SALE,3WGK83DCMV5TJ3M0Z,EUR,matched,engine,10.86,10.86,10.86,0.00
paypal_eu,TXN-102939,ORD-502939,SALE,MR0Q3AYR5NA0M6J60,EUR,matched,engine,10.86,10.86,10.86,0.00
paypal_eu,TXN-103357,ORD-503357,SALE,BZJVKWP5TQ0ZJPQ9A,EUR,matched,engine,5.43,5.43,5.43,0.00
paypal_eu,TXN-102824,ORD-502824,SALE,JPYQ9JAFK63Y1YLDH,EUR,matched,engine,10.86,10.86,10.86,0.00
paypal_eu,TXN-103574,ORD-503574,SALE,XSMAQYDD0FX42P4PX,EUR,matched,engine,10.86,10.86,10.86,0.00
paypal_eu,TXN-102536,ORD-502536,SALE,65WX6VZ7P0ECPZWR9,EUR,matched,engine,10.86,10.86,10.86,0.00
paypal_eu,TXN-102231,ORD-502231,SALE,QNE422BVCG62KYPSF,EUR,matched,engine,65.23,65.23,65.23,0.00
paypal_eu,TXN-103631,ORD-503631,SALE,XLLGYXH74F2AGPY8J,EUR,matched,engine,65.23,65.23,65.23,0.00
paypal_eu,TXN-102618,ORD-502618,SALE,L3N5RVTF2K3B3SK5Y,EUR,matched,engine,10.86,10.86,10.86,0.00
paypal_eu,TXN-102221,ORD-502221,SALE,32EAC1M9RP7YS0E1S,EUR,matched,engine,65.23,65.23,65.23,0.00
paypal_eu,TXN-102438,ORD-502438,SALE,T50YJW8K8HRULTF85,EUR,matched,engine,5.43,5.43,5.43,0.00
paypal_eu,TXN-102376,ORD-502376,SALE,BD59LWVF3TWQ1AFR4,EUR,matched,engine,10.86,10.86,10.86,0.00
paypal_eu,TXN-103046,ORD-503046,SALE,4E8E7BLK6VR8R32YH,EUR,matched,engine,65.23,65.23,65.23,0.00
paypal_eu,TXN-102406,ORD-502406,SALE,QR8NQVUD9L8T2AR29,EUR,matched,engine,10.86,10.86,10.86,0.00
paypal_eu,TXN-102305,ORD-502305,SALE,B0KTDY1809RNKY064,EUR,matched,engine,65.23,65.23,65.23,0.00
paypal_eu,TXN-102744,ORD-502744,SALE,4A7UD5HCJ38QAJ94A,EUR,matched,engine,10.86,10.86,10.86,0.00
paypal_eu,TXN-103055,ORD-503055,SALE,SHZB13ZSPGD1KG4DM,EUR,matched,engine,27.17,27.17,27.17,0.00
paypal_eu,TXN-103700,ORD-503700,SALE,8VUB63LTLY957J7BG,EUR,matched,engine,10.86,10.86,10.86,0.00
paypal_eu,TXN-103646,ORD-503646,SALE,3CDL0PZAR9VLKD623,EUR,matched,engine,10.86,10.86,10.86,0.00
paypal_eu,TXN-103866,ORD-503866,SALE,4TUWH9DZG8BRL19YS,EUR,matched,engine,65.23,65.23,65.23,0.00
paypal_eu,TXN-103739,ORD-503739,SALE,ZT2N19M24EV1LR355,EUR,matched,engine,27.17,27.17,27.17,0.00
paypal_eu,TXN-102206,ORD-502206,SALE,VM09HP87GQ00BZ8FG,EUR,matched,engine,27.17,27.17,27.17,0.00
paypal_eu,TXN-102507,ORD-502507,SALE,WGDTYZG83N1UJZZX6,EUR,matched,engine,27.17,27.17,27.17,0.00
paypal_eu,TXN-103444,ORD-503444,SALE,Y13J28MVGZ5PDLU6X,EUR,matched,engine,65.23,65.23,65.23,0.00
paypal_eu,TXN-102728,ORD-502728,SALE,T93HUS3ARFER87FM8,EUR,matched,engine,10.86,10.86,10.86,0.00
paypal_eu,TXN-103657,ORD-503657,SALE,YJQF78G02TTTRXXKS,EUR,matched,engine,65.23,65.23,65.23,0.00
paypal_eu,TXN-103302,ORD-503302,SALE,T4WQK0Q2QCLZEU8HG,EUR,matched,engine,10.86,10.86,10.86,0.00
paypal_eu,TXN-103716,ORD-503716,SALE,JLPWZA1292DTU4N63,EUR,matched,engine,10.86,10.86,10.86,0.00
paypal_eu,TXN-103451,ORD-503451,SALE,6HLPEZ4L3K8K6B09K,EUR,matched,engine,5.43,5.43,5.43,0.00
paypal_eu,TXN-102294,ORD-502294,SALE,FK1XPL24B50UDYN1N,EUR,matched,engine,10.86,10.86,10.86,0.00
paypal_eu,TXN-102731,ORD-502731,SALE,36QEABKH6TETZ7T34,EUR,matched,engine,10.86,10.86,10.86,0.00
paypal_eu,TXN-103581,ORD-503581,SALE,VVT3GVA4JTMA0UZ8P,EUR,matched,engine,10.86,10.86,10.86,0.00
paypal_eu,TXN-103601,ORD-503601,SALE,936CZG7SJ6S2XNNUZ,EUR,matched,engine,5.43,5.43,5.43,0.00
paypal_eu,TXN-103801,ORD-503801,SALE,YVD4776D3P17W81LN,EUR,matched,engine,5.43,5.43,5.43,0.00
paypal_eu,TXN-103162,ORD-503162,SALE,9R09N7PYWDAPA567E,EUR,matched,engine,65.23,65.23,65.23,0.00
paypal_eu,TXN-102854,ORD-502854,SALE,PRXV60JLDZ72QLH2W,EUR,matched,engine,27.17,27.17,27.17,0.00
paypal_eu,TXN-102640,ORD-502640,SALE,211DNVPJ0D2QDMP9D,EUR,matched,engine,65.23,65.23,65.23,0.00
paypal_eu,TXN-102165,ORD-502165,SALE,NUBHMG73LRBPQTF45,EUR,matched,engine,27.17,27.17,27.17,0.00
paypal_eu,TXN-102415,ORD-502415,SALE,LFTSWG8B2QUPR063X,EUR,matched,engine,10.86,10.86,10.86,0.00
paypal_eu,TXN-102509,ORD-502509,SALE,X485GX8VXFWS4S14C,EUR,matched,engine,5.43,5.43,5.43,0.00
paypal_eu,TXN-103722,ORD-503722,SALE,67R3CP5VTGK1N353B,EUR,matched_declined,engine,0.00,0.00,0.00,0.00
paypal_eu,TXN-103851,ORD-503851,SALE,CGNF5NU4XL0U3ZDQU,EUR,matched,engine,27.17,27.17,27.17,0.00
paypal_eu,TXN-103571,ORD-503571,SALE,ZC4XYU3L4SLHZ3SWA,EUR,matched,engine,10.86,10.86,10.86,0.00
paypal_eu,TXN-102594,ORD-502594,SALE,CYY0QM5L1EQ6U39AN,EUR,matched,engine,10.86,10.86,10.86,0.00
paypal_eu,TXN-102827,ORD-502827,SALE,RWRCW2RMEYHEEP2TQ,EUR,matched,engine,27.17,27.17,27.17,0.00
paypal_eu,TXN-103807,ORD-503807,SALE,R3B85SBPALYU7ZV8T,EUR,matched,engine,10.86,10.86,10.86,0.00
paypal_eu,TXN-102869,ORD-502869,SALE,FNCQUFC6G3ZEH6HV3,EUR,matched,engine,27.17,27.17,27.17,0.00
paypal_eu,TXN-103121,ORD-503121,SALE,G94VF6RMAU1TUX7MB,EUR,matched,engine,27.17,27.17,27.17,0.00
paypal_eu,TXN-103061,ORD-503061,SALE,FRVYM8P6HK7SQ17UW,EUR,matched_declined,engine,0.00,0.00,0.00,0.00
paypal_eu,TXN-102701,ORD-502701,SALE,WLU41ZX95J6RNHLAA,EUR,matched,engine,10.86,10.86,10.86,0.00
paypal_eu,TXN-103149,ORD-503149,SALE,NEDZ4N3QW6MLJ83E0,EUR,matched,engine,10.86,10.86,10.86,0.00
paypal_eu,TXN-103432,ORD-503432,SALE,JZRRLB0Q3X4JZDD3P,EUR,matched,engine,10.86,10.86,10.86,0.00
paypal_eu,TXN-102269,ORD-502269,SALE,P3YSFM4NPGPMF87VR,EUR,matched_declined,engine,0.00,0.00,0.00,0.00
paypal_eu,TXN-102133,ORD-502133,SALE,KUASKVFDQDCN8JFLV,EUR,matched,engine,10.86,10.86,10.86,0.00
paypal_eu,TXN-103503,ORD-503503,SALE,LJTKASEP3GGUYBT6J,EUR,matched,engine,5.43,5.43,5.43,0.00
paypal_eu,TXN-102930,ORD-502930,SALE,BES2RSWBP3HZR0P1B,EUR,matched,engine,65.23,65.23,65.23,0.00
paypal_eu,TXN-102769,ORD-502769,SALE,89ZRSCQR3HGW9KZ6V,EUR,matched,engine,27.17,27.17,27.17,0.00
paypal_eu,TXN-103819,ORD-503819,SALE,8Y8S0WDQTHC23Z0SN,EUR,matched,engine,10.86,10.86,10.86,0.00
paypal_eu,TXN-102361,ORD-502361,SALE,C1EWKVG1K5QBEN1QF,EUR,matched,engine,10.86,10.86,10.86,0.00
paypal_eu,TXN-103848,ORD-503848,SALE,800NABHD2EFTKFCZQ,EUR,matched,engine,65.23,65.23,65.23,0.00
paypal_eu,TXN-103095,ORD-503095,SALE,QT8NRJ8HGS3WCZ6LZ,EUR,matched,engine,10.86,10.86,10.86,0.00
paypal_eu,TXN-102155,ORD-502155,SALE,N2XNS5N3CLRT2ZUGB,EUR,matched,engine,65.23,65.23,65.23,0.00
paypal_eu,TXN-103529,ORD-503529,SALE,761MC7T1JUAA6J39W,EUR,matched,engine,10.86,10.86,10.86,0.00
paypal_eu,TXN-103620,ORD-503620,SALE,ZHYW09NQQ75T2WG7W,EUR,matched,engine,10.86,10.86,10.86,0.00
paypal_eu,TXN-103104,ORD-503104,SALE,GB6AQ8XGQMQEEWNW9,EUR,matched,engine,27.17,27.17,27.17,0.00
paypal_eu,TXN-103811,ORD-503811,SALE,QCQ8US918AWDBZR25,EUR,matched,engine,10.86,10.86,10.86,0.00
paypal_eu,TXN-102973,ORD-502973,SALE,ZFU5DLC6P7GQP6589,EUR,matched,engine,10.86,10.86,10.86,0.00
paypal_eu,TXN-103511,ORD-503511,SALE,TFBT5DFXW84U2F7V4,EUR,matched,engine,27.17,27.17,27.17,0.00
paypal_eu,TXN-102551,ORD-502551,SALE,R34N7EJF7BT8E9ELJ,EUR,matched,engine,10.86,10.86,10.86,0.00
paypal_eu,TXN-103301,ORD-503301,SALE,9D8AKWL7SYTL139ZV,EUR,matched,engine,10.86,10.86,10.86,0.00
paypal_eu,TXN-102635,ORD-502635,SALE,XDRQGKC9MEGY9A1SC,EUR,matched,engine,10.86,10.86,10.86,0.00
paypal_eu,TXN-102434,ORD-502434,SALE,C7S1ANN74ZNZC7960,EUR,matched,engine,27.17,27.17,27.17,0.00
paypal_eu,TXN-103168,ORD-503168,SALE,D1MEDS0E426QNR4X5,EUR,matched,engine,10.86,10.86,10.86,0.00
paypal_eu,TXN-102915,ORD-502915,SALE,RYPEL8FVA5LM2DK7H,EUR,matched,engine,10.86,10.86,10.86,0.00
paypal_eu,TXN-103762,ORD-503762,SALE,XXSL4MT8Y9N4X2JR0,EUR,matched,engine,27.17,27.17,27.17,0.00
paypal_eu,TXN-103632,ORD-503632,SALE,ZDA2L1UPFF0K1892L,EUR,matched,engine,10.86,10.86,10.86,0.00
paypal_eu,TXN-102370,ORD-502370,SALE,9ZFJ70JBMFY3R9AFD,EUR,matched,engine,10.86,10.86,10.86,0.00
paypal_eu,TXN-103891,ORD-503891,SALE,12J7HSMVETK3ZYMEB,EUR,matched,engine,10.86,10.86,10.86,0.00
paypal_eu,TXN-102413,ORD-502413,SALE,3X3AXM7PQA13W8JDS,EUR,matched,engine,27.17,27.17,27.17,0.00
paypal_eu,TXN-103791,ORD-503791,SALE,TB84D8C3MH2EBJ6QB,EUR,matched,engine,10.86,10.86,10.86,0.00
paypal_eu,TXN-102948,ORD-502948,SALE,L2NB5EM5AC2QAP0HQ,EUR,matched,engine,10.86,10.86,10.86,0.00
paypal_eu,TXN-103022,ORD-503022,SALE,QCTARYLHA9ZJN200Y,EUR,matched,engine,65.23,65.23,65.23,0.00
paypal_eu,TXN-103602,ORD-503602,SALE,6KT7NK650S7WND0W1,EUR,matched,engine,65.23,65.23,65.23,0.00
paypal_eu,TXN-102523,ORD-502523,SALE,6FQHU2TEFKDX1LGQA,EUR,matched,engine,10.86,10.86,10.86,0.00
paypal_eu,TXN-102697,ORD-502697,SALE,CJ81SFGPY77LZTJRS,EUR,matched,engine,27.17,27.17,27.17,0.00
paypal_eu,TXN-102404,ORD-502404,SALE,9ZKLC9ZGFZRY6MJXK,EUR,matched,engine,10.86,10.86,10.86,0.00
paypal_eu,TXN-103478,ORD-503478,SALE,PTMK4Q1334W62J5RJ,EUR,matched,engine,27.17,27.17,27.17,0.00
paypal_eu,TXN-102265,ORD-502265,SALE,1731H07RMVQEY2RR3,EUR,matched,engine,27.17,27.17,27.17,0.00
paypal_eu,TXN-102852,ORD-502852,SALE,KKSMCVMS80H1ZHAGJ,EUR,matched,engine,27.17,27.17,27.17,0.00
paypal_eu,TXN-103810,ORD-503810,SALE,LGRDYGAUJWMZ2X1UL,EUR,matched_declined,engine,0.00,0.00,0.00,0.00
paypal_eu,TXN-102593,ORD-502593,SALE,FP6600QW9049DGF7D,EUR,matched,engine,27.17,27.17,27.17,0.00
paypal_eu,TXN-102214,ORD-502214,SALE,56S7JFEKNHBT5MGFF,EUR,matched,engine,65.23,65.23,65.23,0.00
paypal_eu,TXN-103640,ORD-503640,SALE,2QA36Y8A8K6NQEC3J,EUR,matched,engine,10.86,10.86,10.86,0.00
paypal_eu,TXN-102632,ORD-502632,SALE,0KZ4TUN958N627198,EUR,matched,engine,27.17,27.17,27.17,0.00
paypal_eu,TXN-102751,ORD-502751,SALE,SF93BGK17HGG29A2F,EUR,matched_declined,engine,0.00,0.00,0.00,0.00
paypal_eu,TXN-102997,ORD-502997,SALE,5K4BDU6N77TZEZC8V,EUR,matched,engine,5.43,5.43,5.43,0.00
paypal_eu,TXN-103830,ORD-503830,SALE,CEYXUFHPRHXYGPW7T,EUR,matched,engine,10.86,10.86,10.86,0.00
paypal_eu,TXN-103521,ORD-503521,SALE,FV64SDM6KYVJQM67H,EUR,matched_declined,engine,0.00,0.00,0.00,0.00
paypal_eu,TXN-107849,ORD-502914,REFUND,JA0A0RPX6P2GQTMUM,EUR,matched,engine,-10.86,-10.86,-10.86,0.00
paypal_eu,TXN-103498,ORD-503498,SALE,XJXRZE2HSVT0C9C0Q,EUR,matched,engine,10.86,10.86,10.86,0.00
paypal_eu,TXN-103517,ORD-503517,SALE,KVGSLQVYSKFSG963C,EUR,matched_declined,engine,0.00,0.00,0.00,0.00
paypal_eu,TXN-107862,ORD-503520,REFUND,NGKJ4R2WFWBXYB7XL,EUR,matched,engine,-27.17,-27.17,-27.17,0.00
paypal_eu,TXN-102335,ORD-502335,SALE,K6YWWQX6X8DGDMGNR,EUR,matched,engine,10.86,10.86,10.86,0.00
paypal_eu,TXN-103295,ORD-503295,SALE,4DPPBL80DLJP1LUUA,EUR,matched,engine,10.86,10.86,10.86,0.00
paypal_eu,TXN-102544,ORD-502544,SALE,AMZ2S4B6DMCWP3MF5,EUR,matched,engine,10.86,10.86,10.86,0.00
paypal_eu,TXN-102205,ORD-502205,SALE,038GZAT6ABRWUXHSS,EUR,matched_declined,engine,0.00,0.00,0.00,0.00
paypal_eu,TXN-103105,ORD-503105,SALE,HQHBYU0WUYVMHLK3G,EUR,matched,engine,10.86,10.86,10.86,0.00
paypal_eu,TXN-103485,ORD-503485,SALE,MF6VLH965M7ZG6QU9,EUR,matched,engine,10.86,10.86,10.86,0.00
paypal_eu,TXN-102264,ORD-502264,SALE,H8BYH8VHVEHCHFFM6,EUR,matched,engine,10.86,10.86,10.86,0.00
paypal_eu,TXN-102127,ORD-502127,SALE,GFV98GQQF9UPQT5XZ,EUR,matched,engine,65.23,65.23,65.23,0.00
paypal_eu,TXN-102657,ORD-502657,SALE,C1BXJX8RMY9D2LAF0,EUR,matched,engine,5.43,5.43,5.43,0.00
paypal_eu,TXN-102956,ORD-502956,SALE,W0ZDVGN4EEJNZAZ8T,EUR,matched,engine,5.43,5.43,5.43,0.00
paypal_eu,TXN-103002,ORD-503002,SALE,YYEE5S6XRYNLDL8FH,EUR,matched,engine,10.86,10.86,10.86,0.00
paypal_eu,TXN-103052,ORD-503052,SALE,CN5RQYZ25KPDKTMW2,EUR,matched,engine,10.86,10.86,10.86,0.00
paypal_eu,TXN-103174,ORD-503174,SALE,1QG7BW3RTPFK9TNL5,EUR,matched,engine,27.17,27.17,27.17,0.00
paypal_eu,TXN-103431,ORD-503431,SALE,575C8G8MP5AU0XEJQ,EUR,matched,engine,27.17,27.17,27.17,0.00
paypal_eu,TXN-103491,ORD-503491,SALE,BPQD2DZD5Z4KTQJX1,EUR,matched,engine,10.86,10.86,10.86,0.00
paypal_eu,TXN-103630,ORD-503630,SALE,4VCNLM4WFQFLRPLDL,EUR,matched_declined,engine,0.00,0.00,0.00,0.00
paypal_eu,TXN-103690,ORD-503690,SALE,RPSGF99UQFLS1VP4T,EUR,matched,engine,10.86,10.86,10.86,0.00
paypal_eu,TXN-102645,ORD-502645,SALE,EYFVB7KBSQUBGSDBZ,EUR,matched,engine,27.17,27.17,27.17,0.00
paypal_eu,TXN-103254,ORD-503254,SALE,TD90ST333G4SDE0N0,EUR,matched_declined,engine,0.00,0.00,0.00,0.00
paypal_eu,TXN-102385,ORD-502385,SALE,Z6BHKUKKH9VMPYMXH,EUR,matched_declined,engine,0.00,0.00,0.00,0.00
paypal_eu,TXN-102147,ORD-502147,SALE,XRN4FGWNC3Y995KQL,EUR,matched,engine,10.86,10.86,10.86,0.00
paypal_eu,TXN-102330,ORD-502330,SALE,5KCMJC8ABV0283H7A,EUR,matched,engine,10.86,10.86,10.86,0.00
paypal_eu,TXN-103872,ORD-503872,SALE,W5Q82ZU0HZUYJ9Z4W,EUR,matched,engine,5.43,5.43,5.43,0.00
paypal_eu,TXN-102969,ORD-502969,SALE,YYZCQY6ZK3SU30E0Y,EUR,matched,engine,10.86,10.86,10.86,0.00
paypal_eu,TXN-102300,ORD-502300,SALE,XQDF76LXGE5F04LPS,EUR,matched,engine,27.17,27.17,27.17,0.00
paypal_eu,TXN-103099,ORD-503099,SALE,5092CFSQR26BMPTZR,EUR,matched_declined,engine,0.00,0.00,0.00,0.00
paypal_eu,TXN-103500,ORD-503500,SALE,ZAD0H6Z4EYYYCU26B,EUR,matched,engine,65.23,65.23,65.23,0.00
paypal_eu,TXN-102774,ORD-502774,SALE,Z2YFPVYWY6MC3WE2S,EUR,matched,engine,10.86,10.86,10.86,0.00
paypal_eu,TXN-102787,ORD-502787,SALE,6BZNSHJ3F545L720K,EUR,matched,engine,65.23,65.23,65.23,0.00
paypal_eu,TXN-103769,ORD-503769,SALE,PPKA8E6VWQ4H1XN0J,EUR,matched,engine,10.86,10.86,10.86,0.00
paypal_eu,TXN-102907,ORD-502907,SALE,SRLJ5HPRSEVHEATWB,EUR,matched,engine,27.12,27.12,27.12,0.00
paypal_eu,TXN-103324,ORD-503324,SALE,MRPSYJE80UF35DKT9,EUR,matched,engine,10.84,10.84,10.84,0.00
paypal_eu,TXN-102258,ORD-502258,SALE,FEEZG1STG3Z9C0TPZ,EUR,matched_declined,engine,0.00,0.00,0.00,0.00
paypal_eu,TXN-103276,ORD-503276,SALE,CEFHS52BFR26UWR2Y,EUR,matched,engine,10.84,10.84,10.84,0.00
paypal_eu,TXN-103153,ORD-503153,SALE,84WPRH1JEYST9LR5P,EUR,matched,engine,10.84,10.84,10.84,0.00
paypal_eu,TXN-103284,ORD-503284,SALE,TSRFSPNHH1ANF5H3E,EUR,matched,engine,10.84,10.84,10.84,0.00
paypal_eu,TXN-102671,ORD-502671,SALE,UJJGXK063PBYMYR0C,EUR,matched,engine,27.12,27.12,27.12,0.00
paypal_eu,TXN-103614,ORD-503614,SALE,YE7AJPXCAEC8YR14S,EUR,matched,engine,10.84,10.84,10.84,0.00
paypal_eu,TXN-103294,ORD-503294,SALE,XDXZT2DDGMNA2YKSE,EUR,matched,engine,10.84,10.84,10.84,0.00
paypal_eu,TXN-103303,ORD-503303,SALE,5992N6J37CPZLYS91,EUR,matched,engine,65.10,65.10,65.10,0.00
paypal_eu,TXN-102157,ORD-502157,SALE,6VNUKJ5W37CY115AC,EUR,matched,engine,10.84,10.84,10.84,0.00
paypal_eu,TXN-102249,ORD-502249,SALE,N21ZBQYQ7HUYGW5V3,EUR,matched_declined,engine,0.00,0.00,0.00,0.00
paypal_eu,TXN-102488,ORD-502488,SALE,4N2HP27M81HSM3JTL,EUR,matched,engine,10.84,10.84,10.84,0.00
paypal_eu,TXN-103089,ORD-503089,SALE,N3LV0TC1Q5NBZRW1E,EUR,matched,engine,10.84,10.84,10.84,0.00
paypal_eu,TXN-102623,ORD-502623,SALE,T6KXR6H35QBTC0H0S,EUR,matched,engine,10.84,10.84,10.84,0.00
paypal_eu,TXN-103780,ORD-503780,SALE,LQT7DJ1TSY5JQMNY3,EUR,matched,engine,65.10,65.10,65.10,0.00
paypal_eu,TXN-103306,ORD-503306,SALE,YUQHZBRPG3FDYTPCR,EUR,matched,engine,10.84,10.84,10.84,0.00
paypal_eu,TXN-103091,ORD-503091,SALE,KV142HRFRH539GWCQ,EUR,matched,engine,10.84,10.84,10.84,0.00
paypal_eu,TXN-103337,ORD-503337,SALE,A5SGM5CXFDM4PS928,EUR,matched_declined,engine,0.00,0.00,0.00,0.00
paypal_eu,TXN-102778,ORD-502778,SALE,X3DS3P1PLM284ZUT7,EUR,matched,engine,10.84,10.84,10.84,0.00
paypal_eu,TXN-103347,ORD-503347,SALE,AZY7E986CAMNNQ63R,EUR,matched,engine,27.12,27.12,27.12,0.00
paypal_eu,TXN-103197,ORD-503197,SALE,F9Z06U4YKS066YQ7N,EUR,matched,engine,65.10,65.10,65.10,0.00
paypal_eu,TXN-103627,ORD-503627,SALE,8N4LT2XD34USPZ3X2,EUR,matched,engine,10.84,10.84,10.84,0.00
paypal_eu,TXN-103653,ORD-503653,SALE,FS863C15G7WXHXAZ8,EUR,matched,engine,10.84,10.84,10.84,0.00
paypal_eu,TXN-103436,ORD-503436,SALE,A8P0GBWKGA6N52WJC,EUR,matched,engine,27.12,27.12,27.12,0.00
paypal_eu,TXN-102458,ORD-502458,SALE,JYLKQL5J4YCFXFNEQ,EUR,matched,engine,65.10,65.10,65.10,0.00
paypal_eu,TXN-103904,ORD-503904,SALE,AMPGWFB1SQ56HAHLL,EUR,matched,engine,65.10,65.10,65.10,0.00
paypal_eu,TXN-103790,ORD-503790,SALE,FE2E773E96H67KV00,EUR,matched,engine,10.84,10.84,10.84,0.00
paypal_eu,TXN-103128,ORD-503128,SALE,DHZ325SX9W1WN8U36,EUR,matched,engine,10.84,10.84,10.84,0.00
paypal_eu,TXN-103835,ORD-503835,SALE,Q31S0RBP85MDJ7Z4R,EUR,matched,engine,10.84,10.84,10.84,0.00
paypal_eu,TXN-103064,ORD-503064,SALE,EPDEAWGVWSZ5K22VW,EUR,matched,engine,27.12,27.12,27.12,0.00
paypal_eu,TXN-103502,ORD-503502,SALE,HAP1UJF1FTHPZNM6T,EUR,matched,engine,27.12,27.12,27.12,0.00
paypal_eu,TXN-103010,ORD-503010,SALE,EMKTBSDZF07ASD4R3,EUR,matched,engine,10.84,10.84,10.84,0.00
paypal_eu,TXN-103172,ORD-503172,SALE,2R7QY25ZX0APM4G0D,EUR,matched,engine,5.41,5.41,5.41,0.00
paypal_eu,TXN-102369,ORD-502369,SALE,PWG3YNLF3KHC4V9W8,EUR,matched,engine,10.84,10.84,10.84,0.00
paypal_eu,TXN-103403,ORD-503403,SALE,XTMR2E8DHEP4A67VT,EUR,matched,engine,10.84,10.84,10.84,0.00
paypal_eu,TXN-103527,ORD-503527,SALE,BQ6M3PBQN1UWFGQBA,EUR,matched,engine,65.10,65.10,65.10,0.00
paypal_eu,TXN-103113,ORD-503113,SALE,PCQ6T352HEQFW8MUL,EUR,matched,engine,65.10,65.10,65.10,0.00
paypal_eu,TXN-103297,ORD-503297,SALE,EHS7CTMJJ1Y0GZSY1,EUR,matched,engine,10.84,10.84,10.84,0.00
paypal_eu,TXN-103609,ORD-503609,SALE,35ZB8LWW5JENTGKNY,EUR,matched,engine,27.12,27.12,27.12,0.00
paypal_eu,TXN-102196,ORD-502196,SALE,A8ME9YFXGFG7Z99VX,EUR,matched,engine,27.12,27.12,27.12,0.00
paypal_eu,TXN-103005,ORD-503005,SALE,AE96SPEKGK8EWKM5J,EUR,matched,engine,10.84,10.84,10.84,0.00
paypal_eu,TXN-102350,ORD-502350,SALE,YA2CB6PHHCM1MFYL9,EUR,matched,engine,5.41,5.41,5.41,0.00
paypal_eu,TXN-102567,ORD-502567,SALE,DBNZ0EW7DZ28CCPSE,EUR,matched,engine,10.84,10.84,10.84,0.00
paypal_eu,TXN-102746,ORD-502746,SALE,EU6EFH17NAGTKS3WR,EUR,matched_declined,engine,0.00,0.00,0.00,0.00
paypal_eu,TXN-102408,ORD-502408,SALE,HS60F7Q78DT27KRE8,EUR,matched,engine,10.86,10.86,10.86,0.00
paypal_eu,TXN-103157,ORD-503157,SALE,VDLAY2Y3474BC7N4U,EUR,matched_declined,engine,0.00,0.00,0.00,0.00
paypal_eu,TXN-103234,ORD-503234,SALE,LE95RLB5L7SDUKEE9,EUR,matched,engine,27.15,27.15,27.15,0.00
paypal_eu,TXN-102702,ORD-502702,SALE,PZM65D6T0K8QF5S1P,EUR,matched,engine,10.86,10.86,10.86,0.00
paypal_eu,TXN-102765,ORD-502765,SALE,XCYBPQV774CA58SEU,EUR,matched,engine,27.15,27.15,27.15,0.00
paypal_eu,TXN-102348,ORD-502348,SALE,QH3BGBQUCQ7X8M85Z,EUR,matched,engine,27.15,27.15,27.15,0.00
paypal_eu,TXN-102241,ORD-502241,SALE,BQP9WGP4WSBSKB5HH,EUR,matched,engine,10.86,10.86,10.86,0.00
paypal_eu,TXN-102715,ORD-502715,SALE,522B12L147567Z1GP,EUR,matched,engine,10.86,10.86,10.86,0.00
paypal_eu,TXN-103481,ORD-503481,SALE,7T3EA97LV75H8AE2R,EUR,matched,engine,27.15,27.15,27.15,0.00
paypal_eu,TXN-103404,ORD-503404,SALE,T44B8JKTMQ3YHXPW3,EUR,matched,engine,10.86,10.86,10.86,0.00
paypal_eu,TXN-103258,ORD-503258,SALE,EHSFQHJVE57L1KNL4,EUR,matched,engine,65.19,65.19,65.19,0.00
paypal_eu,TXN-103505,ORD-503505,SALE,MLLSBBGVG8UD69Y29,EUR,matched,engine,27.15,27.15,27.15,0.00
paypal_eu,TXN-102600,ORD-502600,SALE,KBKV7EJ21RHRNA267,EUR,matched,engine,10.86,10.86,10.86,0.00
paypal_eu,TXN-103842,ORD-503842,SALE,VLEVALNLC37PD22J5,EUR,matched,engine,27.15,27.15,27.15,0.00
paypal_eu,TXN-103783,ORD-503783,SALE,EXBVGJBDZ9Q0TE8KH,EUR,matched_declined,engine,0.00,0.00,0.00,0.00
paypal_eu,TXN-102895,ORD-502895,SALE,R4U7D3Q0014PDE9ES,EUR,matched,engine,27.15,27.15,27.15,0.00
paypal_eu,TXN-102232,ORD-502232,SALE,Q31M127K36X673KYR,EUR,matched,engine,10.86,10.86,10.86,0.00
paypal_eu,TXN-103734,ORD-503734,SALE,VE33ZVZCNGY7HTGUP,EUR,matched,engine,10.86,10.86,10.86,0.00
paypal_eu,TXN-103828,ORD-503828,SALE,3K8FT8DETX85RTX3Y,EUR,matched,engine,65.19,65.19,65.19,0.00
paypal_eu,TXN-102999,ORD-502999,SALE,46BAEJM8G8EDG5P1T,EUR,matched,engine,65.19,65.19,65.19,0.00
paypal_eu,TXN-103882,ORD-503882,SALE,TU3MC9U7UP8UT2CCM,EUR,matched,engine,65.19,65.19,65.19,0.00
paypal_eu,TXN-102252,ORD-502252,SALE,393YJJ8V2T30F8KU8,EUR,matched,engine,10.86,10.86,10.86,0.00
paypal_eu,TXN-102209,ORD-502209,SALE,RND9PNZEVE1YBJJ5R,EUR,matched,engine,5.42,5.42,5.42,0.00
paypal_eu,TXN-103278,ORD-503278,SALE,AQL76TMG8WZL5BU4A,EUR,matched,engine,10.86,10.86,10.86,0.00
paypal_eu,TXN-102270,ORD-502270,SALE,KYSAUAUMFDLA6MZL7,EUR,matched,engine,65.19,65.19,65.19,0.00
paypal_eu,TXN-103551,ORD-503551,SALE,6U9VEY6SGQWBDLDS7,EUR,matched,engine,5.42,5.42,5.42,0.00
paypal_eu,TXN-103100,ORD-503100,SALE,T0RLKMH1G7QD7EN9U,EUR,matched_declined,engine,0.00,0.00,0.00,0.00
paypal_eu,TXN-102513,ORD-502513,SALE,JBP5NNBH0ZHBQGGKP,EUR,matched,engine,10.86,10.86,10.86,0.00
paypal_eu,TXN-102524,ORD-502524,SALE,S3YWEZLTQ3Q54NS7Y,EUR,matched,engine,65.19,65.19,65.19,0.00
paypal_eu,TXN-103145,ORD-503145,SALE,K2G96Q713S4HV1QA9,EUR,matched,engine,65.19,65.19,65.19,0.00
paypal_eu,TXN-103854,ORD-503854,SALE,GPSTAL0XKM744VSRG,EUR,matched,engine,10.86,10.86,10.86,0.00
paypal_eu,TXN-103428,ORD-503428,SALE,6BZWRPWT7RATV7FRF,EUR,matched,engine,65.19,65.19,65.19,0.00
paypal_eu,TXN-103401,ORD-503401,SALE,DX5V0JHE0GQBBVJ2M,EUR,matched,engine,65.19,65.19,65.19,0.00
paypal_eu,TXN-103069,ORD-503069,SALE,HVENTB74KCFLJ55FA,EUR,matched,engine,10.86,10.86,10.86,0.00
paypal_eu,TXN-103815,ORD-503815,SALE,KD814XD3TUMBXHJ00,EUR,matched,engine,10.86,10.86,10.86,0.00
paypal_eu,TXN-103023,ORD-503023,SALE,GMSDSK1NCJJL78KHK,EUR,matched,engine,10.86,10.86,10.86,0.00
paypal_eu,TXN-103543,ORD-503543,SALE,PU2XQR1KYTWZMN6EL,EUR,matched,engine,27.15,27.15,27.15,0.00
paypal_eu,TXN-102730,ORD-502730,SALE,28H6T97P4EA2RQHVJ,EUR,matched,engine,65.19,65.19,65.19,0.00
paypal_eu,TXN-103288,ORD-503288,SALE,WTZZBLHKJBKP0AG1G,EUR,matched,engine,27.15,27.15,27.15,0.00
paypal_eu,TXN-103855,ORD-503855,SALE,VW4GV2KB5YVLDJ970,EUR,matched,engine,10.86,10.86,10.86,0.00
paypal_eu,TXN-102113,ORD-502113,SALE,8YQ4R4A3Y7F4ZFUZU,EUR,matched,engine,65.19,65.19,65.19,0.00
paypal_eu,TXN-103316,ORD-503316,SALE,QLKAMQLVQ9WT5AJ19,EUR,matched,engine,10.86,10.86,10.86,0.00
paypal_eu,TXN-102796,ORD-502796,SALE,PMS3BP6ZS678BQBNW,EUR,matched,engine,27.15,27.15,27.15,0.00
paypal_eu,TXN-102823,ORD-502823,SALE,FTXPK6LDGXZAYKJ7R,EUR,matched,engine,65.19,65.19,65.19,0.00
paypal_eu,TXN-103216,ORD-503216,SALE,6H8UYMLGM08HTS6CU,EUR,matched,engine,10.86,10.86,10.86,0.00
paypal_eu,TXN-102864,ORD-502864,SALE,LGK8UMSRWM76C30ZX,EUR,matched,engine,27.15,27.15,27.15,0.00
paypal_eu,TXN-102588,ORD-502588,SALE,7F18X70DDJXQB9W2L,EUR,matched,engine,10.86,10.86,10.86,0.00
paypal_eu,TXN-103522,ORD-503522,SALE,WDQ1WG381WRTBDY62,EUR,matched,engine,65.19,65.19,65.19,0.00
paypal_eu,TXN-107950,ORD-507776,SALE,E0RTDA3N6XGF1YNLJ,EUR,engine_fx_date_error,provider,65.75,65.19,65.19,-0.56
paypal_eu,TXN-103736,ORD-503736,SALE,1XJVV87T20NFTNK8U,EUR,matched,engine,10.86,10.86,10.86,0.00
paypal_eu,TXN-102534,ORD-502534,SALE,R8ASLS73JFP9BNHMU,EUR,matched,engine,5.42,5.42,5.42,0.00
paypal_eu,TXN-103194,ORD-503194,SALE,1MNKGJ723CH9B51VR,EUR,matched,engine,27.15,27.15,27.15,0.00
paypal_eu,TXN-103137,ORD-503137,SALE,CQ2MCHAVATQKM5SDT,EUR,matched,engine,10.86,10.86,10.86,0.00
paypal_eu,TXN-103217,ORD-503217,SALE,J06SSHJDVXD04TBGZ,EUR,matched_declined,engine,0.00,0.00,0.00,0.00
paypal_eu,TXN-102307,ORD-502307,SALE,WSXJQZTSZCHY8ELER,EUR,matched,engine,10.86,10.86,10.86,0.00
paypal_eu,TXN-102474,ORD-502474,SALE,L3TYHB9GEW3P7QH9U,EUR,matched,engine,10.86,10.86,10.86,0.00
paypal_eu,TXN-103832,ORD-503832,SALE,WDHHL99KEV7RS5LTV,EUR,matched,engine,65.19,65.19,65.19,0.00
paypal_eu,TXN-103186,ORD-503186,SALE,K6ZWWGZVGXC9FQK6L,EUR,matched,engine,10.86,10.86,10.86,0.00
paypal_eu,TXN-103175,ORD-503175,SALE,5YT7BMHCEYKNPNAGD,EUR,matched,engine,10.86,10.86,10.86,0.00
paypal_eu,TXN-102545,ORD-502545,SALE,ZJKDNKLN2PYJCJYZF,EUR,matched,engine,10.86,10.86,10.86,0.00
paypal_eu,TXN-102334,ORD-502334,SALE,Q956HXAR7YCB363WZ,EUR,matched,engine,27.15,27.15,27.15,0.00
paypal_eu,TXN-103218,ORD-503218,SALE,YDG7JJYCFBVETUCBF,EUR,matched,engine,10.87,10.87,10.87,0.00
paypal_eu,TXN-102585,ORD-502585,SALE,B5DMQSSJG8BKVE4NL,EUR,matched,engine,10.87,10.87,10.87,0.00
paypal_eu,TXN-102577,ORD-502577,SALE,8ZQ14U2YAVNC83HG5,EUR,matched,engine,27.18,27.18,27.18,0.00
paypal_eu,TXN-103624,ORD-503624,SALE,6CU0R4ZS80AP6NG0B,EUR,matched,engine,27.18,27.18,27.18,0.00
paypal_eu,TXN-103661,ORD-503661,SALE,X58N5B8Y2EXM9MW7Q,EUR,matched,engine,10.87,10.87,10.87,0.00
paypal_eu,TXN-103548,ORD-503548,SALE,1G0STJQTCY7WKMX5V,EUR,matched,engine,27.18,27.18,27.18,0.00
paypal_eu,TXN-102762,ORD-502762,SALE,NV2C4F6TJ7W7LFHME,EUR,matched_declined,engine,0.00,0.00,0.00,0.00
paypal_eu,TXN-102615,ORD-502615,SALE,TE1PP4AKFH3DVKN2G,EUR,matched,engine,10.87,10.87,10.87,0.00
paypal_eu,TXN-102377,ORD-502377,SALE,2A1BHR8S94XY3QWBC,EUR,matched,engine,27.18,27.18,27.18,0.00
paypal_eu,TXN-102990,ORD-502990,SALE,MZMH1BJXU8UXAUX9W,EUR,matched,engine,27.18,27.18,27.18,0.00
paypal_eu,TXN-102512,ORD-502512,SALE,9XR9U39XBJD9MZC6V,EUR,matched,engine,10.87,10.87,10.87,0.00
paypal_eu,TXN-103340,ORD-503340,SALE,G2TEV502KFFJYKD3G,EUR,matched,engine,27.18,27.18,27.18,0.00
paypal_eu,TXN-103506,ORD-503506,SALE,JRURCUSXH0E7ECH0E,EUR,matched,engine,5.43,5.43,5.43,0.00
paypal_eu,TXN-102456,ORD-502456,SALE,YXX7416B9EYEA8LTU,EUR,matched,engine,10.87,10.87,10.87,0.00
paypal_eu,TXN-102848,ORD-502848,SALE,WXNLHCR364B26XP52,EUR,matched_declined,engine,0.00,0.00,0.00,0.00
paypal_eu,TXN-102656,ORD-502656,SALE,A003C5GZYM95GJJ6F,EUR,matched_declined,engine,0.00,0.00,0.00,0.00
paypal_eu,TXN-102390,ORD-502390,SALE,WRUSZ73F863PAL8X9,EUR,matched,engine,65.26,65.26,65.26,0.00
paypal_eu,TXN-103366,ORD-503366,SALE,PMR7TH6WU0NLGSHSU,EUR,matched,engine,5.43,5.43,5.43,0.00
paypal_eu,TXN-102120,ORD-502120,SALE,KZBYFJLJFLWHMNCZ9,EUR,matched,engine,10.87,10.87,10.87,0.00
paypal_eu,TXN-103593,ORD-503593,SALE,7NA8SA3PCQ692F3N0,EUR,matched,engine,10.87,10.87,10.87,0.00
paypal_eu,TXN-103634,ORD-503634,SALE,PHMUPUZAFUN1DZGSM,EUR,matched,engine,65.26,65.26,65.26,0.00
paypal_eu,TXN-102798,ORD-502798,SALE,6KHLM7K2R4N1YHF8L,EUR,matched,engine,5.43,5.43,5.43,0.00
paypal_eu,TXN-102913,ORD-502913,SALE,099S3VAA0KSLSE9TN,EUR,matched,engine,10.87,10.87,10.87,0.00
paypal_eu,TXN-102937,ORD-502937,SALE,MC9LZN41V8BYBZF35,EUR,matched,engine,10.87,10.87,10.87,0.00
paypal_eu,TXN-103326,ORD-503326,SALE,8JRCJYP05DS2W03U2,EUR,matched,engine,10.87,10.87,10.87,0.00
paypal_eu,TXN-103247,ORD-503247,SALE,CDT7EFU32B8561LMY,EUR,matched,engine,65.26,65.26,65.26,0.00
paypal_eu,TXN-103462,ORD-503462,SALE,C3LYHH2ZRGFPYNYSH,EUR,matched_declined,engine,0.00,0.00,0.00,0.00
paypal_eu,TXN-102374,ORD-502374,SALE,QH8S3M4N5HYJPPUM9,EUR,matched,engine,10.87,10.87,10.87,0.00
paypal_eu,TXN-103354,ORD-503354,SALE,ERVB1F136BLSNGU9Q,EUR,matched,engine,27.18,27.18,27.18,0.00
paypal_eu,TXN-102557,ORD-502557,SALE,SJAGEV6HJT0BZXZVL,EUR,matched,engine,27.18,27.18,27.18,0.00
paypal_eu,TXN-103732,ORD-503732,SALE,5CTXRC03HCC53CB73,EUR,matched,engine,10.87,10.87,10.87,0.00
paypal_eu,TXN-102891,ORD-502891,SALE,2QB9QVY88Q2UE6SJP,EUR,matched,engine,10.87,10.87,10.87,0.00
paypal_eu,TXN-102484,ORD-502484,SALE,9NM70NGQG6KFT9SXW,EUR,matched,engine,10.87,10.87,10.87,0.00
paypal_eu,TXN-103886,ORD-503886,SALE,N2V5AYPXUFA5WLS6H,EUR,matched,engine,65.26,65.26,65.26,0.00
paypal_eu,TXN-103387,ORD-503387,SALE,6434GU7ZBJKG0XEGB,EUR,matched_declined,engine,0.00,0.00,0.00,0.00
paypal_eu,TXN-102447,ORD-502447,SALE,UM0C0ESQSJ13AQ5DJ,EUR,matched,engine,5.43,5.43,5.43,0.00
paypal_eu,TXN-102398,ORD-502398,SALE,9MKT2QWTD1KLZKZKH,EUR,matched,engine,10.87,10.87,10.87,0.00
paypal_eu,TXN-102321,ORD-502321,SALE,8CJTBFTZVHX6S7Y4K,EUR,matched_declined,engine,0.00,0.00,0.00,0.00
paypal_eu,TXN-103618,ORD-503618,SALE,97LUBZNWXHY98VANH,EUR,matched,engine,10.87,10.87,10.87,0.00
paypal_eu,TXN-107834,ORD-502234,REFUND,KDQY8L4HP2Y66BPDX,EUR,matched,engine,-10.87,-10.87,-10.87,0.00
paypal_eu,TXN-103179,ORD-503179,SALE,A8Z3TNFNX85RBU6TT,EUR,matched,engine,10.87,10.87,10.87,0.00
paypal_eu,TXN-103289,ORD-503289,SALE,8G7LDQ55DYM7PHVUG,EUR,matched_declined,engine,0.00,0.00,0.00,0.00
paypal_eu,TXN-103112,ORD-503112,SALE,CGXEEG0ZNULPBXPZZ,EUR,matched,engine,10.87,10.87,10.87,0.00
paypal_eu,TXN-102625,ORD-502625,SALE,RYRU8ZUDGWADM4FKW,EUR,matched,engine,10.87,10.87,10.87,0.00
paypal_eu,TXN-102443,ORD-502443,SALE,BZZNLTW5YNA3M2M2U,EUR,matched,engine,10.87,10.87,10.87,0.00
paypal_eu,TXN-102820,ORD-502820,SALE,4CJCA2P4EPA7MY8YY,EUR,matched,engine,10.87,10.87,10.87,0.00
paypal_eu,TXN-102748,ORD-502748,SALE,XMNSJEE0HBKY9FJD5,EUR,matched,engine,10.87,10.87,10.87,0.00
paypal_eu,TXN-102552,ORD-502552,SALE,GHADFYYQ74FKS7DCL,EUR,matched,engine,10.87,10.87,10.87,0.00
paypal_eu,TXN-102844,ORD-502844,SALE,F6W6SPWSTX816FX67,EUR,matched,engine,65.26,65.26,65.26,0.00
paypal_eu,TXN-102734,ORD-502734,SALE,5BSY4SRJM8AQ55AN5,EUR,matched,engine,27.23,27.23,27.23,0.00
paypal_eu,TXN-103889,ORD-503889,SALE,7FR6YD0WK0HE7PPHA,EUR,matched,engine,5.44,5.44,5.44,0.00
paypal_eu,TXN-103260,ORD-503260,SALE,GKZR88GZT5057A5XU,EUR,matched,engine,10.88,10.88,10.88,0.00
paypal_eu,TXN-103210,ORD-503210,SALE,4X1H0FBVMA47TFX36,EUR,matched,engine,10.88,10.88,10.88,0.00
paypal_eu,TXN-103206,ORD-503206,SALE,QC9EB9PNST86CSTRP,EUR,matched,engine,27.23,27.23,27.23,0.00
paypal_eu,TXN-103042,ORD-503042,SALE,3KWEVDY2DS7YK5FUL,EUR,matched,engine,10.88,10.88,10.88,0.00
paypal_eu,TXN-103446,ORD-503446,SALE,GNTZRV0DSA7HSK02Y,EUR,matched,engine,27.23,27.23,27.23,0.00
paypal_eu,TXN-103360,ORD-503360,SALE,ERZ4ZL1HLRU8VWAF4,EUR,matched,engine,65.36,65.36,65.36,0.00
paypal_eu,TXN-103142,ORD-503142,SALE,GYWVP3M3MFLK4W9R1,EUR,matched,engine,10.88,10.88,10.88,0.00
paypal_eu,TXN-102183,ORD-502183,SALE,UKFKW3SU05SB3H2UH,EUR,matched,engine,65.36,65.36,65.36,0.00
paypal_eu,TXN-103035,ORD-503035,SALE,H1799SK9D00EHSXZP,EUR,matched,engine,5.44,5.44,5.44,0.00
paypal_eu,TXN-103577,ORD-503577,SALE,DL57MZEMNVQXNVL6Q,EUR,matched,engine,10.88,10.88,10.88,0.00
paypal_eu,TXN-102144,ORD-502144,SALE,NJ0HYQK8LVY47Q51A,EUR,matched,engine,10.88,10.88,10.88,0.00
paypal_eu,TXN-103412,ORD-503412,SALE,4D75HDX1GUSZ4UF10,EUR,matched,engine,10.88,10.88,10.88,0.00
paypal_eu,TXN-102424,ORD-502424,SALE,GE4380AEFGNS3ZQ4F,EUR,matched,engine,10.88,10.88,10.88,0.00
paypal_eu,TXN-103735,ORD-503735,SALE,74UWWTRATQF0Y60WL,EUR,matched,engine,10.88,10.88,10.88,0.00
paypal_eu,TXN-102546,ORD-502546,SALE,LE32BM02X14BU0Q83,EUR,matched,engine,5.44,5.44,5.44,0.00
paypal_eu,TXN-102538,ORD-502538,SALE,G4DTF67EF1JESCKWN,EUR,matched,engine,10.88,10.88,10.88,0.00
paypal_eu,TXN-103161,ORD-503161,SALE,7YH1E7AKNC64XD8C0,EUR,matched,engine,10.88,10.88,10.88,0.00
paypal_eu,TXN-103694,ORD-503694,SALE,PXQLFBBP2ACXQ513V,EUR,matched,engine,10.88,10.88,10.88,0.00
paypal_eu,TXN-102542,ORD-502542,SALE,9AVYXHN575GUMJSBK,EUR,matched,engine,65.36,65.36,65.36,0.00
paypal_eu,TXN-103687,ORD-503687,SALE,P1P3AFTB2HZTSESHL,EUR,matched,engine,27.23,27.23,27.23,0.00
paypal_eu,TXN-103650,ORD-503650,SALE,DWWVRPMTEXDRH1LLH,EUR,matched,engine,5.44,5.44,5.44,0.00
paypal_eu,TXN-102518,ORD-502518,SALE,33D9ASBRVAR20Y1SD,EUR,matched,engine,10.88,10.88,10.88,0.00
paypal_eu,TXN-103857,ORD-503857,SALE,7Z2Z5WP0CY7LULD75,EUR,matched,engine,10.88,10.88,10.88,0.00
paypal_eu,TXN-102906,ORD-502906,SALE,KN1W4FKT4CNS767HT,EUR,matched,engine,65.36,65.36,65.36,0.00
paypal_eu,TXN-102291,ORD-502291,SALE,PCHJBA5U529Q86PNG,EUR,matched,engine,65.36,65.36,65.36,0.00
paypal_eu,TXN-102535,ORD-502535,SALE,Z83T23EGT0DQBWW0J,EUR,matched,engine,10.88,10.88,10.88,0.00
paypal_eu,TXN-102690,ORD-502690,SALE,7L57PCME7N4JTTGDJ,EUR,matched,engine,5.44,5.44,5.44,0.00
paypal_eu,TXN-102236,ORD-502236,SALE,88LEAB05E15H8KNS0,EUR,matched,engine,27.23,27.23,27.23,0.00
paypal_eu,TXN-102375,ORD-502375,SALE,TG0NR6R426QVS4TJY,EUR,matched,engine,5.44,5.44,5.44,0.00
paypal_eu,TXN-102402,ORD-502402,SALE,DZ4NS2XUTNKF7RPKA,EUR,matched_declined,engine,0.00,0.00,0.00,0.00
paypal_eu,TXN-103847,ORD-503847,SALE,Q0H0PNSXQLXWHCYB3,EUR,matched,engine,10.88,10.88,10.88,0.00
paypal_eu,TXN-102971,ORD-502971,SALE,BVKUL92WEC6AP4NCW,EUR,matched,engine,10.88,10.88,10.88,0.00
paypal_eu,TXN-102951,ORD-502951,SALE,7B1299XEPC1R7GC1D,EUR,matched,engine,10.88,10.88,10.88,0.00
paypal_eu,TXN-102326,ORD-502326,SALE,RMSF0JVBNP599BUPD,EUR,matched,engine,27.23,27.23,27.23,0.00
paypal_eu,TXN-103342,ORD-503342,SALE,BJ5GMA16JRU9R04MS,EUR,matched,engine,10.88,10.88,10.88,0.00
paypal_eu,TXN-103740,ORD-503740,SALE,QQP4X9GPMF9J7AMZ3,EUR,matched,engine,10.88,10.88,10.88,0.00
paypal_eu,TXN-103085,ORD-503085,SALE,9CS45RG9G9DB9U219,EUR,matched,engine,5.44,5.44,5.44,0.00
paypal_eu,TXN-102859,ORD-502859,SALE,UL0UYHXECU08MRH9M,EUR,matched,engine,10.88,10.88,10.88,0.00
paypal_eu,TXN-102522,ORD-502522,SALE,UZP9GRE0S2LXV8AAK,EUR,matched,engine,65.36,65.36,65.36,0.00
paypal_eu,TXN-102983,ORD-502983,SALE,XN9SFKJP4AVQXAJTE,EUR,matched,engine,65.36,65.36,65.36,0.00
paypal_eu,TXN-102607,ORD-502607,SALE,22A9WP524428A9HGA,EUR,matched,engine,10.88,10.88,10.88,0.00
paypal_eu,TXN-103349,ORD-503349,SALE,9BY0V8T61PFF7SMBT,EUR,matched,engine,65.36,65.36,65.36,0.00
paypal_eu,TXN-103443,ORD-503443,SALE,ZA7ADQLGUR3WF3HHE,EUR,matched,engine,10.88,10.88,10.88,0.00
paypal_eu,TXN-103277,ORD-503277,SALE,4Q0JVS21BF1UA1L9M,EUR,matched,engine,65.36,65.36,65.36,0.00
paypal_eu,TXN-103893,ORD-503893,SALE,5LU39M4J535GYV1LC,EUR,matched,engine,10.88,10.88,10.88,0.00
paypal_eu,TXN-103004,ORD-503004,SALE,0JT7D5034BG9BJZBY,EUR,matched,engine,65.36,65.36,65.36,0.00
paypal_eu,TXN-103768,ORD-503768,SALE,YQWM6JKDATPPCX9SP,EUR,matched,engine,10.88,10.88,10.88,0.00
paypal_eu,TXN-103248,ORD-503248,SALE,KNHPJ1SFJCPA02U4U,EUR,matched,engine,10.88,10.88,10.88,0.00
paypal_eu,TXN-103752,ORD-503752,SALE,BGH9M1PWUY9H0TJCP,EUR,matched,engine,10.88,10.88,10.88,0.00
paypal_eu,TXN-102636,ORD-502636,SALE,YYDBWWMDTYS9LPRKA,EUR,matched_declined,engine,0.00,0.00,0.00,0.00
paypal_eu,TXN-107847,ORD-502853,REFUND,B1PN8WCXYSM77BCH9,EUR,matched,engine,-27.23,-27.23,-27.23,0.00
paypal_eu,TXN-102530,ORD-502530,SALE,VPT2U8E1CF7YGFX4V,EUR,matched,engine,10.88,10.88,10.88,0.00
paypal_eu,TXN-103008,ORD-503008,SALE,XQT0NFNTQ8HEVJSTM,EUR,matched,engine,27.23,27.23,27.23,0.00
paypal_eu,TXN-102550,ORD-502550,SALE,FH1RT2YV3N72ZT5TS,EUR,matched,engine,10.88,10.88,10.88,0.00
paypal_eu,TXN-102478,ORD-502478,SALE,8N8P896X8VY1GCU7P,EUR,matched_declined,engine,0.00,0.00,0.00,0.00
paypal_eu,TXN-103325,ORD-503325,SALE,9SX9B6C5Y7WRR6TS9,EUR,matched,engine,5.44,5.44,5.44,0.00
paypal_eu,TXN-102888,ORD-502888,SALE,6ZGMJHSQRBWHKJ4S9,EUR,matched,engine,10.88,10.88,10.88,0.00
paypal_eu,TXN-107846,ORD-502831,REFUND,75FFAFXAL95DU2L1U,EUR,matched,engine,-10.88,-10.88,-10.88,0.00
paypal_eu,TXN-102993,ORD-502993,SALE,YVB4BFNAJD1N5Q7PX,EUR,matched,engine,27.23,27.23,27.23,0.00
paypal_eu,TXN-102286,ORD-502286,SALE,9EEQ3T1EWEGAQCPSG,EUR,matched_declined,engine,0.00,0.00,0.00,0.00
paypal_eu,TXN-103839,ORD-503839,SALE,EEZCZSSNE5CL4K8FG,EUR,matched,engine,10.88,10.88,10.88,0.00
paypal_eu,TXN-102794,ORD-502794,SALE,A483VR2YZ15U33QJQ,EUR,matched,engine,5.44,5.44,5.44,0.00
paypal_eu,TXN-103331,ORD-503331,SALE,X93CT97LC77N0Q152,EUR,matched,engine,10.88,10.88,10.88,0.00
paypal_eu,TXN-103060,ORD-503060,SALE,00MHBKULMJ867RELP,EUR,matched,engine,10.88,10.88,10.88,0.00
paypal_eu,TXN-102360,ORD-502360,SALE,YJT97G9G9TU6P6EX1,EUR,matched,engine,10.88,10.88,10.88,0.00
paypal_eu,TXN-103241,ORD-503241,SALE,VEN16LWL6T56VSYNQ,EUR,matched_declined,engine,0.00,0.00,0.00,0.00
paypal_eu,TXN-103724,ORD-503724,SALE,ASB9QEKL8V34YYPNQ,EUR,matched,engine,5.44,5.44,5.44,0.00
paypal_eu,TXN-103287,ORD-503287,SALE,7KYJVEBT3KDMQ6MSQ,EUR,matched,engine,10.88,10.88,10.88,0.00
paypal_eu,TXN-103250,ORD-503250,SALE,YKWLBEXTM4PDHFTWC,EUR,matched,engine,10.88,10.88,10.88,0.00
paypal_eu,TXN-103570,ORD-503570,SALE,KKGJ01MHZ9B0CAFKE,EUR,matched,engine,10.88,10.88,10.88,0.00
paypal_eu,TXN-103173,ORD-503173,SALE,EEFNN8FFSKM5Z217Z,EUR,matched,engine,10.88,10.88,10.88,0.00
paypal_eu,TXN-103019,ORD-503019,SALE,8C3F8WC4CQS9M4WQL,EUR,matched,engine,65.36,65.36,65.36,0.00
paypal_eu,TXN-103671,ORD-503671,SALE,Y8TQ9KSY19U44W6SC,EUR,matched,engine,27.23,27.23,27.23,0.00
paypal_eu,TXN-102681,ORD-502681,SALE,0AR85QR63YUHZLBCY,EUR,matched,engine,10.88,10.88,10.88,0.00
paypal_eu,TXN-103083,ORD-503083,SALE,761058PTZ91VSVVAM,EUR,matched,engine,5.44,5.44,5.44,0.00
paypal_eu,TXN-102804,ORD-502804,SALE,7C8V0NGARVUMF9K8M,EUR,matched,engine,10.88,10.88,10.88,0.00
paypal_eu,TXN-102726,ORD-502726,SALE,3HWSC841BMBRBL7TX,EUR,matched,engine,65.36,65.36,65.36,0.00
paypal_eu,TXN-103125,ORD-503125,SALE,JSH3SMFW69K0PGY0M,EUR,matched,engine,10.88,10.88,10.88,0.00
paypal_eu,TXN-102341,ORD-502341,SALE,KFSCJHW836VA86UNJ,EUR,matched,engine,10.88,10.88,10.88,0.00
paypal_eu,TXN-103781,ORD-503781,SALE,V146H1RDQXXRU4TLH,EUR,matched,engine,27.23,27.23,27.23,0.00
paypal_eu,TXN-103322,ORD-503322,SALE,D8PVRD7J5VX8EZUSH,EUR,matched,engine,65.36,65.36,65.36,0.00
paypal_eu,TXN-103082,ORD-503082,SALE,GQT1HA0Z0W0C20PJS,EUR,matched,engine,27.23,27.23,27.23,0.00
paypal_eu,TXN-102396,ORD-502396,SALE,NQH328CDFUEKQM65V,EUR,matched_declined,engine,0.00,0.00,0.00,0.00
paypal_eu,TXN-102470,ORD-502470,SALE,R38P4VFKSNLAW32VZ,EUR,matched,engine,10.88,10.88,10.88,0.00
paypal_eu,TXN-103030,ORD-503030,SALE,XE763HVQZEYLU71P8,EUR,matched,engine,10.88,10.88,10.88,0.00
paypal_eu,TXN-103586,ORD-503586,SALE,5X5QY0ZABHW48DMYU,EUR,matched,engine,10.88,10.88,10.88,0.00
paypal_eu,TXN-102419,ORD-502419,SALE,D515EU6UA67NFV476,EUR,matched,engine,10.88,10.88,10.88,0.00
paypal_eu,TXN-102493,ORD-502493,SALE,8CV86R5G94RGQNWDW,EUR,matched,engine,10.88,10.88,10.88,0.00
paypal_eu,TXN-102253,ORD-502253,SALE,LB94UD1NU9YZW378G,EUR,matched,engine,65.36,65.36,65.36,0.00
paypal_eu,TXN-102527,ORD-502527,SALE,FWPYC3UJ6Y7FJ1AR6,EUR,matched,engine,65.36,65.36,65.36,0.00
paypal_eu,TXN-103350,ORD-503350,SALE,LNJJ3VYL0G6FQSGF5,EUR,matched,engine,65.36,65.36,65.36,0.00
paypal_eu,TXN-102189,ORD-502189,SALE,D1UUWC9KUUZTXPAJQ,EUR,matched,engine,10.88,10.88,10.88,0.00
paypal_eu,TXN-102958,ORD-502958,SALE,U3RJW3QBNYV5QW1RJ,EUR,matched,engine,10.88,10.88,10.88,0.00
paypal_eu,TXN-102589,ORD-502589,SALE,NCBTH3YJ3XH0DG8XH,EUR,matched,engine,10.88,10.88,10.88,0.00
paypal_eu,TXN-102306,ORD-502306,SALE,G7RBMSUHKD05DMX57,EUR,matched,engine,27.23,27.23,27.23,0.00
paypal_eu,TXN-103497,ORD-503497,SALE,2SFYBWRBVFCEM794X,EUR,matched,engine,65.36,65.36,65.36,0.00
paypal_eu,TXN-103696,ORD-503696,SALE,UZGRXGGCRT56ST51N,EUR,matched,engine,10.88,10.88,10.88,0.00
paypal_eu,TXN-102337,ORD-502337,SALE,EQ2BU8G3YZ7MQ4CSN,EUR,matched,engine,65.36,65.36,65.36,0.00
paypal_eu,TXN-103067,ORD-503067,SALE,TZ1GXDSHJV1JPL4RC,EUR,matched,engine,10.88,10.88,10.88,0.00
paypal_eu,TXN-102830,ORD-502830,SALE,JBTQ5P06QW38JM0C1,EUR,matched,engine,10.88,10.88,10.88,0.00
paypal_eu,TXN-103045,ORD-503045,SALE,GBKM117TX25P4TRH5,EUR,matched,engine,27.23,27.23,27.23,0.00
paypal_eu,TXN-102846,ORD-502846,SALE,NRDDEZ8470U56RHQF,EUR,matched,engine,27.23,27.23,27.23,0.00
paypal_eu,TXN-103117,ORD-503117,SALE,GATMB6NJKMKK3GT67,EUR,matched,engine,10.88,10.88,10.88,0.00
paypal_eu,TXN-102920,ORD-502920,SALE,37568ZVEJWGFU9FVA,EUR,matched,engine,10.88,10.88,10.88,0.00
paypal_eu,TXN-102131,ORD-502131,SALE,1645JDFQ0CHCH80G1,EUR,matched,engine,10.88,10.88,10.88,0.00
paypal_eu,TXN-102855,ORD-502855,SALE,F55R9M0JPJ4UST0SF,EUR,matched,engine,10.88,10.88,10.88,0.00
paypal_eu,TXN-103612,ORD-503612,SALE,J2UXZXGHR79TBV29A,EUR,matched,engine,10.88,10.88,10.88,0.00
paypal_eu,TXN-103425,ORD-503425,SALE,RJ91PXDQ4N4HTHDAL,EUR,matched,engine,10.88,10.88,10.88,0.00
paypal_eu,TXN-102259,ORD-502259,SALE,KN64YAFYRT0T31TB3,EUR,matched,engine,10.88,10.88,10.88,0.00
paypal_eu,TXN-102706,ORD-502706,SALE,7LJ1KA9A1UGC93HRS,EUR,matched,engine,10.88,10.88,10.88,0.00
paypal_eu,TXN-103775,ORD-503775,SALE,GKAZTB192HL4R43T9,EUR,matched,engine,27.23,27.23,27.23,0.00
paypal_eu,TXN-103379,ORD-503379,SALE,HXQHBUNRPHETZCBKA,EUR,matched,engine,10.88,10.88,10.88,0.00
paypal_eu,TXN-102301,ORD-502301,SALE,VFWU5LNGWHK69A1YR,EUR,matched,engine,10.88,10.88,10.88,0.00
paypal_eu,TXN-102664,ORD-502664,SALE,W8W76MWZ896Y3E198,EUR,matched,engine,10.88,10.88,10.88,0.00
paypal_eu,TXN-103619,ORD-503619,SALE,PQWUN15E63BGPEFS1,EUR,matched,engine,10.88,10.88,10.88,0.00
paypal_eu,TXN-107858,ORD-503444,REFUND,GRY9S89005FM97SBL,EUR,matched,engine,-65.36,-65.36,-65.36,0.00
paypal_eu,TXN-102340,ORD-502340,SALE,J9E6DXGQ1NVDKQWC1,EUR,matched,engine,5.44,5.44,5.44,0.00
paypal_eu,TXN-102968,ORD-502968,SALE,7VNS17YKP1Q7HMDRZ,EUR,matched,engine,10.88,10.88,10.88,0.00
paypal_eu,TXN-103034,ORD-503034,SALE,9A6WPMDU16ENJYQQU,EUR,matched,engine,10.88,10.88,10.88,0.00
paypal_eu,TXN-103221,ORD-503221,SALE,WQWRQFRH1H24PC3WA,EUR,matched,engine,65.36,65.36,65.36,0.00
paypal_eu,TXN-102622,ORD-502622,SALE,ASTJ4JNBW75KTMCSN,EUR,matched,engine,10.88,10.88,10.88,0.00
paypal_eu,TXN-102246,ORD-502246,SALE,9BQNUFF3QRMKQLZFY,EUR,matched,engine,65.36,65.36,65.36,0.00
paypal_eu,TXN-102225,ORD-502225,SALE,5TD5LEZFKSKB804EZ,EUR,matched,engine,10.88,10.88,10.88,0.00
paypal_eu,TXN-102747,ORD-502747,SALE,1H3T2BDT6D6LVAA2H,EUR,matched,engine,10.88,10.88,10.88,0.00
paypal_eu,TXN-103784,ORD-503784,SALE,LAC4BNZWZHNALVY4T,EUR,matched,engine,10.88,10.88,10.88,0.00
paypal_eu,TXN-102290,ORD-502290,SALE,VX8KGYQ0RFTB56W3Y,EUR,matched,engine,27.23,27.23,27.23,0.00
paypal_eu,TXN-102554,ORD-502554,SALE,8GRMVWQ4V3MQ3PBCJ,EUR,matched,engine,5.44,5.44,5.44,0.00
paypal_eu,TXN-103202,ORD-503202,SALE,ECNVPD3UFNXGWWEXG,EUR,matched_declined,engine,0.00,0.00,0.00,0.00
paypal_eu,TXN-103029,ORD-503029,SALE,94489BF0CQ4PNJ5DZ,EUR,matched,engine,65.36,65.36,65.36,0.00
paypal_eu,TXN-102425,ORD-502425,SALE,KR0D2JVXRVQNQ0UFX,EUR,matched,engine,10.88,10.88,10.88,0.00
paypal_eu,TXN-103493,ORD-503493,SALE,TNEQUM7MJ0KVEZ6ZN,EUR,matched,engine,65.36,65.36,65.36,0.00
paypal_eu,TXN-102222,ORD-502222,SALE,7TFY7WTAC22WRRLXZ,EUR,matched,engine,10.88,10.88,10.88,0.00
paypal_eu,TXN-102472,ORD-502472,SALE,T5604VLXFKYL2KA5W,EUR,matched,engine,10.88,10.88,10.88,0.00
paypal_eu,TXN-103151,ORD-503151,SALE,HENWDFDYVRGCWJJFZ,EUR,matched,engine,10.88,10.88,10.88,0.00
paypal_eu,TXN-102106,ORD-502106,SALE,4NYZTGVSD40HAA0B5,EUR,matched,engine,5.44,5.44,5.44,0.00
paypal_eu,TXN-103097,ORD-503097,SALE,7FMG4M4KL3Z3LNL8Y,EUR,matched,engine,10.88,10.88,10.88,0.00
paypal_eu,TXN-102644,ORD-502644,SALE,J7W4BR3P6JR2KQ6EL,EUR,matched,engine,65.36,65.36,65.36,0.00
paypal_eu,TXN-103183,ORD-503183,SALE,5QZ87RRUCD6QX5FL2,EUR,matched,engine,10.88,10.88,10.88,0.00
paypal_eu,TXN-103245,ORD-503245,SALE,CHN14YTEHQ252AVKG,EUR,matched,engine,10.88,10.88,10.88,0.00
paypal_eu,TXN-103445,ORD-503445,SALE,G8G9JSNCMBQJGXDZZ,EUR,matched,engine,5.44,5.44,5.44,0.00
paypal_eu,TXN-103367,ORD-503367,SALE,R2RZRLQM9D3E8WJW6,EUR,matched,engine,10.88,10.88,10.88,0.00
paypal_eu,TXN-103753,ORD-503753,SALE,QBPLUTB0F8MMAR9QV,EUR,matched,engine,65.36,65.36,65.36,0.00
paypal_eu,TXN-103876,ORD-503876,SALE,PFYFCA6WM4P8ZAT9J,EUR,matched,engine,27.23,27.23,27.23,0.00
paypal_eu,TXN-102344,ORD-502344,SALE,A7QS4PKLEBUXV78QN,EUR,matched,engine,10.88,10.88,10.88,0.00
paypal_eu,TXN-103190,ORD-503190,SALE,B55EP7LVUSWHUNXPE,EUR,matched,engine,10.88,10.88,10.88,0.00
paypal_eu,TXN-103514,ORD-503514,SALE,QFWPGY4B9AJW8WAXD,EUR,matched,engine,10.88,10.88,10.88,0.00
paypal_eu,TXN-102405,ORD-502405,SALE,6QGQQYREME1ZX0AMV,EUR,matched,engine,27.23,27.23,27.23,0.00
paypal_eu,TXN-102675,ORD-502675,SALE,M5Z159KB4JR3HSUSC,EUR,matched,engine,27.23,27.23,27.23,0.00
paypal_eu,TXN-102516,ORD-502516,SALE,S57J4YDPWWND7Z1QP,EUR,matched,engine,65.36,65.36,65.36,0.00
paypal_eu,TXN-102802,ORD-502802,SALE,U5SVCAU6H045DBBB9,EUR,matched,engine,65.36,65.36,65.36,0.00
paypal_eu,TXN-103020,ORD-503020,SALE,PM0DFQR88EP8SVF60,EUR,matched,engine,10.88,10.88,10.88,0.00
paypal_eu,TXN-102612,ORD-502612,SALE,T9395AVKB3TPADN2D,EUR,matched,engine,27.23,27.23,27.23,0.00
paypal_eu,TXN-102466,ORD-502466,SALE,QVLFM1RYN7GPNVY3G,EUR,matched,engine,10.88,10.88,10.88,0.00
paypal_eu,TXN-102440,ORD-502440,SALE,KPPWQNXDSTK73ZXPJ,EUR,matched,engine,65.36,65.36,65.36,0.00
paypal_eu,TXN-102112,ORD-502112,SALE,5MWKFW00YW3EV08A7,EUR,matched,engine,5.44,5.44,5.44,0.00
paypal_eu,TXN-102302,ORD-502302,SALE,HLSV7FFEKV283E9BG,EUR,matched,engine,27.23,27.23,27.23,0.00
paypal_eu,TXN-103442,ORD-503442,SALE,GS17DJ87XY7BR7MDZ,EUR,matched,engine,10.88,10.88,10.88,0.00
paypal_eu,TXN-103647,ORD-503647,SALE,CQ1X4HLYH5YQHBC5R,EUR,matched,engine,10.88,10.88,10.88,0.00
paypal_eu,TXN-102641,ORD-502641,SALE,F48JX8CH3HC67SM9Y,EUR,matched,engine,65.36,65.36,65.36,0.00
paypal_eu,TXN-102799,ORD-502799,SALE,1ABAV16R8EXE1KKRA,EUR,matched_declined,engine,0.00,0.00,0.00,0.00
paypal_eu,TXN-103040,ORD-503040,SALE,JL06XKSQFEY6TUP28,EUR,matched,engine,10.88,10.88,10.88,0.00
paypal_eu,TXN-102760,ORD-502760,SALE,YUGY53BLSV4B0ZBDZ,EUR,matched,engine,10.88,10.88,10.88,0.00
paypal_eu,TXN-102224,ORD-502224,SALE,T2ZN1GFK2Y16H0HAJ,EUR,matched,engine,65.36,65.36,65.36,0.00
paypal_eu,TXN-102481,ORD-502481,SALE,2AHFX9MTFBZ2G9TFJ,EUR,matched,engine,10.88,10.88,10.88,0.00
paypal_eu,TXN-102849,ORD-502849,SALE,R270L0FEV4ER1GWJZ,EUR,matched,engine,10.88,10.88,10.88,0.00
paypal_eu,TXN-102561,ORD-502561,SALE,GGRNKD87GCV702G1F,EUR,matched,engine,27.23,27.23,27.23,0.00
paypal_eu,TXN-103448,ORD-503448,SALE,EVRTJ61ATBAUV5TYB,EUR,matched,engine,5.44,5.44,5.44,0.00
paypal_eu,TXN-103742,ORD-503742,SALE,70HA3AYQNRKFTFXQU,EUR,matched_declined,engine,0.00,0.00,0.00,0.00
paypal_eu,TXN-103280,ORD-503280,SALE,BW1PRYVZMT441CWFR,EUR,matched,engine,65.36,65.36,65.36,0.00
paypal_eu,TXN-102966,ORD-502966,SALE,ZXKZ6RUEK5NCV69Z6,EUR,matched,engine,5.44,5.44,5.44,0.00
paypal_eu,TXN-103160,ORD-503160,SALE,ZG79J8LQ85Q1C1U4K,EUR,matched,engine,27.23,27.23,27.23,0.00
paypal_eu,TXN-102400,ORD-502400,SALE,RBVXWE9N5EQD6RQQ0,EUR,matched,engine,10.88,10.88,10.88,0.00
paypal_eu,TXN-103171,ORD-503171,SALE,0DMV7KT6RG1H5YNFB,EUR,matched,engine,10.88,10.88,10.88,0.00
paypal_eu,TXN-103335,ORD-503335,SALE,2710Q0XMVVRLZ6R3L,EUR,matched,engine,10.88,10.88,10.88,0.00
paypal_eu,TXN-103320,ORD-503320,SALE,QQZT9YV2CXU5RLUJS,EUR,matched,engine,10.88,10.88,10.88,0.00
paypal_eu,TXN-102667,ORD-502667,SALE,051UBZDHYSBUL3XA7,EUR,matched,engine,65.36,65.36,65.36,0.00
paypal_eu,TXN-103318,ORD-503318,SALE,9J6NQXRJHW4YDTGGN,EUR,matched,engine,10.88,10.88,10.88,0.00
paypal_eu,TXN-103792,ORD-503792,SALE,Y6P6YREHBLMDATDEN,EUR,matched,engine,10.88,10.88,10.88,0.00
paypal_eu,TXN-103603,ORD-503603,SALE,VUL7GAK05KTPP8ZED,EUR,matched,engine,10.88,10.88,10.88,0.00
paypal_eu,TXN-103795,ORD-503795,SALE,T2DBDNJPLCYFU2V1J,EUR,matched,engine,10.88,10.88,10.88,0.00
paypal_eu,TXN-102647,ORD-502647,SALE,K9KRJ0QD60EP5N137,EUR,matched,engine,27.23,27.23,27.23,0.00
paypal_eu,TXN-103135,ORD-503135,SALE,X3HE44K76HUSUFW2T,EUR,matched,engine,10.88,10.88,10.88,0.00
paypal_eu,TXN-102740,ORD-502740,SALE,QQ67TLPY4E8XJRPM9,EUR,matched,engine,10.88,10.88,10.88,0.00
paypal_eu,TXN-102964,ORD-502964,SALE,06MVJWWRLY1135R4Y,EUR,matched,engine,65.36,65.36,65.36,0.00
paypal_eu,TXN-102603,ORD-502603,SALE,ZPZ2S32SKMQB7VKBG,EUR,matched,engine,10.88,10.88,10.88,0.00
paypal_eu,TXN-102499,ORD-502499,SALE,ZCW1XXWSZR1XWMBL7,EUR,matched,engine,65.36,65.36,65.36,0.00
paypal_eu,TXN-102783,ORD-502783,SALE,KSRFKG9CRUSN6H1DY,EUR,matched,engine,10.88,10.88,10.88,0.00
paypal_eu,TXN-103098,ORD-503098,SALE,QSQPJVPKBJAWWKXSS,EUR,matched,engine,27.23,27.23,27.23,0.00
paypal_eu,TXN-102661,ORD-502661,SALE,CZ9YX6QL3UFT42BWU,EUR,matched,engine,27.23,27.23,27.23,0.00
paypal_eu,TXN-103569,ORD-503569,SALE,NDG117C69AMK7XWGD,EUR,matched,engine,27.23,27.23,27.23,0.00
paypal_eu,TXN-102836,ORD-502836,SALE,5RZKNENUS9VZQVL3F,EUR,matched,engine,65.36,65.36,65.36,0.00
paypal_eu,TXN-103885,ORD-503885,SALE,CSGT9NDK01QWTMH90,EUR,matched,engine,10.88,10.88,10.88,0.00
paypal_eu,TXN-102735,ORD-502735,SALE,AA2J65X5GJ9V4BEGE,EUR,matched,engine,10.88,10.88,10.88,0.00
paypal_eu,TXN-102382,ORD-502382,SALE,UVRYV4FJDB52U9NRG,EUR,matched,engine,27.23,27.23,27.23,0.00
paypal_eu,TXN-103711,ORD-503711,SALE,L6LUGNXZQV44JQBWR,EUR,matched,engine,27.23,27.23,27.23,0.00
paypal_eu,TXN-103094,ORD-503094,SALE,8HG5WPAS9XAZ4GY57,EUR,matched,engine,10.88,10.88,10.88,0.00
paypal_eu,TXN-103296,ORD-503296,SALE,3A3C2BY4L1HS34B88,EUR,matched,engine,10.88,10.88,10.88,0.00
paypal_eu,TXN-103550,ORD-503550,SALE,K4U9V1UKUDW9C2ZR4,EUR,matched,engine,10.88,10.88,10.88,0.00
paypal_eu,TXN-102132,ORD-502132,SALE,77NM3YP2MKBXJ5WNA,EUR,matched,engine,10.88,10.88,10.88,0.00
paypal_eu,TXN-103165,ORD-503165,SALE,2RAXTGQ1T1W5VTXS5,EUR,matched,engine,10.88,10.88,10.88,0.00
paypal_eu,TXN-102936,ORD-502936,SALE,4T1MD6E3MKCJBS85F,EUR,matched,engine,10.88,10.88,10.88,0.00
paypal_eu,TXN-103837,ORD-503837,SALE,R3UKYGEDT19YW8HDC,EUR,matched,engine,10.88,10.88,10.88,0.00
paypal_eu,TXN-103459,ORD-503459,SALE,LYDVA7YGTKNENES6G,EUR,matched,engine,65.36,65.36,65.36,0.00
paypal_eu,TXN-103890,ORD-503890,SALE,TBKWYE7LD5SRKGBM5,EUR,matched,engine,10.88,10.88,10.88,0.00
paypal_eu,TXN-102169,ORD-502169,SALE,58VH5FGUGVH5A6TG5,EUR,matched,engine,10.88,10.88,10.88,0.00
paypal_eu,TXN-103669,ORD-503669,SALE,6GHVZ0VZQBJPLVSV5,EUR,matched,engine,10.88,10.88,10.88,0.00
paypal_eu,TXN-103232,ORD-503232,SALE,2TRTUW82LY15HCP3L,EUR,matched,engine,5.44,5.44,5.44,0.00
paypal_eu,TXN-102498,ORD-502498,SALE,J35N6RTTRKXSS3VV0,EUR,matched,engine,65.36,65.36,65.36,0.00
paypal_eu,TXN-103147,ORD-503147,SALE,LR1UA2C6JG0D8R2F6,EUR,matched,engine,10.88,10.88,10.88,0.00
paypal_eu,TXN-102284,ORD-502284,SALE,H8FXYF5QP49V4USQ4,EUR,matched,engine,10.88,10.88,10.88,0.00
paypal_eu,TXN-103867,ORD-503867,SALE,4QXHQTTS9QGJMGGP8,EUR,matched,engine,10.88,10.88,10.88,0.00
paypal_eu,TXN-103510,ORD-503510,SALE,QG6GH10K2SGB2JZ77,EUR,matched,engine,65.36,65.36,65.36,0.00
paypal_eu,TXN-102736,ORD-502736,SALE,QFUS2JTF3SF1FCJ4G,EUR,matched,engine,65.36,65.36,65.36,0.00
paypal_eu,TXN-103663,ORD-503663,SALE,KBT14AJ6281R7FB9N,EUR,matched,engine,65.36,65.36,65.36,0.00
paypal_eu,TXN-102935,ORD-502935,SALE,RFQ4SF83A6RC2DKEZ,EUR,matched,engine,10.88,10.88,10.88,0.00
paypal_eu,TXN-103489,ORD-503489,SALE,HHX8VM9XW9MDSL59D,EUR,matched,engine,10.88,10.88,10.88,0.00
paypal_eu,TXN-102515,ORD-502515,SALE,QJAKSUJ1XMX34CSUR,EUR,matched,engine,10.88,10.88,10.88,0.00
paypal_eu,TXN-102800,ORD-502800,SALE,RXGZ5WEUC0BPTA13B,EUR,matched,engine,10.88,10.88,10.88,0.00
paypal_eu,TXN-102158,ORD-502158,SALE,W49LAS8WVQEZWH3SS,EUR,matched,engine,10.88,10.88,10.88,0.00
paypal_eu,TXN-102658,ORD-502658,SALE,LE6JUCGJZMV97U16T,EUR,matched,engine,65.36,65.36,65.36,0.00
paypal_eu,TXN-102230,ORD-502230,SALE,7GNZZZNQ7Z07LZBSM,EUR,matched,engine,10.88,10.88,10.88,0.00
paypal_eu,TXN-102312,ORD-502312,SALE,MXLJSXLJ21EKEBYGK,EUR,matched,engine,10.88,10.88,10.88,0.00
paypal_eu,TXN-102174,ORD-502174,SALE,734VKD7G8BT4KRN81,EUR,matched,engine,5.44,5.44,5.44,0.00
paypal_eu,TXN-102508,ORD-502508,SALE,9KUWWRTY1Y1XNA3QU,EUR,matched,engine,10.88,10.88,10.88,0.00
paypal_eu,TXN-103726,ORD-503726,SALE,R46JX0MGPW7037PX3,EUR,matched,engine,10.88,10.88,10.88,0.00
paypal_eu,TXN-102821,ORD-502821,SALE,95L3C6GPANBF84XQD,EUR,matched,engine,10.88,10.88,10.88,0.00
paypal_eu,TXN-103021,ORD-503021,SALE,Y4TA21562XDBAFVK8,EUR,matched,engine,5.44,5.44,5.44,0.00
paypal_eu,TXN-103207,ORD-503207,SALE,BW1HUQCH116AGAE0U,EUR,matched_declined,engine,0.00,0.00,0.00,0.00
paypal_eu,TXN-102199,ORD-502199,SALE,EKJW90Z41X0S32LE3,EUR,matched,engine,27.23,27.23,27.23,0.00
paypal_eu,TXN-103305,ORD-503305,SALE,BBG38EP50F969HC83,EUR,matched,engine,10.88,10.88,10.88,0.00
paypal_eu,TXN-102931,ORD-502931,SALE,X1CL04A3A00SWAYC5,EUR,matched,engine,65.36,65.36,65.36,0.00
paypal_eu,TXN-103026,ORD-503026,SALE,GG1MR5L8SWR6T44ST,EUR,matched,engine,65.36,65.36,65.36,0.00
paypal_eu,TXN-102892,ORD-502892,SALE,Z1B2Z70RLT1U48448,EUR,matched,engine,10.88,10.88,10.88,0.00
paypal_eu,TXN-103434,ORD-503434,SALE,0MVYQ248LRKDWB88P,EUR,matched_declined,engine,0.00,0.00,0.00,0.00
paypal_eu,TXN-102743,ORD-502743,SALE,FH2UL8FBAPJXYV6AG,EUR,matched_declined,engine,0.00,0.00,0.00,0.00
paypal_eu,TXN-102510,ORD-502510,SALE,KMQ816MLT40FR7SCH,EUR,matched,engine,10.88,10.88,10.88,0.00
paypal_eu,TXN-103547,ORD-503547,SALE,26VG5C0Y11NTXB5E0,EUR,matched,engine,10.88,10.88,10.88,0.00
paypal_eu,TXN-102401,ORD-502401,SALE,0FR22Q5XHHQEVHKHK,EUR,matched,engine,10.88,10.88,10.88,0.00
paypal_eu,TXN-103144,ORD-503144,SALE,B17QZUVV44CKQF8AP,EUR,matched,engine,10.88,10.88,10.88,0.00
paypal_eu,TXN-102190,ORD-502190,SALE,XW18ZXX0HR8QN8DTN,EUR,matched,engine,10.88,10.88,10.88,0.00
paypal_eu,TXN-102985,ORD-502985,SALE,3LCAXNTP4E06B8KPD,EUR,matched_declined,engine,0.00,0.00,0.00,0.00
paypal_eu,TXN-103899,ORD-503899,SALE,V1R16D96XAHFBWPN9,EUR,matched,engine,10.88,10.88,10.88,0.00
paypal_eu,TXN-102276,ORD-502276,SALE,LXJ7RU3LD29LX7M70,EUR,matched_declined,engine,0.00,0.00,0.00,0.00
paypal_eu,TXN-103252,ORD-503252,SALE,M99LFVDVZYUBTS234,EUR,matched,engine,10.88,10.88,10.88,0.00
paypal_eu,TXN-103430,ORD-503430,SALE,DFS93BE7RRM3HZ24Q,EUR,matched,engine,10.88,10.88,10.88,0.00
paypal_eu,TXN-103007,ORD-503007,SALE,SKCU57QCTH9LLAE3R,EUR,matched,engine,10.88,10.88,10.88,0.00
paypal_eu,TXN-103666,ORD-503666,SALE,JDFCPTTEXSDWXW5PP,EUR,matched,engine,10.88,10.88,10.88,0.00
paypal_eu,TXN-103041,ORD-503041,SALE,6LZ3KFBRLRW4Y17JK,EUR,matched,engine,10.88,10.88,10.88,0.00
paypal_eu,TXN-103086,ORD-503086,SALE,RQV64SVCVCZYRJY3M,EUR,matched,engine,10.88,10.88,10.88,0.00
paypal_eu,TXN-102838,ORD-502838,SALE,7NPM0UTR2N4JNAQPA,EUR,matched,engine,10.88,10.88,10.88,0.00
paypal_eu,TXN-102928,ORD-502928,SALE,G19XSNMAL77RHS8AE,EUR,matched,engine,10.88,10.88,10.88,0.00
paypal_eu,TXN-103298,ORD-503298,SALE,DKYMK0KEDDYMG0V1T,EUR,matched,engine,10.88,10.88,10.88,0.00
paypal_eu,TXN-102175,ORD-502175,SALE,A3PKAW2HH72XXWN16,EUR,matched,engine,10.88,10.88,10.88,0.00
paypal_eu,TXN-103336,ORD-503336,SALE,DBKMC4J3PA26ENLQY,EUR,matched,engine,10.88,10.88,10.88,0.00
paypal_eu,TXN-107841,ORD-502555,REFUND,FHAFVBBG61DVZUVP3,EUR,matched,engine,-10.88,-10.88,-10.88,0.00
paypal_eu,TXN-102752,ORD-502752,SALE,GYQS1M80T3DMQS7SQ,EUR,matched_declined,engine,0.00,0.00,0.00,0.00
paypal_eu,TXN-102986,ORD-502986,SALE,0QGUMQW349G4JEHDA,EUR,matched,engine,65.35,65.35,65.35,0.00
paypal_eu,TXN-102457,ORD-502457,SALE,46RKSM3RHXFR32Y3A,EUR,matched_declined,engine,0.00,0.00,0.00,0.00
paypal_eu,TXN-107842,ORD-502607,REFUND,PYG6DT8S8N3RFJV4G,EUR,matched,engine,-10.88,-10.88,-10.88,0.00
paypal_eu,TXN-103369,ORD-503369,SALE,3J6PJB0T48TNN5C4P,EUR,matched,engine,10.88,10.88,10.88,0.00
paypal_eu,TXN-103537,ORD-503537,SALE,YPJLXS1KB8KPVKWWH,EUR,matched_declined,engine,0.00,0.00,0.00,0.00
paypal_eu,TXN-103905,ORD-503905,SALE,EHYKQ1J5ND3370K2F,EUR,matched,engine,5.44,5.44,5.44,0.00
paypal_eu,TXN-103524,ORD-503524,SALE,4KCX70GZU93HPAL0U,EUR,matched,engine,10.88,10.88,10.88,0.00
paypal_eu,TXN-103532,ORD-503532,SALE,T87A5H91W6BSQBVKB,EUR,matched,engine,27.22,27.22,27.22,0.00
paypal_eu,TXN-107845,ORD-502823,REFUND,WDP5VEYJPW71NVXYL,EUR,matched,engine,-65.35,-65.35,-65.35,0.00
paypal_eu,TXN-103271,ORD-503271,SALE,ECD2XDG2HN5PC9NBX,EUR,matched,engine,10.88,10.88,10.88,0.00
paypal_eu,TXN-103471,ORD-503471,SALE,TMLZZPUY9WVJK36AF,EUR,matched,engine,10.88,10.88,10.88,0.00
paypal_eu,TXN-102704,ORD-502704,SALE,DNUE18BYDAJY4B9KC,EUR,matched,engine,65.35,65.35,65.35,0.00
paypal_eu,TXN-103058,ORD-503058,SALE,KJB95A0UZ2AKRRPL5,EUR,matched,engine,10.88,10.88,10.88,0.00
paypal_eu,TXN-102109,ORD-502109,SALE,R0Y8BSNCA9Y4Q5VU1,EUR,matched,engine,10.88,10.88,10.88,0.00
paypal_eu,TXN-103120,ORD-503120,SALE,212B0AKUENSYPLV9K,EUR,matched,engine,10.88,10.88,10.88,0.00
paypal_eu,TXN-102304,ORD-502304,SALE,106M1PUMWS5PF2DVG,EUR,matched,engine,65.35,65.35,65.35,0.00
paypal_eu,TXN-102572,ORD-502572,SALE,YFJAJ269UG4CCSWV6,EUR,matched,engine,5.44,5.44,5.44,0.00
paypal_eu,TXN-103702,ORD-503702,SALE,WLZKQGQ6NDU6CCY0H,EUR,matched,engine,65.35,65.35,65.35,0.00
paypal_eu,TXN-102203,ORD-502203,SALE,1QUKL381UDS6VF85R,EUR,matched,engine,27.22,27.22,27.22,0.00
paypal_eu,TXN-102368,ORD-502368,SALE,WAA9C6S39UA9G23S5,EUR,matched,engine,27.22,27.22,27.22,0.00
paypal_eu,TXN-102412,ORD-502412,SALE,09GPZZYMJPACND5KP,EUR,matched,engine,10.88,10.88,10.88,0.00
paypal_eu,TXN-103836,ORD-503836,SALE,TSG4WR4D7Q7JY5NCF,EUR,matched,engine,65.35,65.35,65.35,0.00
paypal_eu,TXN-103386,ORD-503386,SALE,0BBCWDYQN58G3EQD3,EUR,matched,engine,65.21,65.21,65.21,0.00
paypal_eu,TXN-103575,ORD-503575,SALE,WCF2HR1FLUXZNBLU0,EUR,matched,engine,10.86,10.86,10.86,0.00
paypal_eu,TXN-102991,ORD-502991,SALE,Y2XP7H7LAU1F6U6G5,EUR,matched,engine,27.16,27.16,27.16,0.00
paypal_eu,TXN-103383,ORD-503383,SALE,9A1QAACURLLBHDCTT,EUR,matched,engine,10.86,10.86,10.86,0.00
paypal_eu,TXN-102166,ORD-502166,SALE,VD03JT73VC3CBDV45,EUR,matched,engine,65.21,65.21,65.21,0.00
paypal_eu,TXN-102446,ORD-502446,SALE,6WCMGHA6H90SS1NH3,EUR,matched,engine,65.21,65.21,65.21,0.00
paypal_eu,TXN-103195,ORD-503195,SALE,V3H85GR7D140UM6HB,EUR,matched,engine,27.16,27.16,27.16,0.00
paypal_eu,TXN-102163,ORD-502163,SALE,NENB0AHDE894DAHFW,EUR,matched,engine,65.21,65.21,65.21,0.00
paypal_eu,TXN-103185,ORD-503185,SALE,SZU2UAED24J2UM1KT,EUR,matched,engine,10.86,10.86,10.86,0.00
paypal_eu,TXN-103187,ORD-503187,SALE,YDC1SF4L0P2QAGC24,EUR,matched,engine,65.21,65.21,65.21,0.00
paypal_eu,TXN-103797,ORD-503797,SALE,BZAKLLKZ730K2SGU0,EUR,matched,engine,10.86,10.86,10.86,0.00
paypal_eu,TXN-103486,ORD-503486,SALE,4YKNBBCUN73ZNKV0S,EUR,matched,engine,10.86,10.86,10.86,0.00
paypal_eu,TXN-102532,ORD-502532,SALE,5ZN4K2KKV4H6MBXJ7,EUR,matched,engine,10.86,10.86,10.86,0.00
paypal_eu,TXN-107848,ORD-502864,REFUND,QHVNT1E51ZCGVQS18,EUR,matched,engine,-27.16,-27.16,-27.16,0.00
paypal_eu,TXN-102655,ORD-502655,SALE,VG09F2JMWPAEQAGQJ,EUR,matched,engine,10.86,10.86,10.86,0.00
paypal_eu,TXN-102308,ORD-502308,SALE,THHHB8H5DT0YJ0WSW,EUR,matched,engine,5.42,5.42,5.42,0.00
paypal_eu,TXN-103317,ORD-503317,SALE,ZZKK7QCZC7JEKW5T5,EUR,matched,engine,10.86,10.86,10.86,0.00
paypal_eu,TXN-102355,ORD-502355,SALE,Q8NBD0BRTX9GEBQE8,EUR,matched,engine,27.16,27.16,27.16,0.00
paypal_eu,TXN-103051,ORD-503051,SALE,YHSZ8YF6C98F8B1F6,EUR,matched,engine,10.86,10.86,10.86,0.00
paypal_eu,TXN-102548,ORD-502548,SALE,B8EVHSLYJBBJA3DLB,EUR,matched,engine,5.42,5.42,5.42,0.00
paypal_eu,TXN-102872,ORD-502872,SALE,HDNMKXCML50Y0REEK,EUR,matched,engine,10.86,10.86,10.86,0.00
paypal_eu,TXN-102883,ORD-502883,SALE,QPMWVN1DHSFGK71CU,EUR,matched,engine,10.86,10.86,10.86,0.00
paypal_eu,TXN-103364,ORD-503364,SALE,ECM30J9ME4TPT4AZ7,EUR,matched_declined,engine,0.00,0.00,0.00,0.00
paypal_eu,TXN-102843,ORD-502843,SALE,7KHW7PYRGAGMLMSXV,EUR,matched,engine,10.86,10.86,10.86,0.00
paypal_eu,TXN-102549,ORD-502549,SALE,EH5NTLFAJVGWDHCPX,EUR,matched,engine,5.42,5.42,5.42,0.00
paypal_eu,TXN-103864,ORD-503864,SALE,7QKWG0B1613VJVXMH,EUR,matched,engine,10.86,10.86,10.86,0.00
paypal_eu,TXN-103751,ORD-503751,SALE,6Z3N7HJZ6C2L9LNWA,EUR,matched_declined,engine,0.00,0.00,0.00,0.00
paypal_eu,TXN-102880,ORD-502880,SALE,LGZWXW7YAHZ0HHUR3,EUR,matched,engine,10.86,10.86,10.86,0.00
paypal_eu,TXN-103201,ORD-503201,SALE,6N20U7LGUYU7QVVXE,EUR,matched,engine,27.16,27.16,27.16,0.00
paypal_eu,TXN-102682,ORD-502682,SALE,HKKMEJR68KBUSRGDH,EUR,matched,engine,65.21,65.21,65.21,0.00
paypal_eu,TXN-103421,ORD-503421,SALE,3VQ2Z2K1X78PPRYX1,EUR,matched,engine,65.21,65.21,65.21,0.00
paypal_eu,TXN-102200,ORD-502200,SALE,QY9Z671YTUXFJGUAB,EUR,matched,engine,27.16,27.16,27.16,0.00
paypal_eu,TXN-102793,ORD-502793,SALE,TUKPWH83V78WJY5L9,EUR,matched,engine,10.86,10.86,10.86,0.00
paypal_eu,TXN-102609,ORD-502609,SALE,LKPMWECT2NZN0X19N,EUR,matched,engine,65.21,65.21,65.21,0.00
paypal_eu,TXN-103123,ORD-503123,SALE,GHF2VK9MJTXBN590A,EUR,matched,engine,27.16,27.16,27.16,0.00
paypal_eu,TXN-103880,ORD-503880,SALE,9QVY9XLFG1X66KGX6,EUR,matched,engine,5.42,5.42,5.42,0.00
paypal_eu,TXN-102842,ORD-502842,SALE,37W53TRJ6DZ7MMA8G,EUR,matched,engine,10.86,10.86,10.86,0.00
paypal_eu,TXN-103591,ORD-503591,SALE,BYL9ZBKBVB1FXARL9,EUR,matched,engine,10.86,10.86,10.86,0.00
paypal_eu,TXN-107837,ORD-502341,REFUND,PEVW968CHE16N6DJ2,EUR,matched,engine,-5.43,-5.43,-5.43,0.00
paypal_eu,TXN-103290,ORD-503290,SALE,WMCM8KKARNVEQMV3E,EUR,matched,engine,27.16,27.16,27.16,0.00
paypal_eu,TXN-102282,ORD-502282,SALE,3GG6XX1GS6MH31ZGU,EUR,matched,engine,10.86,10.86,10.86,0.00
paypal_eu,TXN-103743,ORD-503743,SALE,ZN2H2QE5FBX3YARSM,EUR,matched,engine,5.42,5.42,5.42,0.00
paypal_eu,TXN-102574,ORD-502574,SALE,HM4BJCZBNR63605RM,EUR,matched,engine,27.16,27.16,27.16,0.00
paypal_eu,TXN-103652,ORD-503652,SALE,8Q5BY2HFA17E8Q4ST,EUR,matched,engine,27.16,27.16,27.16,0.00
paypal_eu,TXN-102124,ORD-502124,SALE,VQ5ACFSEKNGFJDAJ0,EUR,matched,engine,5.42,5.42,5.42,0.00
paypal_eu,TXN-102280,ORD-502280,SALE,NX66K9XEX4LP06X4F,EUR,matched,engine,10.86,10.86,10.86,0.00
paypal_eu,TXN-103103,ORD-503103,SALE,0RTAL2SWCV26EF9BQ,EUR,matched,engine,5.42,5.42,5.42,0.00
paypal_eu,TXN-103375,ORD-503375,SALE,PJDQ3DDF6FKB8G75N,EUR,matched,engine,10.86,10.86,10.86,0.00
paypal_eu,TXN-102659,ORD-502659,SALE,MKNC0WX178ZEXX56V,EUR,matched,engine,10.86,10.86,10.86,0.00
paypal_eu,TXN-103269,ORD-503269,SALE,N3WZGB9M5RW5JRKXP,EUR,matched,engine,10.86,10.86,10.86,0.00
paypal_eu,TXN-102946,ORD-502946,SALE,PY2ATAHV14M3HE8ZP,EUR,matched_declined,engine,0.00,0.00,0.00,0.00
paypal_eu,TXN-103568,ORD-503568,SALE,BA2X65QAND93NW4V7,EUR,matched_declined,engine,0.00,0.00,0.00,0.00
paypal_eu,TXN-102717,ORD-502717,SALE,QH9T2U40BLL541S7Y,EUR,matched,engine,10.86,10.86,10.86,0.00
paypal_eu,TXN-103122,ORD-503122,SALE,SKYX8W86WJ93EMQTA,EUR,matched,engine,27.16,27.16,27.16,0.00
paypal_eu,TXN-103159,ORD-503159,SALE,4BPJJG7B2LAQGBPXG,EUR,matched,engine,10.86,10.86,10.86,0.00
paypal_eu,TXN-103749,ORD-503749,SALE,GP2LJR80WGNEG60F4,EUR,matched,engine,65.21,65.21,65.21,0.00
paypal_eu,TXN-102870,ORD-502870,SALE,NJ5U9DRSVNSLXTPUT,EUR,matched,engine,10.86,10.86,10.86,0.00
paypal_eu,TXN-102950,ORD-502950,SALE,BUHNZRU7M4QA1CNDU,EUR,matched,engine,10.86,10.86,10.86,0.00
paypal_eu,TXN-102187,ORD-502187,SALE,FNU5RP1SVH9HPC9BN,EUR,matched,engine,5.42,5.42,5.42,0.00
paypal_eu,TXN-103334,ORD-503334,SALE,2R22DJQK94RP77YNA,EUR,matched,engine,10.83,10.83,10.83,0.00
paypal_eu,TXN-102428,ORD-502428,SALE,QCXELW2XLQH8AE056,EUR,matched,engine,27.09,27.09,27.09,0.00
paypal_eu,TXN-103304,ORD-503304,SALE,3DDA0SEP2U348C366,EUR,matched,engine,10.83,10.83,10.83,0.00
paypal_eu,TXN-103291,ORD-503291,SALE,ZKPVAHK2CUY6QUZ8J,EUR,matched,engine,65.02,65.02,65.02,0.00
paypal_eu,TXN-102520,ORD-502520,SALE,5Q2PH59PEMKKSU7HT,EUR,matched,engine,27.09,27.09,27.09,0.00
paypal_eu,TXN-102911,ORD-502911,SALE,VE2B6H1CVBHE2HPF1,EUR,matched,engine,27.09,27.09,27.09,0.00
paypal_eu,TXN-102254,ORD-502254,SALE,6H8C73FL5FW37VHV8,EUR,matched,engine,10.83,10.83,10.83,0.00
paypal_eu,TXN-103407,ORD-503407,SALE,XNY3HERHR2NRGKTYU,EUR,matched_declined,engine,0.00,0.00,0.00,0.00
paypal_eu,TXN-103348,ORD-503348,SALE,FQ39QQS41QYGU49V8,EUR,matched,engine,65.02,65.02,65.02,0.00
paypal_eu,TXN-103572,ORD-503572,SALE,C88NDART9FTJFEBWW,EUR,matched,engine,10.83,10.83,10.83,0.00
paypal_eu,TXN-102464,ORD-502464,SALE,YFTVPM3ST5X3D38YK,EUR,matched_declined,engine,0.00,0.00,0.00,0.00
paypal_eu,TXN-103852,ORD-503852,SALE,WX9FLFJQ7TGUKY49B,EUR,matched,engine,10.83,10.83,10.83,0.00
paypal_eu,TXN-103012,ORD-503012,SALE,VL2GCS70X5ZY8N9CV,EUR,matched_declined,engine,0.00,0.00,0.00,0.00
paypal_eu,TXN-103865,ORD-503865,SALE,9XMV0KA73737CS34X,EUR,matched,engine,10.83,10.83,10.83,0.00
paypal_eu,TXN-102227,ORD-502227,SALE,R0LNQLFP4NQZBDTJZ,EUR,matched,engine,10.83,10.83,10.83,0.00
paypal_eu,TXN-102170,ORD-502170,SALE,PQBJUQCLFGB40L9VW,EUR,matched,engine,10.83,10.83,10.83,0.00
paypal_eu,TXN-102660,ORD-502660,SALE,UWLK8YP3N4ZCN0LZ6,EUR,matched,engine,10.83,10.83,10.83,0.00
paypal_eu,TXN-102319,ORD-502319,SALE,FRV7BM1Y0G3Y06QY1,EUR,matched,engine,65.02,65.02,65.02,0.00
paypal_eu,TXN-103396,ORD-503396,SALE,VCS8BF1ZH6S6WST4X,EUR,matched,engine,10.83,10.83,10.83,0.00
paypal_eu,TXN-103018,ORD-503018,SALE,U9A9X4S7X064QVD0K,EUR,matched,engine,27.09,27.09,27.09,0.00
paypal_eu,TXN-102299,ORD-502299,SALE,0PBSSDJB7LWSKSP6P,EUR,matched,engine,10.83,10.83,10.83,0.00
paypal_eu,TXN-103009,ORD-503009,SALE,Z289X9NP155PANPWY,EUR,matched,engine,5.41,5.41,5.41,0.00
paypal_eu,TXN-103641,ORD-503641,SALE,BW94RNFMNFBWCN5QU,EUR,matched,engine,27.09,27.09,27.09,0.00
paypal_eu,TXN-102819,ORD-502819,SALE,K5T2FVA3ZV8KCNWX1,EUR,matched,engine,10.83,10.83,10.83,0.00
paypal_eu,TXN-102780,ORD-502780,SALE,6V9T9A0XDBDRQMJZL,EUR,matched,engine,10.83,10.83,10.83,0.00
paypal_eu,TXN-103721,ORD-503721,SALE,L5DGNVZYCHCKQYHLM,EUR,matched,engine,5.41,5.41,5.41,0.00
paypal_eu,TXN-103358,ORD-503358,SALE,E7YFMYQD7395C4RBF,EUR,matched,engine,27.09,27.09,27.09,0.00
paypal_eu,TXN-102608,ORD-502608,SALE,EERPSQ45GVEGWJCPL,EUR,matched,engine,27.09,27.09,27.09,0.00
paypal_eu,TXN-103582,ORD-503582,SALE,1HPZVWZP4NABPVVHV,EUR,matched,engine,10.83,10.83,10.83,0.00
paypal_eu,TXN-103621,ORD-503621,SALE,BX06C5BQCR1SPCQ93,EUR,matched,engine,65.02,65.02,65.02,0.00
paypal_eu,TXN-102886,ORD-502886,SALE,4AW1072BLEDGA3Y97,EUR,matched,engine,10.83,10.83,10.83,0.00
paypal_eu,TXN-103573,ORD-503573,SALE,9GMSNGUHND829DGH8,EUR,matched,engine,10.83,10.83,10.83,0.00
paypal_eu,TXN-103587,ORD-503587,SALE,8BBQA5HE624CPZXUP,EUR,matched,engine,10.83,10.83,10.83,0.00
paypal_eu,TXN-103230,ORD-503230,SALE,EPM41BMMZQK32GHAC,EUR,matched,engine,27.09,27.09,27.09,0.00
paypal_eu,TXN-102687,ORD-502687,SALE,Q5Z4BDAWD11WE4Q7B,EUR,matched,engine,10.83,10.83,10.83,0.00
paypal_eu,TXN-103219,ORD-503219,SALE,S90XDMRH9QRATSPV3,EUR,matched,engine,65.02,65.02,65.02,0.00
paypal_eu,TXN-102789,ORD-502789,SALE,21ZC9FTQ1S3VWDNLQ,EUR,matched,engine,10.83,10.83,10.83,0.00
paypal_eu,TXN-102792,ORD-502792,SALE,NA5BWXZB3YCM9AVGP,EUR,matched,engine,10.83,10.83,10.83,0.00
paypal_eu,TXN-102207,ORD-502207,SALE,2KUXA1LT3X9RA7JMK,EUR,matched,engine,10.83,10.83,10.83,0.00
paypal_eu,TXN-103044,ORD-503044,SALE,Q70A3NNVCQ6PBV23D,EUR,matched,engine,10.83,10.83,10.83,0.00
paypal_eu,TXN-103437,ORD-503437,SALE,PWGZRQ4DBBAPZN65M,EUR,matched,engine,10.83,10.83,10.83,0.00
paypal_eu,TXN-102761,ORD-502761,SALE,C2LW2D4XVG6682JU4,EUR,matched,engine,65.02,65.02,65.02,0.00
paypal_eu,TXN-102738,ORD-502738,SALE,7NVGLJAB2RBARBWZY,EUR,matched,engine,27.09,27.09,27.09,0.00
paypal_eu,TXN-102453,ORD-502453,SALE,CK2ZY30NQQLFXWN9J,EUR,matched,engine,10.83,10.83,10.83,0.00
paypal_eu,TXN-102357,ORD-502357,SALE,ACRDAZ2TYXBV9C5FK,EUR,matched,engine,10.83,10.83,10.83,0.00
paypal_eu,TXN-103272,ORD-503272,SALE,DWE5NHDAWA5KGCJAQ,EUR,matched,engine,10.83,10.83,10.83,0.00
paypal_eu,TXN-103512,ORD-503512,SALE,B7Q2Q31X9Z7ZRDF01,EUR,matched,engine,10.83,10.83,10.83,0.00
paypal_eu,TXN-103850,ORD-503850,SALE,F0Q6V2D6Y9HAZ0A1R,EUR,matched,engine,65.02,65.02,65.02,0.00
paypal_eu,TXN-102149,ORD-502149,SALE,YP06EQYC2YBHJMZSY,EUR,matched,engine,27.09,27.09,27.09,0.00
paypal_eu,TXN-102455,ORD-502455,SALE,6GASRQS0S7KGNK1R2,EUR,matched,engine,65.02,65.02,65.02,0.00
paypal_eu,TXN-102693,ORD-502693,SALE,YMVW2MLFAVPELNJ2W,EUR,matched,engine,65.02,65.02,65.02,0.00
paypal_eu,TXN-102617,ORD-502617,SALE,GGC8XVX8UUNATTSWJ,EUR,matched,engine,5.41,5.41,5.41,0.00
paypal_eu,TXN-102599,ORD-502599,SALE,N1DJEPYNX76K2Z92V,EUR,matched,engine,10.83,10.83,10.83,0.00
paypal_eu,TXN-103420,ORD-503420,SALE,EHKVTX3K85DK00AUP,EUR,matched,engine,26.99,26.99,26.99,0.00
paypal_eu,TXN-103000,ORD-503000,SALE,RTHNLC4J23VKYJ18C,EUR,matched,engine,10.79,10.79,10.79,0.00
paypal_eu,TXN-103385,ORD-503385,SALE,2S3J5J70BAQZSJM3R,EUR,matched,engine,10.79,10.79,10.79,0.00
paypal_eu,TXN-103015,ORD-503015,SALE,4PS10ALGHJTC7H5D7,EUR,matched,engine,10.79,10.79,10.79,0.00
paypal_eu,TXN-102218,ORD-502218,SALE,48LWBW3H78KKQ59D7,EUR,matched,engine,10.79,10.79,10.79,0.00
paypal_eu,TXN-103380,ORD-503380,SALE,64Z6KA7643NN91ZK6,EUR,matched,engine,10.79,10.79,10.79,0.00
paypal_eu,TXN-103676,ORD-503676,SALE,L7W3T0VWAV1E6HZ26,EUR,matched,engine,10.79,10.79,10.79,0.00
paypal_eu,TXN-102494,ORD-502494,SALE,4Q8SRSUWS0BKETYVL,EUR,matched,engine,10.79,10.79,10.79,0.00
paypal_eu,TXN-103072,ORD-503072,SALE,YSEP2JB5EU03TMMRX,EUR,matched,engine,26.99,26.99,26.99,0.00
paypal_eu,TXN-102358,ORD-502358,SALE,2BM1XUQ6V21XLQW8H,EUR,matched,engine,26.99,26.99,26.99,0.00
paypal_eu,TXN-102818,ORD-502818,SALE,GAJAFAHTVJ1594K02,EUR,matched,engine,26.99,26.99,26.99,0.00
paypal_eu,TXN-103773,ORD-503773,SALE,H5KFRTTGKZWYCS4AE,EUR,matched,engine,10.79,10.79,10.79,0.00
paypal_eu,TXN-102285,ORD-502285,SALE,KQHUN8JD2YN3QRGR2,EUR,matched,engine,10.79,10.79,10.79,0.00
paypal_eu,TXN-103531,ORD-503531,SALE,SFG92TS8K0ZDHFZ6N,EUR,matched,engine,10.79,10.79,10.79,0.00
paypal_eu,TXN-102863,ORD-502863,SALE,CJ9WKF0KGMQ6J1GHR,EUR,matched,engine,26.99,26.99,26.99,0.00
paypal_eu,TXN-103509,ORD-503509,SALE,H2RX8PRC375KKX0R3,EUR,matched,engine,10.79,10.79,10.79,0.00
paypal_eu,TXN-102215,ORD-502215,SALE,43EPR947XNPPPCHST,EUR,matched,engine,64.80,64.80,64.80,0.00
paypal_eu,TXN-107840,ORD-502536,REFUND,BLR219MGXDHKBM0GY,EUR,matched,engine,-10.79,-10.79,-10.79,0.00
paypal_eu,TXN-103251,ORD-503251,SALE,6GX4Z3A0TTN3QKZK7,EUR,matched,engine,10.79,10.79,10.79,0.00
paypal_eu,TXN-103180,ORD-503180,SALE,KS3XTXN6J79EEWE4E,EUR,matched_declined,engine,0.00,0.00,0.00,0.00
paypal_eu,TXN-103859,ORD-503859,SALE,9VUJFSCDKHEM2ABRQ,EUR,matched_declined,engine,0.00,0.00,0.00,0.00
paypal_eu,TXN-102146,ORD-502146,SALE,RQBVFB01CUEPEKSBW,EUR,matched,engine,26.99,26.99,26.99,0.00
paypal_eu,TXN-103266,ORD-503266,SALE,JKS07CZLT0YZE2E4V,EUR,matched,engine,26.99,26.99,26.99,0.00
paypal_eu,TXN-107838,ORD-502361,REFUND,3P9P883FJMXSBJD32,EUR,matched,engine,-10.79,-10.79,-10.79,0.00
paypal_eu,TXN-103017,ORD-503017,SALE,C3VCTXNG55Y6THEL1,EUR,matched,engine,64.80,64.80,64.80,0.00
paypal_eu,TXN-103483,ORD-503483,SALE,8KMWTS46XMXFK2GJP,EUR,matched,engine,26.99,26.99,26.99,0.00
paypal_eu,TXN-102803,ORD-502803,SALE,KSMM0GMDL5Q3P6FM1,EUR,matched,engine,26.99,26.99,26.99,0.00
paypal_eu,TXN-102587,ORD-502587,SALE,Z3JPJ904T6F0D4EHK,EUR,matched,engine,10.79,10.79,10.79,0.00
paypal_eu,TXN-103490,ORD-503490,SALE,5TZ02VMFWQW0AZPT5,EUR,matched,engine,26.99,26.99,26.99,0.00
paypal_eu,TXN-102115,ORD-502115,SALE,8NG3WCZDNM9LLHCHV,EUR,matched,engine,10.79,10.79,10.79,0.00
paypal_eu,TXN-103639,ORD-503639,SALE,2Q0GBAZ91XD76JLRW,EUR,matched,engine,10.79,10.79,10.79,0.00
paypal_eu,TXN-103545,ORD-503545,SALE,UFM2LU0KXN4ZT2XPB,EUR,matched,engine,64.80,64.80,64.80,0.00
paypal_eu,TXN-103699,ORD-503699,SALE,WT3RKV8ACX3DXUTTD,EUR,matched,engine,10.79,10.79,10.79,0.00
paypal_eu,TXN-102795,ORD-502795,SALE,15CYCTZ4YNEG1HJFM,EUR,matched,engine,10.79,10.79,10.79,0.00
paypal_eu,TXN-102711,ORD-502711,SALE,NX9B1XD0QYKL0XFC1,EUR,matched,engine,64.80,64.80,64.80,0.00
paypal_eu,TXN-103078,ORD-503078,SALE,UPB2F0E2QHQPLCF45,EUR,matched,engine,10.79,10.79,10.79,0.00
paypal_eu,TXN-103415,ORD-503415,SALE,B1HU96R98ER99JRTS,EUR,matched,engine,26.99,26.99,26.99,0.00
paypal_eu,TXN-103894,ORD-503894,SALE,J7CCS2N3229BL0YBN,EUR,matched,engine,10.79,10.79,10.79,0.00
paypal_eu,TXN-102164,ORD-502164,SALE,R3JWC3WEQC135G1MZ,EUR,matched,engine,10.79,10.79,10.79,0.00
paypal_eu,TXN-102202,ORD-502202,SALE,DV5X158JN61PNNA62,EUR,matched,engine,10.79,10.79,10.79,0.00
paypal_eu,TXN-103523,ORD-503523,SALE,0A9XJKEU15PXT6VEX,EUR,matched_declined,engine,0.00,0.00,0.00,0.00
paypal_eu,TXN-103223,ORD-503223,SALE,REMQ1CFZC1P0WJ35Q,EUR,matched,engine,10.79,10.79,10.79,0.00
paypal_eu,TXN-103856,ORD-503856,SALE,76Y8KD9R9Q5KG35P0,EUR,matched,engine,26.99,26.99,26.99,0.00
paypal_eu,TXN-102233,ORD-502233,SALE,S77S4MFKSVAKVJ0MA,EUR,matched,engine,10.79,10.79,10.79,0.00
paypal_eu,TXN-102699,ORD-502699,SALE,GV4TYX96X63GAFR87,EUR,matched_declined,engine,0.00,0.00,0.00,0.00
paypal_eu,TXN-102367,ORD-502367,SALE,0NTPKJJJMNG93B198,EUR,matched,engine,10.79,10.79,10.79,0.00
paypal_eu,TXN-103081,ORD-503081,SALE,5AL8X0NSQWXQX2M02,EUR,matched,engine,64.80,64.80,64.80,0.00
paypal_eu,TXN-102342,ORD-502342,SALE,ATTMKFL319LAJU0MB,EUR,matched,engine,5.39,5.39,5.39,0.00
paypal_eu,TXN-102945,ORD-502945,SALE,DD7VGZKJVESUV1MSP,EUR,matched,engine,10.79,10.79,10.79,0.00
paypal_eu,TXN-103555,ORD-503555,SALE,5ZDLC5YGC5R48V23B,EUR,matched,engine,64.80,64.80,64.80,0.00
paypal_eu,TXN-103695,ORD-503695,SALE,XA0GK5A3PWK1CNRXV,EUR,matched,engine,64.80,64.80,64.80,0.00
paypal_eu,TXN-103141,ORD-503141,SALE,RF57H918ZCLQ3WC3A,EUR,matched,engine,10.79,10.79,10.79,0.00
paypal_eu,TXN-102197,ORD-502197,SALE,F5JJA3UZBEJL2P14Z,EUR,matched_declined,engine,0.00,0.00,0.00,0.00
paypal_eu,TXN-103720,ORD-503720,SALE,W3Q2HBPUMPT1Z79U7,EUR,matched,engine,64.80,64.80,64.80,0.00
paypal_eu,TXN-103279,ORD-503279,SALE,W4MURVC2PC0S3WDLK,EUR,matched,engine,26.99,26.99,26.99,0.00
paypal_eu,TXN-102741,ORD-502741,SALE,9LELBPFY51B4UPTZ8,EUR,matched,engine,10.79,10.79,10.79,0.00
paypal_eu,TXN-102998,ORD-502998,SALE,W8T23SXF2RWE7ULVJ,EUR,matched,engine,10.79,10.79,10.79,0.00
paypal_eu,TXN-103313,ORD-503313,SALE,JP7EQX7X9BRA0Y9YV,EUR,matched,engine,10.79,10.79,10.79,0.00
paypal_eu,TXN-102235,ORD-502235,SALE,V53YCF5ZE4RH43FB5,EUR,matched,engine,26.99,26.99,26.99,0.00
paypal_eu,TXN-102745,ORD-502745,SALE,9XE8KB5PFNLWE8YP2,EUR,matched,engine,5.39,5.39,5.39,0.00
paypal_eu,TXN-103846,ORD-503846,SALE,GTESH4PT1JB60R5MW,EUR,matched,engine,26.99,26.99,26.99,0.00
paypal_eu,TXN-103717,ORD-503717,SALE,VZPJ25TJ7XGDQWEHC,EUR,matched,engine,10.79,10.79,10.79,0.00
paypal_eu,TXN-102111,ORD-502111,SALE,SWE38FJ90SBQD085H,EUR,matched,engine,10.79,10.79,10.79,0.00
paypal_eu,TXN-103450,ORD-503450,SALE,VGSNUZ2W5LEN5CUA4,EUR,matched,engine,64.80,64.80,64.80,0.00
paypal_eu,TXN-103829,ORD-503829,SALE,WLKNWTMPX2ETANTVE,EUR,matched,engine,64.80,64.80,64.80,0.00
paypal_eu,TXN-103822,ORD-503822,SALE,487P191VWE98JM41E,EUR,matched,engine,64.80,64.80,64.80,0.00
paypal_eu,TXN-103770,ORD-503770,SALE,XDDVYQY6X0Q6MWPXX,EUR,matched,engine,26.99,26.99,26.99,0.00
paypal_eu,TXN-103688,ORD-503688,SALE,2UR42Y6RDB3TFYKD1,EUR,matched,engine,26.99,26.99,26.99,0.00
paypal_eu,TXN-103283,ORD-503283,SALE,JRMQKFHYXC4GEW63F,EUR,matched,engine,10.79,10.79,10.79,0.00
paypal_eu,TXN-102565,ORD-502565,SALE,SCXCRKJAVU6C6E9NQ,EUR,matched,engine,10.79,10.79,10.79,0.00
paypal_eu,TXN-103346,ORD-503346,SALE,ZQZSQ9DHYWEAHE3W0,EUR,matched,engine,10.79,10.79,10.79,0.00
paypal_eu,TXN-102239,ORD-502239,SALE,XYWH74YW09LFMFT59,EUR,matched,engine,26.99,26.99,26.99,0.00
paypal_eu,TXN-103209,ORD-503209,SALE,9QFP3J46JN37JQKLR,EUR,matched,engine,64.79,64.79,64.79,0.00
paypal_eu,TXN-103583,ORD-503583,SALE,Y0E6A9L3BPZ1MYY7R,EUR,matched_declined,engine,0.00,0.00,0.00,0.00
paypal_eu,TXN-103465,ORD-503465,SALE,PPMGY8VD8MHL0KRUJ,EUR,matched,engine,10.79,10.79,10.79,0.00
paypal_eu,TXN-103231,ORD-503231,SALE,20W509H7R9MUSA4F4,EUR,matched,engine,10.79,10.79,10.79,0.00
paypal_eu,TXN-103204,ORD-503204,SALE,H07YC7Q2Q7V4FZ2WR,EUR,matched,engine,26.99,26.99,26.99,0.00
paypal_eu,TXN-102757,ORD-502757,SALE,0YAD49SPJB6Z8PCUA,EUR,matched,engine,10.79,10.79,10.79,0.00
paypal_eu,TXN-103205,ORD-503205,SALE,B60PXRXDM3RUHT30V,EUR,matched,engine,64.79,64.79,64.79,0.00
paypal_eu,TXN-102182,ORD-502182,SALE,12BGNMWGBBH6NAX2G,EUR,matched,engine,10.79,10.79,10.79,0.00
paypal_eu,TXN-102148,ORD-502148,SALE,S7K4ZKCSXYWJ03RK7,EUR,matched,engine,10.79,10.79,10.79,0.00
paypal_eu,TXN-102414,ORD-502414,SALE,XDQ3EENSBKLX337WT,EUR,matched,engine,26.99,26.99,26.99,0.00
paypal_eu,TXN-102709,ORD-502709,SALE,69NGZBALX51TN2X3A,EUR,matched,engine,64.79,64.79,64.79,0.00
paypal_eu,TXN-102162,ORD-502162,SALE,9VNZHEU7W2B1L3G9H,EUR,matched,engine,26.99,26.99,26.99,0.00
paypal_eu,TXN-103686,ORD-503686,SALE,MA18LZMQG35LZVE04,EUR,matched,engine,64.79,64.79,64.79,0.00
paypal_eu,TXN-102897,ORD-502897,SALE,S4TAPYYQKYWEK8T2T,EUR,matched,engine,10.79,10.79,10.79,0.00
paypal_eu,TXN-102759,ORD-502759,SALE,RKDR258BT0NP8DDSH,EUR,matched,engine,26.99,26.99,26.99,0.00
paypal_eu,TXN-103623,ORD-503623,SALE,0YQ4EDHE8UBD0EV17,EUR,matched,engine,10.79,10.79,10.79,0.00
paypal_eu,TXN-103516,ORD-503516,SALE,TUG8GAFKTRW88EU7L,EUR,matched,engine,26.99,26.99,26.99,0.00
paypal_eu,TXN-103542,ORD-503542,SALE,Q1MG1TMC35LH5MSPW,EUR,matched,engine,10.79,10.79,10.79,0.00
paypal_eu,TXN-103681,ORD-503681,SALE,VS3VEL88T60XUJB4T,EUR,matched,engine,10.79,10.79,10.79,0.00
paypal_eu,TXN-103827,ORD-503827,SALE,6PPL9TSQX31YJYYQX,EUR,matched_declined,engine,0.00,0.00,0.00,0.00
paypal_eu,TXN-103556,ORD-503556,SALE,16C4PXA0QWM6SG10A,EUR,matched,engine,10.79,10.79,10.79,0.00
paypal_eu,TXN-103549,ORD-503549,SALE,5HVH2M8KVCWJ077AU,EUR,matched,engine,26.99,26.99,26.99,0.00
paypal_eu,TXN-102480,ORD-502480,SALE,EKT9QVJAQB7NDSVBN,EUR,matched_declined,engine,0.00,0.00,0.00,0.00
paypal_eu,TXN-102604,ORD-502604,SALE,2NMK8YXA3LAL2J7C1,EUR,matched,engine,10.79,10.79,10.79,0.00
paypal_eu,TXN-103225,ORD-503225,SALE,3SSRKYGPPGULSXUTM,EUR,matched,engine,10.79,10.79,10.79,0.00
paypal_eu,TXN-107868,ORD-503790,REFUND,1HUX9BJ379DKXTFK4,EUR,matched,engine,-5.40,-5.40,-5.40,0.00
paypal_eu,TXN-102521,ORD-502521,SALE,N6NN60Y1K5CYSK4VG,EUR,matched,engine,26.99,26.99,26.99,0.00
paypal_eu,TXN-103255,ORD-503255,SALE,KKB1C2EFPQN6N2549,EUR,matched,engine,5.39,5.39,5.39,0.00
paypal_eu,TXN-103439,ORD-503439,SALE,Y5XVAJXJNC2T2B3DB,EUR,matched,engine,64.79,64.79,64.79,0.00
paypal_eu,TXN-102486,ORD-502486,SALE,2F8Q6UM3KU3TD1DSR,EUR,matched,engine,5.39,5.39,5.39,0.00
paypal_eu,TXN-103796,ORD-503796,SALE,TYJM6G1ZLA59960VQ,EUR,matched,engine,10.79,10.79,10.79,0.00
paypal_eu,TXN-103384,ORD-503384,SALE,GJUSJXY4PRCCXTXS4,EUR,matched,engine,64.79,64.79,64.79,0.00
paypal_eu,TXN-103519,ORD-503519,SALE,GDMZAG3DA564FYRBZ,EUR,matched,engine,5.39,5.39,5.39,0.00
paypal_eu,TXN-103203,ORD-503203,SALE,VRE3Q34WHJES7X0X9,EUR,matched,engine,26.99,26.99,26.99,0.00
paypal_eu,TXN-103536,ORD-503536,SALE,WBT82HZ30TZHF6S8W,EUR,matched_declined,engine,0.00,0.00,0.00,0.00
paypal_eu,TXN-102791,ORD-502791,SALE,CSBANCV3EQUEJHRK0,EUR,matched,engine,10.79,10.79,10.79,0.00
paypal_eu,TXN-103771,ORD-503771,SALE,55UL0Q83FQYM26N5S,EUR,matched,engine,10.79,10.79,10.79,0.00
paypal_eu,TXN-102631,ORD-502631,SALE,SSNA6E1ESBAC1ZJSQ,EUR,matched,engine,10.79,10.79,10.79,0.00
paypal_eu,TXN-103714,ORD-503714,SALE,U1WE2BMXA6X4CC5BJ,EUR,matched,engine,26.99,26.99,26.99,0.00
paypal_eu,TXN-103670,ORD-503670,SALE,SBJEKE0PSU8K0328Y,EUR,matched,engine,10.79,10.79,10.79,0.00
paypal_eu,TXN-102283,ORD-502283,SALE,905FQRU99H1R25BA0,EUR,matched,engine,26.99,26.99,26.99,0.00
paypal_eu,TXN-107851,ORD-502991,REFUND,9EKG8XP54HS9772QU,EUR,matched,engine,-26.99,-26.99,-26.99,0.00
paypal_eu,TXN-103006,ORD-503006,SALE,FE859CX1SPMVV5KBV,EUR,matched,engine,64.79,64.79,64.79,0.00
paypal_eu,TXN-102185,ORD-502185,SALE,2K30DHR1CJHY9NDL2,EUR,matched,engine,10.79,10.79,10.79,0.00
paypal_eu,TXN-103705,ORD-503705,SALE,AL6MEYPH41U5A1PX9,EUR,matched,engine,10.79,10.79,10.79,0.00
paypal_eu,TXN-103518,ORD-503518,SALE,6BUHNNTBA284M8JCF,EUR,matched,engine,10.79,10.79,10.79,0.00
paypal_eu,TXN-102462,ORD-502462,SALE,E3H83808K2P4F2EBY,EUR,matched,engine,10.79,10.79,10.79,0.00
paypal_eu,TXN-102179,ORD-502179,SALE,TPJZARXQ828YJ6XQB,EUR,matched,engine,26.99,26.99,26.99,0.00
paypal_eu,TXN-102694,ORD-502694,SALE,PFA9NRJRSHPPFJ2Q6,EUR,matched,engine,5.39,5.39,5.39,0.00
paypal_eu,TXN-103461,ORD-503461,SALE,HC5X3WV0QVEGED2UM,EUR,matched,engine,5.39,5.39,5.39,0.00
paypal_eu,TXN-103066,ORD-503066,SALE,2Q5Y5DC42F2Q6NVGT,EUR,matched,engine,10.79,10.79,10.79,0.00
paypal_eu,TXN-103887,ORD-503887,SALE,MPWGCZ1RPKA9B6ET1,EUR,matched,engine,5.39,5.39,5.39,0.00
paypal_eu,TXN-103395,ORD-503395,SALE,T1LLNX9WGP3EUVU76,EUR,matched,engine,5.39,5.39,5.39,0.00
paypal_eu,TXN-102596,ORD-502596,SALE,ASV1F1TR7BM2XEHJK,EUR,matched,engine,26.99,26.99,26.99,0.00
paypal_eu,TXN-103073,ORD-503073,SALE,73ZV2GCG36E9N8NEX,EUR,matched,engine,26.99,26.99,26.99,0.00
paypal_eu,TXN-103674,ORD-503674,SALE,8T6A9UBVMAULFJQP8,EUR,matched,engine,10.79,10.79,10.79,0.00
paypal_eu,TXN-103138,ORD-503138,SALE,3DMP414T66MAXLUNW,EUR,matched,engine,5.39,5.39,5.39,0.00
paypal_eu,TXN-102296,ORD-502296,SALE,H0RDY34XKT2YZHAVZ,EUR,matched,engine,10.79,10.79,10.79,0.00
paypal_eu,TXN-102861,ORD-502861,SALE,DK551MBZM27Y8N0EQ,EUR,matched,engine,10.79,10.79,10.79,0.00
paypal_eu,TXN-103106,ORD-503106,SALE,3U8C6C2W5QKMWTHH3,EUR,matched,engine,64.79,64.79,64.79,0.00
paypal_eu,TXN-102329,ORD-502329,SALE,XF7JPNFYA8NMTH75V,EUR,matched,engine,10.79,10.79,10.79,0.00
paypal_eu,TXN-102837,ORD-502837,SALE,7LZE4UMCXTJ0QMMRC,EUR,matched,engine,10.79,10.79,10.79,0.00
paypal_eu,TXN-102651,ORD-502651,SALE,45LKA4EQRCDTE8P7L,EUR,matched,engine,10.79,10.79,10.79,0.00
paypal_eu,TXN-102898,ORD-502898,SALE,3CTHPUVPKNUXVKV8T,EUR,matched,engine,64.79,64.79,64.79,0.00
paypal_eu,TXN-103032,ORD-503032,SALE,J8LV2MH5H11ZJR0C4,EUR,matched,engine,10.79,10.79,10.79,0.00
paypal_eu,TXN-102877,ORD-502877,SALE,QC83WEFG1MSVAY2GX,EUR,matched,engine,10.79,10.79,10.79,0.00
paypal_eu,TXN-102630,ORD-502630,SALE,BZYLL9CT06R4312TV,EUR,matched,engine,26.99,26.99,26.99,0.00
paypal_eu,TXN-102247,ORD-502247,SALE,C5NYWK5UFB484QBQ5,EUR,matched,engine,10.79,10.79,10.79,0.00
paypal_eu,TXN-102389,ORD-502389,SALE,BRQJTTQMQKVGE151L,EUR,matched,engine,10.79,10.79,10.79,0.00
paypal_eu,TXN-103667,ORD-503667,SALE,FEB2KQ0FGTFUSH87H,EUR,matched,engine,10.79,10.79,10.79,0.00
paypal_eu,TXN-103031,ORD-503031,SALE,ZGCEJTVXNC2N523MM,EUR,matched,engine,64.79,64.79,64.79,0.00
paypal_eu,TXN-102210,ORD-502210,SALE,8A4URPXHC6U9LWD5W,EUR,matched,engine,10.79,10.79,10.79,0.00
paypal_eu,TXN-102686,ORD-502686,SALE,7QU1HMXU4J9ZGTAVL,EUR,matched,engine,64.79,64.79,64.79,0.00
paypal_eu,TXN-103282,ORD-503282,SALE,UXEC5RGKVYJ1S90QD,EUR,matched,engine,26.99,26.99,26.99,0.00
paypal_eu,TXN-103881,ORD-503881,SALE,WMCRYW5SYB2SM327U,EUR,matched_declined,engine,0.00,0.00,0.00,0.00
paypal_eu,TXN-103628,ORD-503628,SALE,4BU9TJX6B3VPNCAVQ,EUR,matched,engine,10.79,10.79,10.79,0.00
paypal_eu,TXN-103429,ORD-503429,SALE,FGN2UVTTYHE98NMYV,EUR,matched,engine,10.79,10.79,10.79,0.00
paypal_eu,TXN-103115,ORD-503115,SALE,A1CSTX7TFEKH4J4Q2,EUR,matched,engine,10.79,10.79,10.79,0.00
paypal_eu,TXN-102136,ORD-502136,SALE,PURZXVT79S8DVL1WN,EUR,matched,engine,64.79,64.79,64.79,0.00
paypal_eu,TXN-103755,ORD-503755,SALE,RAWSYSS6DKVH1H7KP,EUR,matched,engine,26.99,26.99,26.99,0.00
paypal_eu,TXN-103896,ORD-503896,SALE,XJABVBGHNBE23MJ73,EUR,matched,engine,5.39,5.39,5.39,0.00
paypal_eu,TXN-102345,ORD-502345,SALE,L5TUV1CZC97ZUW31U,EUR,matched_declined,engine,0.00,0.00,0.00,0.00
paypal_eu,TXN-103107,ORD-503107,SALE,E7VBYNPURFC6NPLUQ,EUR,matched,engine,10.79,10.79,10.79,0.00
paypal_eu,TXN-102526,ORD-502526,SALE,Y377N7VFSK8Y20PKX,EUR,matched,engine,5.39,5.39,5.39,0.00
paypal_eu,TXN-102160,ORD-502160,SALE,U4KBG4UAYM7RLM8E9,EUR,matched,engine,5.39,5.39,5.39,0.00
paypal_eu,TXN-102739,ORD-502739,SALE,GQLWCN5DXACP2NUU0,EUR,matched,engine,5.39,5.39,5.39,0.00
paypal_eu,TXN-103214,ORD-503214,SALE,7WMZ93DM4T3FQV4NW,EUR,matched_declined,engine,0.00,0.00,0.00,0.00
paypal_eu,TXN-102343,ORD-502343,SALE,KB2F82W8GP50B7G9M,EUR,matched,engine,64.79,64.79,64.79,0.00
paypal_eu,TXN-102772,ORD-502772,SALE,LZAPY9U6D91HNA1KZ,EUR,matched,engine,10.79,10.79,10.79,0.00
paypal_eu,TXN-102116,ORD-502116,SALE,QQ39994JKB6FT716X,EUR,matched,engine,10.79,10.79,10.79,0.00
paypal_eu,TXN-102902,ORD-502902,SALE,UC14F1XGJNSQ9CMEY,EUR,matched,engine,10.79,10.79,10.79,0.00
paypal_eu,TXN-102610,ORD-502610,SALE,5HDX33GGUVFPESZF8,EUR,matched,engine,26.99,26.99,26.99,0.00
paypal_eu,TXN-103411,ORD-503411,SALE,6WRKZ4UM0DBV1RJ6H,EUR,matched,engine,10.79,10.79,10.79,0.00
paypal_eu,TXN-103440,ORD-503440,SALE,3NCBV49076KB0DB8K,EUR,matched,engine,10.79,10.79,10.79,0.00
paypal_eu,TXN-103789,ORD-503789,SALE,0YRHGDZ3Q5U1TW7PQ,EUR,matched,engine,26.99,26.99,26.99,0.00
paypal_eu,TXN-103191,ORD-503191,SALE,RPH86CSW6TQREJX19,EUR,matched,engine,10.79,10.79,10.79,0.00
paypal_eu,TXN-102876,ORD-502876,SALE,NNDYLEC7NQNU3QSKC,EUR,matched,engine,26.99,26.99,26.99,0.00
paypal_eu,TXN-102797,ORD-502797,SALE,YNK1GK0Z6H0X4YMHN,EUR,matched,engine,26.99,26.99,26.99,0.00
paypal_eu,TXN-107860,ORD-503512,REFUND,FUH7DB9L0Y12NC15D,EUR,matched,engine,-10.79,-10.79,-10.79,0.00
paypal_eu,TXN-103129,ORD-503129,SALE,J157PMS5UKMSPP0KW,EUR,matched,engine,10.79,10.79,10.79,0.00
paypal_eu,TXN-103076,ORD-503076,SALE,E9ZK4W5JJ03CWL5W5,EUR,matched_declined,engine,0.00,0.00,0.00,0.00
paypal_eu,TXN-102674,ORD-502674,SALE,SRWWXREK1579WJW3D,EUR,matched,engine,10.79,10.79,10.79,0.00
paypal_eu,TXN-103898,ORD-503898,SALE,B2G9D9U92F1VU4P8L,EUR,matched,engine,10.79,10.79,10.79,0.00
paypal_eu,TXN-103441,ORD-503441,SALE,CR05KHYZZXAYRPAMD,EUR,matched,engine,64.79,64.79,64.79,0.00
paypal_eu,TXN-102268,ORD-502268,SALE,MDLBS7BWL8YS1WASD,EUR,matched,engine,64.79,64.79,64.79,0.00
paypal_eu,TXN-102250,ORD-502250,SALE,BD1ABDVEB4HV12ESB,EUR,matched,engine,10.79,10.79,10.79,0.00
paypal_eu,TXN-103464,ORD-503464,SALE,ABHVF5KH3VKG2AQME,EUR,matched,engine,10.79,10.79,10.79,0.00
paypal_eu,TXN-102878,ORD-502878,SALE,K2GCT0RAE8C2T9M1S,EUR,matched,engine,64.79,64.79,64.79,0.00
paypal_eu,TXN-102492,ORD-502492,SALE,565YPJMGMD6XVNE5R,EUR,matched,engine,5.39,5.39,5.39,0.00
paypal_eu,TXN-102468,ORD-502468,SALE,QFVK8VXBXH9SMKBK2,EUR,matched,engine,10.79,10.79,10.79,0.00
paypal_eu,TXN-103507,ORD-503507,SALE,GLTDVJY0FGNPLWMPW,EUR,matched,engine,10.79,10.79,10.79,0.00
paypal_eu,TXN-102825,ORD-502825,SALE,2V0YMSBMFR9DFVBBB,EUR,matched,engine,10.79,10.79,10.79,0.00
paypal_eu,TXN-103228,ORD-503228,SALE,L3W38JWXV2416E4MH,EUR,matched_declined,engine,0.00,0.00,0.00,0.00
paypal_eu,TXN-103844,ORD-503844,SALE,2LGR26AKC8XS0DYHJ,EUR,matched,engine,10.79,10.79,10.79,0.00
paypal_eu,TXN-103787,ORD-503787,SALE,31G9912FAAYQG6ACF,EUR,matched,engine,10.79,10.79,10.79,0.00
paypal_eu,TXN-102755,ORD-502755,SALE,W31YT3GU7T5AC6ACY,EUR,matched,engine,5.39,5.39,5.39,0.00
paypal_eu,TXN-102926,ORD-502926,SALE,A6L2DJ8JMLBPCK7GG,EUR,matched,engine,10.79,10.79,10.79,0.00
paypal_eu,TXN-103868,ORD-503868,SALE,F6RFQPR72XBGS12T2,EUR,matched,engine,10.79,10.79,10.79,0.00
paypal_eu,TXN-103473,ORD-503473,SALE,6A87B5G1UN32VM6UU,EUR,matched,engine,10.79,10.79,10.79,0.00
paypal_eu,TXN-103028,ORD-503028,SALE,3MR3N7NK9JSSW8L46,EUR,matched,engine,5.39,5.39,5.39,0.00
paypal_eu,TXN-102417,ORD-502417,SALE,F6WHQ7250N7958PDA,EUR,matched,engine,10.79,10.79,10.79,0.00
paypal_eu,TXN-102688,ORD-502688,SALE,UFZZ2U68NZWEZ57CH,EUR,matched,engine,26.99,26.99,26.99,0.00
paypal_eu,TXN-103049,ORD-503049,SALE,1P6VVD9D8BT6ZCHXX,EUR,matched,engine,10.79,10.79,10.79,0.00
paypal_eu,TXN-102281,ORD-502281,SALE,EDVCKNN1BHL4USQD0,EUR,matched,engine,26.99,26.99,26.99,0.00
paypal_eu,TXN-103259,ORD-503259,SALE,XQVG45MXHMKPFLQZ2,EUR,matched,engine,10.79,10.79,10.79,0.00
paypal_eu,TXN-103708,ORD-503708,SALE,3FT8H8TLWPXGDEQ21,EUR,matched,engine,10.79,10.79,10.79,0.00
paypal_eu,TXN-102613,ORD-502613,SALE,DG60CVEHTUQEFFWNY,EUR,matched,engine,10.79,10.79,10.79,0.00
paypal_eu,TXN-102917,ORD-502917,SALE,315KA8ZGRUFY5B5BV,EUR,matched,engine,10.79,10.79,10.79,0.00
paypal_eu,TXN-103538,ORD-503538,SALE,MFWSLXHMHK5PCQ75N,EUR,matched,engine,10.79,10.79,10.79,0.00
paypal_eu,TXN-102352,ORD-502352,SALE,MZ98TCFWC6PYSLR49,EUR,matched,engine,64.79,64.79,64.79,0.00
paypal_eu,TXN-102571,ORD-502571,SALE,A1KDY19F5M0B29WYC,EUR,matched,engine,64.79,64.79,64.79,0.00
paypal_eu,TXN-102643,ORD-502643,SALE,C4V9HB9T18XLNPJUT,EUR,matched,engine,10.79,10.79,10.79,0.00
paypal_eu,TXN-103540,ORD-503540,SALE,67QJV4JAL9SFNH8L6,EUR,matched,engine,10.79,10.79,10.79,0.00
paypal_eu,TXN-103361,ORD-503361,SALE,2ML7MTD6PSCYSYM6U,EUR,matched,engine,26.99,26.99,26.99,0.00
paypal_eu,TXN-102908,ORD-502908,SALE,G11140JKDEJ4M4AJX,EUR,matched,engine,64.79,64.79,64.79,0.00
paypal_eu,TXN-103651,ORD-503651,SALE,YK52D1963F03BA2HM,EUR,matched,engine,27.07,27.07,27.07,0.00
paypal_eu,TXN-102955,ORD-502955,SALE,5M3QH1HZYZXZW5TSP,EUR,matched,engine,64.98,64.98,64.98,0.00
paypal_eu,TXN-103803,ORD-503803,SALE,G992REF1TX8NY6CHE,EUR,matched,engine,10.82,10.82,10.82,0.00
paypal_eu,TXN-103240,ORD-503240,SALE,DF7NQCSPX7FZYV5RH,EUR,matched,engine,10.82,10.82,10.82,0.00
paypal_eu,TXN-102411,ORD-502411,SALE,0YF7YUPX0B1CHT43T,EUR,matched,engine,5.41,5.41,5.41,0.00
paypal_eu,TXN-102947,ORD-502947,SALE,CZ8B2WQMBGDZTNDUG,EUR,matched,engine,10.82,10.82,10.82,0.00
paypal_eu,TXN-102685,ORD-502685,SALE,Y9P6MWU3HQ84Z7UDT,EUR,matched,engine,5.41,5.41,5.41,0.00
paypal_eu,TXN-102495,ORD-502495,SALE,A69MZKG9S13W4URV9,EUR,matched,engine,27.07,27.07,27.07,0.00
paypal_eu,TXN-103553,ORD-503553,SALE,V8JVTF3QHEJFEMNAY,EUR,matched,engine,10.82,10.82,10.82,0.00
paypal_eu,TXN-102439,ORD-502439,SALE,MD12XN5G5G9856SCR,EUR,matched,engine,10.82,10.82,10.82,0.00
paypal_eu,TXN-103626,ORD-503626,SALE,C5HJU0CLUBWN5E0JW,EUR,matched,engine,27.07,27.07,27.07,0.00
paypal_eu,TXN-102719,ORD-502719,SALE,FAKS1JHAWKEWSADF3,EUR,matched,engine,5.41,5.41,5.41,0.00
paypal_eu,TXN-103813,ORD-503813,SALE,Z88369AZDMRXMLW0Z,EUR,matched,engine,10.82,10.82,10.82,0.00
paypal_eu,TXN-102684,ORD-502684,SALE,GKZQEEG24NWZ3K4RV,EUR,matched,engine,10.82,10.82,10.82,0.00
paypal_eu,TXN-103689,ORD-503689,SALE,W8HDXJJNB2BB0HD40,EUR,matched,engine,64.98,64.98,64.98,0.00
paypal_eu,TXN-103270,ORD-503270,SALE,T0Z23C9VM7J8L1Z18,EUR,matched,engine,10.82,10.82,10.82,0.00
paypal_eu,TXN-102395,ORD-502395,SALE,3AX9E09W9FQR2USB8,EUR,matched,engine,10.82,10.82,10.82,0.00
paypal_eu,TXN-102621,ORD-502621,SALE,29RC5U1GPY0EJT7JK,EUR,matched,engine,10.82,10.82,10.82,0.00
paypal_eu,TXN-102885,ORD-502885,SALE,PN4U2B8272382QK3X,EUR,matched,engine,10.82,10.82,10.82,0.00
paypal_eu,TXN-103820,ORD-503820,SALE,JJX7ZND2YS56QDCA2,EUR,matched,engine,10.82,10.82,10.82,0.00
paypal_eu,TXN-102923,ORD-502923,SALE,65KDQEP4PK2C50XH9,EUR,matched,engine,5.41,5.41,5.41,0.00
paypal_eu,TXN-102212,ORD-502212,SALE,SQHV1WVQA2PXQGLSC,EUR,matched,engine,64.98,64.98,64.98,0.00
paypal_eu,TXN-103834,ORD-503834,SALE,DS0W714BRSPXPV21M,EUR,matched,engine,27.07,27.07,27.07,0.00
paypal_eu,TXN-102749,ORD-502749,SALE,KYLAA6RSEBBDX99CF,EUR,matched,engine,64.98,64.98,64.98,0.00
paypal_eu,TXN-102539,ORD-502539,SALE,DPGWEJZVHBNVY8M3X,EUR,matched,engine,27.07,27.07,27.07,0.00
paypal_eu,TXN-102171,ORD-502171,SALE,7KKHTRTKCQZJLUBQ7,EUR,matched,engine,10.82,10.82,10.82,0.00
paypal_eu,TXN-102178,ORD-502178,SALE,3NKKJLPQR5H8KS3W9,EUR,matched,engine,10.82,10.82,10.82,0.00
paypal_eu,TXN-102680,ORD-502680,SALE,L60U30FLK6X19LJQZ,EUR,matched,engine,64.98,64.98,64.98,0.00
paypal_eu,TXN-103114,ORD-503114,SALE,22C3X0N15ZP20ZG81,EUR,matched_declined,engine,0.00,0.00,0.00,0.00
paypal_eu,TXN-103874,ORD-503874,SALE,NYX2WM3PJEXD1RYY9,EUR,matched,engine,10.82,10.82,10.82,0.00
paypal_eu,TXN-102725,ORD-502725,SALE,1PH9FFKAZEB2RNYPN,EUR,matched,engine,5.41,5.41,5.41,0.00
paypal_eu,TXN-102558,ORD-502558,SALE,TV9W61A0361CX7PUF,EUR,matched_declined,engine,0.00,0.00,0.00,0.00
paypal_eu,TXN-102260,ORD-502260,SALE,N2DTDAYZN6SM2JRGE,EUR,matched,engine,10.82,10.82,10.82,0.00
paypal_eu,TXN-103644,ORD-503644,SALE,WUMCG47AEC2DQRZNJ,EUR,matched,engine,27.07,27.07,27.07,0.00
paypal_eu,TXN-102642,ORD-502642,SALE,T9RJ13A5B15DYQ65P,EUR,matched,engine,10.82,10.82,10.82,0.00
paypal_eu,TXN-102806,ORD-502806,SALE,9P9N7920RUBAVSW1M,EUR,matched,engine,27.07,27.07,27.07,0.00
paypal_eu,TXN-102575,ORD-502575,SALE,CFXJDBNET6E62PSNY,EUR,matched,engine,27.07,27.07,27.07,0.00
paypal_eu,TXN-102422,ORD-502422,SALE,VLYHF9YS3BBWFMYEN,EUR,matched,engine,64.98,64.98,64.98,0.00
paypal_eu,TXN-103733,ORD-503733,SALE,VE4QDJJDU81WAWR28,EUR,matched,engine,10.82,10.82,10.82,0.00
paypal_eu,TXN-102689,ORD-502689,SALE,HGL9PB4MRAY3TF19S,EUR,matched,engine,10.82,10.82,10.82,0.00
paypal_eu,TXN-103677,ORD-503677,SALE,1Y0AKT41AK2NV43RM,EUR,matched,engine,64.98,64.98,64.98,0.00
paypal_eu,TXN-102910,ORD-502910,SALE,69HMLLVHQL4M6KCXU,EUR,matched,engine,10.82,10.82,10.82,0.00
paypal_eu,TXN-102293,ORD-502293,SALE,UKD58JK0HPTXU2ZXZ,EUR,matched,engine,27.07,27.07,27.07,0.00
paypal_eu,TXN-102211,ORD-502211,SALE,40UCCT7S25QCRY41K,EUR,matched,engine,64.98,64.98,64.98,0.00
paypal_eu,TXN-103472,ORD-503472,SALE,S5A4EW9P1D7522XN9,EUR,matched,engine,5.41,5.41,5.41,0.00
paypal_eu,TXN-102773,ORD-502773,SALE,FCV6B474LZKXNQXSL,EUR,matched,engine,10.82,10.82,10.82,0.00
paypal_eu,TXN-103809,ORD-503809,SALE,0XZVFA23Z8ZJ9AD31,EUR,matched,engine,10.82,10.82,10.82,0.00
paypal_eu,TXN-102479,ORD-502479,SALE,TY0230KCUA7P37Q6T,EUR,matched,engine,10.82,10.82,10.82,0.00
paypal_eu,TXN-102543,ORD-502543,SALE,7VMA4BDQWUTNUK8TZ,EUR,matched,engine,10.80,10.80,10.80,0.00
paypal_eu,TXN-102942,ORD-502942,SALE,80X5CKX58BJP2QX90,EUR,matched,engine,10.80,10.80,10.80,0.00
paypal_eu,TXN-102578,ORD-502578,SALE,XTGMK0P19WLQVTLXT,EUR,matched,engine,27.03,27.03,27.03,0.00
paypal_eu,TXN-102814,ORD-502814,SALE,AVGL17N6BMS7SN6VC,EUR,matched,engine,10.80,10.80,10.80,0.00
paypal_eu,TXN-103192,ORD-503192,SALE,N6661JNDSPXJ7K334,EUR,matched,engine,10.80,10.80,10.80,0.00
paypal_eu,TXN-103356,ORD-503356,SALE,3K8BDV144QPWXJFXF,EUR,matched,engine,64.88,64.88,64.88,0.00
paypal_eu,TXN-102216,ORD-502216,SALE,ZQEUQ3GQWVBFCXPFY,EUR,matched,engine,27.03,27.03,27.03,0.00
paypal_eu,TXN-102851,ORD-502851,SALE,UQ4JWX2YMM9VU3ZG9,EUR,matched,engine,10.80,10.80,10.80,0.00
paypal_eu,TXN-103362,ORD-503362,SALE,530RAD6161C5EXY2X,EUR,matched,engine,10.80,10.80,10.80,0.00
paypal_eu,TXN-102359,ORD-502359,SALE,4NJ2Y50S7ED36MZJR,EUR,matched,engine,5.40,5.40,5.40,0.00
paypal_eu,TXN-103480,ORD-503480,SALE,17JMLW89LBVJN2NQW,EUR,matched,engine,10.80,10.80,10.80,0.00
paypal_eu,TXN-102921,ORD-502921,SALE,4RMLB2VRG4C140JAU,EUR,matched,engine,5.40,5.40,5.40,0.00
paypal_eu,TXN-102905,ORD-502905,SALE,UZZZY3NWD2WMXYVJ2,EUR,matched,engine,27.03,27.03,27.03,0.00
paypal_eu,TXN-102653,ORD-502653,SALE,ECGR5CBBNXZAR3XMX,EUR,matched,engine,64.88,64.88,64.88,0.00
paypal_eu,TXN-102490,ORD-502490,SALE,Z3GUW24NW1109TL0N,EUR,matched,engine,27.03,27.03,27.03,0.00
paypal_eu,TXN-102949,ORD-502949,SALE,5LETSUFDGGK6RBYD6,EUR,matched,engine,10.80,10.80,10.80,0.00
paypal_eu,TXN-103222,ORD-503222,SALE,JVYB681VH151S9ZCU,EUR,matched,engine,64.88,64.88,64.88,0.00
paypal_eu,TXN-103648,ORD-503648,SALE,W3QPLXSJGNE1Y4BX0,EUR,matched,engine,10.80,10.80,10.80,0.00
paypal_eu,TXN-102220,ORD-502220,SALE,QP5NA6Z7JYRLZFAEP,EUR,matched,engine,64.88,64.88,64.88,0.00
paypal_eu,TXN-103238,ORD-503238,SALE,HPF9544RCH21YMM76,EUR,matched,engine,5.40,5.40,5.40,0.00
paypal_eu,TXN-102332,ORD-502332,SALE,9WUUSGRWRCQADZ1DT,EUR,matched,engine,64.88,64.88,64.88,0.00
paypal_eu,TXN-102331,ORD-502331,SALE,NTJYDV1K8FSKFJGHR,EUR,matched,engine,64.88,64.88,64.88,0.00
paypal_eu,TXN-102288,ORD-502288,SALE,FGYQYNMJJ4516BABY,EUR,matched,engine,5.40,5.40,5.40,0.00
paypal_eu,TXN-103474,ORD-503474,SALE,T0R33MMRT393NXJ7N,EUR,matched,engine,27.03,27.03,27.03,0.00
paypal_eu,TXN-102195,ORD-502195,SALE,CM6563BDHXTSHQKFH,EUR,matched,engine,27.03,27.03,27.03,0.00
paypal_eu,TXN-102467,ORD-502467,SALE,BFTA6M6554GQHLSRC,EUR,matched,engine,10.80,10.80,10.80,0.00
paypal_eu,TXN-102128,ORD-502128,SALE,29HM274M0F1MEPULJ,EUR,matched,engine,5.40,5.40,5.40,0.00
paypal_eu,TXN-103590,ORD-503590,SALE,C4HENZBG7QLJC34FW,EUR,matched,engine,27.03,27.03,27.03,0.00
paypal_eu,TXN-102874,ORD-502874,SALE,D3MNSHNBN6EWR8BVZ,EUR,matched,engine,5.40,5.40,5.40,0.00
paypal_eu,TXN-103761,ORD-503761,SALE,8UCW2GHX18657DKWB,EUR,matched,engine,10.80,10.80,10.80,0.00
paypal_eu,TXN-102226,ORD-502226,SALE,H91D07WTB71NQ05S8,EUR,matched,engine,10.80,10.80,10.80,0.00
paypal_eu,TXN-102781,ORD-502781,SALE,L9KFH05MSQXG1LQFS,EUR,matched,engine,10.80,10.80,10.80,0.00
paypal_eu,TXN-102763,ORD-502763,SALE,KNN2C1WJNJBEG5P8C,EUR,matched,engine,5.40,5.40,5.40,0.00
paypal_eu,TXN-103608,ORD-503608,SALE,0H1HHMDN1D9KHL7TE,EUR,matched,engine,64.88,64.88,64.88,0.00
paypal_eu,TXN-102420,ORD-502420,SALE,FW1HH23FG18LC0X21,EUR,matched,engine,10.80,10.80,10.80,0.00
paypal_eu,TXN-102353,ORD-502353,SALE,G1RN168XUKU6GWRJJ,EUR,matched,engine,10.80,10.80,10.80,0.00
paypal_eu,TXN-102569,ORD-502569,SALE,VRGXLSYBY7AF8FFJA,EUR,matched,engine,64.88,64.88,64.88,0.00
paypal_eu,TXN-103389,ORD-503389,SALE,HKKK0Y31FCP5HE30X,EUR,matched_declined,engine,0.00,0.00,0.00,0.00
paypal_eu,TXN-102873,ORD-502873,SALE,PSE6NPCEY1V7UVSKY,EUR,matched,engine,10.80,10.80,10.80,0.00
paypal_eu,TXN-103382,ORD-503382,SALE,FW48X75XY6EKM182R,EUR,matched,engine,10.80,10.80,10.80,0.00
paypal_eu,TXN-103679,ORD-503679,SALE,HFYYAF60NRA3QF6LR,EUR,matched,engine,10.80,10.80,10.80,0.00
paypal_eu,TXN-103242,ORD-503242,SALE,3E4YKFHUCZBJWV796,EUR,matched,engine,10.80,10.80,10.80,0.00
paypal_eu,TXN-103566,ORD-503566,SALE,BJZ1XRG22VCADWSPB,EUR,matched,engine,27.03,27.03,27.03,0.00
paypal_eu,TXN-102813,ORD-502813,SALE,UZZD0QU28A2JU347V,EUR,matched,engine,27.03,27.03,27.03,0.00
paypal_eu,TXN-102193,ORD-502193,SALE,BG2N20NR2MXZEJNEN,EUR,matched_declined,engine,0.00,0.00,0.00,0.00
paypal_eu,TXN-102393,ORD-502393,SALE,VZGU90KA93R07ADSK,EUR,matched,engine,64.88,64.88,64.88,0.00
paypal_eu,TXN-103261,ORD-503261,SALE,LKCJ1A6PJHCCTRYP4,EUR,matched,engine,10.80,10.80,10.80,0.00
paypal_eu,TXN-103697,ORD-503697,SALE,EU34PBEXNBFL2L738,EUR,matched,engine,10.80,10.80,10.80,0.00
paypal_eu,TXN-103344,ORD-503344,SALE,EKT0SQCT3WTMCQ0X6,EUR,matched,engine,10.80,10.80,10.80,0.00
paypal_eu,TXN-103315,ORD-503315,SALE,BVLP45613JZWUK351,EUR,matched,engine,10.80,10.80,10.80,0.00
paypal_eu,TXN-102261,ORD-502261,SALE,1YNZ2QSQ30V4EMK09,EUR,matched,engine,27.03,27.03,27.03,0.00
paypal_eu,TXN-107957,ORD-507783,SALE,TB26YQYEK9R2G8HQE,EUR,provider_date_format,engine,10.93,0.00,10.93,0.00
paypal_eu,TXN-107958,ORD-507784,SALE,GCV75356TRMG1HNWM,EUR,provider_date_format,engine,10.86,0.00,10.86,0.00
paypal_eu,,,,X2KQRFAWJMU8430TC,EUR,missing_in_engine,provider,0.00,-65.36,-65.36,-65.36
paypal_eu,,,,LCESPNBKZNLLA8UBX,EUR,missing_in_engine,provider,0.00,-26.99,-26.99,-26.99
paypal_eu,TXN-107956,ORD-507782,SALE,N2D9QMQNH8VUEES5X,EUR,provider_date_format,engine,10.94,0.00,10.94,0.00
dlocal,TXN-107955,ORD-507781,SALE,DL-90001309,MXN,matched,engine,7.11,7.11,7.11,0.00
dlocal,TXN-106445,ORD-506445,SALE,DL-90000750,COP,matched,engine,7.50,7.50,7.50,0.00
dlocal,TXN-106099,ORD-506099,SALE,DL-90000404,MXN,matched,engine,7.10,7.10,7.10,0.00
dlocal,TXN-105905,ORD-505905,SALE,DL-90000210,BRL,matched,engine,16.59,16.59,16.59,0.00
dlocal,TXN-106085,ORD-506085,SALE,DL-90000390,CLP,matched,engine,7.42,7.42,7.42,0.00
dlocal,TXN-106937,ORD-506937,SALE,DL-90001242,COP,matched_declined,engine,0.00,0.00,0.00,0.00
dlocal,TXN-106719,ORD-506719,SALE,DL-90001024,BRL,matched,engine,6.44,6.44,6.44,0.00
dlocal,TXN-106617,ORD-506617,SALE,DL-90000922,BRL,matched,engine,6.44,6.44,6.44,0.00
dlocal,TXN-105858,ORD-505858,SALE,DL-90000163,COP,matched,engine,7.50,7.50,7.50,0.00
dlocal,TXN-106486,ORD-506486,SALE,DL-90000791,MXN,matched,engine,3.25,3.25,3.25,0.00
dlocal,TXN-105727,ORD-505727,SALE,DL-90000032,BRL,matched_declined,engine,0.00,0.00,0.00,0.00
dlocal,TXN-106350,ORD-506350,SALE,DL-90000655,BRL,matched,engine,6.44,6.44,6.44,0.00
dlocal,TXN-106177,ORD-506177,SALE,DL-90000482,MXN,matched,engine,7.10,7.10,7.10,0.00
dlocal,TXN-106173,ORD-506173,SALE,DL-90000478,MXN,matched,engine,7.10,7.10,7.10,0.00
dlocal,TXN-106170,ORD-506170,SALE,DL-90000475,COP,matched,engine,7.50,7.50,7.50,0.00
dlocal,TXN-106186,ORD-506186,SALE,DL-90000491,BRL,matched,engine,6.44,6.44,6.44,0.00
dlocal,TXN-105855,ORD-505855,SALE,DL-90000160,BRL,matched,engine,6.44,6.44,6.44,0.00
dlocal,TXN-105740,ORD-505740,SALE,DL-90000045,MXN,matched,engine,18.10,18.10,18.10,0.00
dlocal,TXN-106172,ORD-506172,SALE,DL-90000477,COP,matched,engine,7.50,7.50,7.50,0.00
dlocal,TXN-106687,ORD-506687,SALE,DL-90000992,ARS,matched,engine,5.06,5.06,5.06,0.00
dlocal,TXN-106008,ORD-506008,SALE,DL-90000313,BRL,matched,engine,36.89,36.89,36.89,0.00
dlocal,TXN-105921,ORD-505921,SALE,DL-90000226,BRL,matched,engine,6.44,6.44,6.44,0.00
dlocal,TXN-105778,ORD-505778,SALE,DL-90000083,BRL,matched,engine,6.44,6.44,6.44,0.00
dlocal,TXN-106542,ORD-506542,SALE,DL-90000847,BRL,matched,engine,6.44,6.44,6.44,0.00
dlocal,TXN-106473,ORD-506473,SALE,DL-90000778,BRL,matched,engine,6.44,6.44,6.44,0.00
dlocal,TXN-106074,ORD-506074,SALE,DL-90000379,BRL,matched,engine,36.89,36.89,36.89,0.00
dlocal,TXN-105970,ORD-505970,SALE,DL-90000275,CLP,matched,engine,7.42,7.42,7.42,0.00
dlocal,TXN-106765,ORD-506765,SALE,DL-90001070,BRL,matched,engine,6.44,6.44,6.44,0.00
dlocal,TXN-106155,ORD-506155,SALE,DL-90000460,CLP,matched,engine,47.78,47.78,47.78,0.00
dlocal,TXN-105863,ORD-505863,SALE,DL-90000168,BRL,matched,engine,3.12,3.12,3.12,0.00
dlocal,TXN-106580,ORD-506580,SALE,DL-90000885,BRL,matched,engine,36.89,36.89,36.89,0.00
dlocal,TXN-106069,ORD-506069,SALE,DL-90000374,MXN,matched,engine,18.10,18.10,18.10,0.00
dlocal,TXN-105864,ORD-505864,SALE,DL-90000169,BRL,matched,engine,6.44,6.44,6.44,0.00
dlocal,TXN-105851,ORD-505851,SALE,DL-90000156,ARS,matched,engine,5.06,5.06,5.06,0.00
dlocal,TXN-106862,ORD-506862,SALE,DL-90001167,ARS,matched,engine,13.49,13.49,13.49,0.00
dlocal,TXN-106554,ORD-506554,SALE,DL-90000859,BRL,matched,engine,6.44,6.44,6.44,0.00
dlocal,TXN-106238,ORD-506238,SALE,DL-90000543,COP,matched,engine,7.50,7.50,7.50,0.00
dlocal,TXN-106906,ORD-506906,SALE,DL-90001211,MXN,matched,engine,7.10,7.10,7.10,0.00
dlocal,TXN-105831,ORD-505831,SALE,DL-90000136,MXN,matched,engine,3.24,3.24,3.24,0.00
dlocal,TXN-105822,ORD-505822,SALE,DL-90000127,CLP,matched_declined,engine,0.00,0.00,0.00,0.00
dlocal,TXN-106427,ORD-506427,SALE,DL-90000732,MXN,matched,engine,7.09,7.09,7.09,0.00
dlocal,TXN-106567,ORD-506567,SALE,DL-90000872,MXN,matched,engine,7.09,7.09,7.09,0.00
dlocal,TXN-105698,ORD-505698,SALE,DL-90000003,MXN,matched,engine,3.24,3.24,3.24,0.00
dlocal,TXN-106222,ORD-506222,SALE,DL-90000527,CLP,matched,engine,7.40,7.40,7.40,0.00
dlocal,TXN-106313,ORD-506313,SALE,DL-90000618,COP,matched,engine,7.50,7.50,7.50,0.00
dlocal,TXN-105962,ORD-505962,SALE,DL-90000267,BRL,matched_declined,engine,0.00,0.00,0.00,0.00
dlocal,TXN-106792,ORD-506792,SALE,DL-90001097,COP,matched,engine,20.05,20.05,20.05,0.00
dlocal,TXN-106107,ORD-506107,SALE,DL-90000412,BRL,matched,engine,3.11,3.11,3.11,0.00
dlocal,TXN-106236,ORD-506236,SALE,DL-90000541,MXN,matched,engine,7.09,7.09,7.09,0.00
dlocal,TXN-106927,ORD-506927,SALE,DL-90001232,BRL,matched,engine,6.42,6.42,6.42,0.00
dlocal,TXN-106710,ORD-506710,SALE,DL-90001015,MXN,matched,engine,43.94,43.94,43.94,0.00
dlocal,TXN-105916,ORD-505916,SALE,DL-90000221,MXN,matched,engine,7.09,7.09,7.09,0.00
dlocal,TXN-106156,ORD-506156,SALE,DL-90000461,BRL,matched_declined,engine,0.00,0.00,0.00,0.00
dlocal,TXN-106151,ORD-506151,SALE,DL-90000456,MXN,matched,engine,18.09,18.09,18.09,0.00
dlocal,TXN-105716,ORD-505716,SALE,DL-90000021,MXN,matched,engine,7.09,7.09,7.09,0.00
dlocal,TXN-106406,ORD-506406,SALE,DL-90000711,BRL,matched,engine,6.42,6.42,6.42,0.00
dlocal,TXN-106673,ORD-506673,SALE,DL-90000978,COP,matched,engine,7.50,7.50,7.50,0.00
dlocal,TXN-105879,ORD-505879,SALE,DL-90000184,BRL,matched,engine,6.42,6.42,6.42,0.00
dlocal,TXN-106392,ORD-506392,SALE,DL-90000697,BRL,matched,engine,6.42,6.42,6.42,0.00
dlocal,TXN-106779,ORD-506779,SALE,DL-90001084,COP,matched,engine,7.50,7.50,7.50,0.00
dlocal,TXN-106638,ORD-506638,SALE,DL-90000943,CLP,matched,engine,19.05,19.05,19.05,0.00
dlocal,TXN-106321,ORD-506321,SALE,DL-90000626,BRL,matched_declined,engine,0.00,0.00,0.00,0.00
dlocal,TXN-106007,ORD-506007,SALE,DL-90000312,COP,matched,engine,7.50,7.50,7.50,0.00
dlocal,TXN-106858,ORD-506858,SALE,DL-90001163,MXN,matched,engine,7.09,7.09,7.09,0.00
dlocal,TXN-106215,ORD-506215,SALE,DL-90000520,BRL,matched,engine,3.11,3.11,3.11,0.00
dlocal,TXN-106413,ORD-506413,SALE,DL-90000718,BRL,matched,engine,6.42,6.42,6.42,0.00
dlocal,TXN-106426,ORD-506426,SALE,DL-90000731,CLP,matched,engine,7.40,7.40,7.40,0.00
dlocal,TXN-106146,ORD-506146,SALE,DL-90000451,MXN,matched,engine,7.09,7.09,7.09,0.00
dlocal,TXN-106119,ORD-506119,SALE,DL-90000424,MXN,matched,engine,7.09,7.09,7.09,0.00
dlocal,TXN-106859,ORD-506859,SALE,DL-90001164,BRL,matched,engine,16.54,16.54,16.54,0.00
dlocal,TXN-106117,ORD-506117,SALE,DL-90000422,BRL,matched,engine,16.54,16.54,16.54,0.00
dlocal,TXN-106279,ORD-506279,SALE,DL-90000584,CLP,matched,engine,7.40,7.40,7.40,0.00
dlocal,TXN-106223,ORD-506223,SALE,DL-90000528,MXN,matched,engine,43.94,43.94,43.94,0.00
dlocal,TXN-106650,ORD-506650,SALE,DL-90000955,MXN,matched,engine,18.09,18.09,18.09,0.00
dlocal,TXN-106309,ORD-506309,SALE,DL-90000614,MXN,matched,engine,3.24,3.24,3.24,0.00
dlocal,TXN-106411,ORD-506411,SALE,DL-90000716,BRL,matched,engine,6.42,6.42,6.42,0.00
dlocal,TXN-106915,ORD-506915,SALE,DL-90001220,MXN,matched,engine,7.12,7.12,7.12,0.00
dlocal,TXN-105945,ORD-505945,SALE,DL-90000250,CLP,matched,engine,7.42,7.42,7.42,0.00
dlocal,TXN-106835,ORD-506835,SALE,DL-90001140,BRL,matched,engine,6.43,6.43,6.43,0.00
dlocal,TXN-106929,ORD-506929,SALE,DL-90001234,CLP,matched,engine,7.42,7.42,7.42,0.00
dlocal,TXN-106493,ORD-506493,SALE,DL-90000798,BRL,matched,engine,6.43,6.43,6.43,0.00
dlocal,TXN-105827,ORD-505827,SALE,DL-90000132,MXN,matched,engine,7.12,7.12,7.12,0.00
dlocal,TXN-106538,ORD-506538,SALE,DL-90000843,BRL,matched,engine,36.84,36.84,36.84,0.00
dlocal,TXN-106546,ORD-506546,SALE,DL-90000851,BRL,matched,engine,16.57,16.57,16.57,0.00
dlocal,TXN-106338,ORD-506338,SALE,DL-90000643,BRL,matched,engine,6.43,6.43,6.43,0.00
dlocal,TXN-106646,ORD-506646,SALE,DL-90000951,MXN,matched,engine,7.12,7.12,7.12,0.00
dlocal,TXN-106408,ORD-506408,SALE,DL-90000713,BRL,matched,engine,16.57,16.57,16.57,0.00
dlocal,TXN-106385,ORD-506385,SALE,DL-90000690,BRL,matched,engine,16.57,16.57,16.57,0.00
dlocal,TXN-106821,ORD-506821,SALE,DL-90001126,MXN,matched,engine,44.09,44.09,44.09,0.00
dlocal,TXN-106108,ORD-506108,SALE,DL-90000413,MXN,matched,engine,3.26,3.26,3.26,0.00
dlocal,TXN-105883,ORD-505883,SALE,DL-90000188,MXN,matched,engine,18.15,18.15,18.15,0.00
dlocal,TXN-106761,ORD-506761,SALE,DL-90001066,CLP,matched,engine,19.11,19.11,19.11,0.00
dlocal,TXN-106120,ORD-506120,SALE,DL-90000425,BRL,matched_declined,engine,0.00,0.00,0.00,0.00
dlocal,TXN-106648,ORD-506648,SALE,DL-90000953,MXN,matched,engine,18.15,18.15,18.15,0.00
dlocal,TXN-106797,ORD-506797,SALE,DL-90001102,BRL,matched,engine,3.11,3.11,3.11,0.00
dlocal,TXN-106515,ORD-506515,SALE,DL-90000820,MXN,matched,engine,3.26,3.26,3.26,0.00
dlocal,TXN-106902,ORD-506902,SALE,DL-90001207,BRL,matched,engine,6.43,6.43,6.43,0.00
dlocal,TXN-106431,ORD-506431,SALE,DL-90000736,BRL,matched,engine,16.57,16.57,16.57,0.00
dlocal,TXN-106803,ORD-506803,SALE,DL-90001108,BRL,matched,engine,6.43,6.43,6.43,0.00
dlocal,TXN-106460,ORD-506460,SALE,DL-90000765,BRL,matched,engine,16.57,16.57,16.57,0.00
dlocal,TXN-105931,ORD-505931,SALE,DL-90000236,BRL,matched,engine,16.57,16.57,16.57,0.00
dlocal,TXN-106806,ORD-506806,SALE,DL-90001111,BRL,matched,engine,6.43,6.43,6.43,0.00
dlocal,TXN-106020,ORD-506020,SALE,DL-90000325,BRL,matched,engine,6.43,6.43,6.43,0.00
dlocal,TXN-106769,ORD-506769,SALE,DL-90001074,BRL,matched,engine,36.84,36.84,36.84,0.00
dlocal,TXN-106595,ORD-506595,SALE,DL-90000900,BRL,matched,engine,6.43,6.43,6.43,0.00
dlocal,TXN-106366,ORD-506366,SALE,DL-90000671,BRL,matched,engine,3.11,3.11,3.11,0.00
dlocal,TXN-106361,ORD-506361,SALE,DL-90000666,ARS,matched,engine,5.05,5.05,5.05,0.00
dlocal,TXN-105992,ORD-505992,SALE,DL-90000297,COP,matched,engine,7.50,7.50,7.50,0.00
dlocal,TXN-106254,ORD-506254,SALE,DL-90000559,BRL,matched,engine,6.43,6.43,6.43,0.00
dlocal,TXN-106439,ORD-506439,SALE,DL-90000744,MXN,matched,engine,7.12,7.12,7.12,0.00
dlocal,TXN-106237,ORD-506237,SALE,DL-90000542,CLP,matched,engine,7.42,7.42,7.42,0.00
dlocal,TXN-106023,ORD-506023,SALE,DL-90000328,MXN,matched,engine,44.09,44.09,44.09,0.00
dlocal,TXN-106094,ORD-506094,SALE,DL-90000399,MXN,matched,engine,7.12,7.12,7.12,0.00
dlocal,TXN-105703,ORD-505703,SALE,DL-90000008,CLP,matched_declined,engine,0.00,0.00,0.00,0.00
dlocal,TXN-105860,ORD-505860,SALE,DL-90000165,BRL,matched,engine,16.57,16.57,16.57,0.00
dlocal,TXN-106296,ORD-506296,SALE,DL-90000601,MXN,matched_declined,engine,0.00,0.00,0.00,0.00
dlocal,TXN-106429,ORD-506429,SALE,DL-90000734,BRL,matched,engine,16.57,16.57,16.57,0.00
dlocal,TXN-105724,ORD-505724,SALE,DL-90000029,BRL,matched,engine,6.43,6.43,6.43,0.00
dlocal,TXN-106190,ORD-506190,SALE,DL-90000495,ARS,matched,engine,5.05,5.05,5.05,0.00
dlocal,TXN-106939,ORD-506939,SALE,DL-90001244,BRL,matched_declined,engine,0.00,0.00,0.00,0.00
dlocal,TXN-106833,ORD-506833,SALE,DL-90001138,MXN,matched,engine,7.11,7.11,7.11,0.00
dlocal,TXN-106756,ORD-506756,SALE,DL-90001061,BRL,matched,engine,6.45,6.45,6.45,0.00
dlocal,TXN-106812,ORD-506812,SALE,DL-90001117,CLP,matched,engine,7.44,7.44,7.44,0.00
dlocal,TXN-106689,ORD-506689,SALE,DL-90000994,ARS,matched,engine,33.64,33.64,33.64,0.00
dlocal,TXN-106758,ORD-506758,SALE,DL-90001063,CLP,matched,engine,4.25,4.25,4.25,0.00
dlocal,TXN-106722,ORD-506722,SALE,DL-90001027,ARS,matched,engine,5.05,5.05,5.05,0.00
dlocal,TXN-106210,ORD-506210,SALE,DL-90000515,BRL,matched,engine,6.45,6.45,6.45,0.00
dlocal,TXN-106652,ORD-506652,SALE,DL-90000957,BRL,matched,engine,16.63,16.63,16.63,0.00
dlocal,TXN-106104,ORD-506104,SALE,DL-90000409,BRL,matched,engine,36.97,36.97,36.97,0.00
dlocal,TXN-106784,ORD-506784,SALE,DL-90001089,CLP,matched,engine,4.25,4.25,4.25,0.00
dlocal,TXN-106419,ORD-506419,SALE,DL-90000724,CLP,matched,engine,7.44,7.44,7.44,0.00
dlocal,TXN-106628,ORD-506628,SALE,DL-90000933,MXN,matched,engine,7.11,7.11,7.11,0.00
dlocal,TXN-105725,ORD-505725,SALE,DL-90000030,CLP,matched,engine,47.91,47.91,47.91,0.00
dlocal,TXN-106472,ORD-506472,SALE,DL-90000777,MXN,matched,engine,18.12,18.12,18.12,0.00
dlocal,TXN-106762,ORD-506762,SALE,DL-90001067,CLP,matched,engine,7.44,7.44,7.44,0.00
dlocal,TXN-106658,ORD-506658,SALE,DL-90000963,BRL,matched,engine,6.45,6.45,6.45,0.00
dlocal,TXN-106341,ORD-506341,SALE,DL-90000646,CLP,matched,engine,7.44,7.44,7.44,0.00
dlocal,TXN-106293,ORD-506293,SALE,DL-90000598,BRL,matched_declined,engine,0.00,0.00,0.00,0.00
dlocal,TXN-105971,ORD-505971,SALE,DL-90000276,MXN,matched_declined,engine,0.00,0.00,0.00,0.00
dlocal,TXN-106372,ORD-506372,SALE,DL-90000677,BRL,matched,engine,16.63,16.63,16.63,0.00
dlocal,TXN-106310,ORD-506310,SALE,DL-90000615,BRL,matched,engine,3.13,3.13,3.13,0.00
dlocal,TXN-105697,ORD-505697,SALE,DL-90000002,CLP,matched,engine,7.44,7.44,7.44,0.00
dlocal,TXN-106551,ORD-506551,SALE,DL-90000856,BRL,matched,engine,16.63,16.63,16.63,0.00
dlocal,TXN-106535,ORD-506535,SALE,DL-90000840,BRL,matched,engine,6.45,6.45,6.45,0.00
dlocal,TXN-106336,ORD-506336,SALE,DL-90000641,ARS,matched,engine,13.46,13.46,13.46,0.00
dlocal,TXN-106936,ORD-506936,SALE,DL-90001241,BRL,matched,engine,36.97,36.97,36.97,0.00
dlocal,TXN-106152,ORD-506152,SALE,DL-90000457,BRL,matched,engine,3.13,3.13,3.13,0.00
dlocal,TXN-106816,ORD-506816,SALE,DL-90001121,BRL,matched,engine,6.45,6.45,6.45,0.00
dlocal,TXN-106896,ORD-506896,SALE,DL-90001201,BRL,matched,engine,6.45,6.45,6.45,0.00
dlocal,TXN-106283,ORD-506283,SALE,DL-90000588,BRL,matched,engine,6.45,6.45,6.45,0.00
dlocal,TXN-106027,ORD-506027,SALE,DL-90000332,MXN,matched,engine,7.11,7.11,7.11,0.00
dlocal,TXN-105917,ORD-505917,SALE,DL-90000222,BRL,matched,engine,6.45,6.45,6.45,0.00
dlocal,TXN-105739,ORD-505739,SALE,DL-90000044,COP,matched,engine,50.37,50.37,50.37,0.00
dlocal,TXN-106644,ORD-506644,SALE,DL-90000949,ARS,matched,engine,5.05,5.05,5.05,0.00
dlocal,TXN-105944,ORD-505944,SALE,DL-90000249,BRL,matched,engine,6.45,6.45,6.45,0.00
dlocal,TXN-105958,ORD-505958,SALE,DL-90000263,MXN,matched,engine,7.11,7.11,7.11,0.00
dlocal,TXN-106012,ORD-506012,SALE,DL-90000317,BRL,matched,engine,36.92,36.92,36.92,0.00
dlocal,TXN-106745,ORD-506745,SALE,DL-90001050,MXN,matched,engine,7.10,7.10,7.10,0.00
dlocal,TXN-106905,ORD-506905,SALE,DL-90001210,BRL,matched,engine,16.61,16.61,16.61,0.00
dlocal,TXN-106613,ORD-506613,SALE,DL-90000918,BRL,matched,engine,6.45,6.45,6.45,0.00
dlocal,TXN-106732,ORD-506732,SALE,DL-90001037,BRL,matched,engine,16.61,16.61,16.61,0.00
dlocal,TXN-106197,ORD-506197,SALE,DL-90000502,BRL,matched,engine,36.92,36.92,36.92,0.00
dlocal,TXN-106612,ORD-506612,SALE,DL-90000917,BRL,matched_declined,engine,0.00,0.00,0.00,0.00
dlocal,TXN-106846,ORD-506846,SALE,DL-90001151,BRL,matched,engine,6.45,6.45,6.45,0.00
dlocal,TXN-106891,ORD-506891,SALE,DL-90001196,BRL,matched,engine,36.92,36.92,36.92,0.00
dlocal,TXN-107990,ORD-507813,SALE,DL-90001318,ARS,provider_fx_rate,engine,13.44,13.45,13.44,0.00
dlocal,TXN-105839,ORD-505839,SALE,DL-90000144,ARS,matched,engine,13.44,13.44,13.44,0.00
dlocal,TXN-106500,ORD-506500,SALE,DL-90000805,ARS,matched_declined,engine,0.00,0.00,0.00,0.00
dlocal,TXN-106471,ORD-506471,SALE,DL-90000776,ARS,matched_declined,engine,0.00,0.00,0.00,0.00
dlocal,TXN-106834,ORD-506834,SALE,DL-90001139,MXN,matched_declined,engine,0.00,0.00,0.00,0.00
dlocal,TXN-106100,ORD-506100,SALE,DL-90000405,MXN,matched,engine,7.10,7.10,7.10,0.00
dlocal,TXN-106826,ORD-506826,SALE,DL-90001131,BRL,matched,engine,6.45,6.45,6.45,0.00
dlocal,TXN-106716,ORD-506716,SALE,DL-90001021,BRL,matched,engine,36.92,36.92,36.92,0.00
dlocal,TXN-105886,ORD-505886,SALE,DL-90000191,BRL,matched,engine,16.61,16.61,16.61,0.00
dlocal,TXN-106199,ORD-506199,SALE,DL-90000504,COP,matched,engine,3.24,3.24,3.24,0.00
dlocal,TXN-106845,ORD-506845,SALE,DL-90001150,BRL,matched,engine,16.61,16.61,16.61,0.00
dlocal,TXN-106916,ORD-506916,SALE,DL-90001221,COP,matched,engine,7.50,7.50,7.50,0.00
dlocal,TXN-106692,ORD-506692,SALE,DL-90000997,BRL,matched,engine,36.92,36.92,36.92,0.00
dlocal,TXN-106014,ORD-506014,SALE,DL-90000319,BRL,matched,engine,36.92,36.92,36.92,0.00
dlocal,TXN-105949,ORD-505949,SALE,DL-90000254,COP,matched,engine,7.50,7.50,7.50,0.00
dlocal,TXN-106483,ORD-506483,SALE,DL-90000788,ARS,matched,engine,13.44,13.44,13.44,0.00
dlocal,TXN-106586,ORD-506586,SALE,DL-90000891,MXN,matched,engine,18.10,18.10,18.10,0.00
dlocal,TXN-106322,ORD-506322,SALE,DL-90000627,CLP,matched,engine,7.44,7.44,7.44,0.00
dlocal,TXN-106506,ORD-506506,SALE,DL-90000811,BRL,matched,engine,6.45,6.45,6.45,0.00
dlocal,TXN-106455,ORD-506455,SALE,DL-90000760,BRL,matched_declined,engine,0.00,0.00,0.00,0.00
dlocal,TXN-106433,ORD-506433,SALE,DL-90000738,MXN,matched,engine,7.10,7.10,7.10,0.00
dlocal,TXN-106430,ORD-506430,SALE,DL-90000735,COP,matched,engine,20.05,20.05,20.05,0.00
dlocal,TXN-106424,ORD-506424,SALE,DL-90000729,ARS,matched_declined,engine,0.00,0.00,0.00,0.00
dlocal,TXN-106690,ORD-506690,SALE,DL-90000995,BRL,matched,engine,6.45,6.45,6.45,0.00
dlocal,TXN-106096,ORD-506096,SALE,DL-90000401,MXN,matched_declined,engine,0.00,0.00,0.00,0.00
dlocal,TXN-105810,ORD-505810,SALE,DL-90000115,CLP,matched,engine,4.25,4.25,4.25,0.00
dlocal,TXN-106230,ORD-506230,SALE,DL-90000535,BRL,matched,engine,6.45,6.45,6.45,0.00
dlocal,TXN-106854,ORD-506854,SALE,DL-90001159,MXN,matched,engine,43.95,43.95,43.95,0.00
dlocal,TXN-105762,ORD-505762,SALE,DL-90000067,MXN,matched,engine,7.10,7.10,7.10,0.00
dlocal,TXN-106626,ORD-506626,SALE,DL-90000931,CLP,matched,engine,7.44,7.44,7.44,0.00
dlocal,TXN-106153,ORD-506153,SALE,DL-90000458,BRL,matched,engine,6.45,6.45,6.45,0.00
dlocal,TXN-106292,ORD-506292,SALE,DL-90000597,MXN,matched,engine,7.10,7.10,7.10,0.00
dlocal,TXN-106662,ORD-506662,SALE,DL-90000967,ARS,matched,engine,2.18,2.18,2.18,0.00
dlocal,TXN-106337,ORD-506337,SALE,DL-90000642,BRL,matched,engine,6.45,6.45,6.45,0.00
dlocal,TXN-105952,ORD-505952,SALE,DL-90000257,MXN,matched,engine,7.10,7.10,7.10,0.00
dlocal,TXN-106213,ORD-506213,SALE,DL-90000518,BRL,matched,engine,16.61,16.61,16.61,0.00
dlocal,TXN-105887,ORD-505887,SALE,DL-90000192,BRL,matched,engine,6.45,6.45,6.45,0.00
dlocal,TXN-106130,ORD-506130,SALE,DL-90000435,MXN,matched,engine,43.95,43.95,43.95,0.00
dlocal,TXN-105744,ORD-505744,SALE,DL-90000049,MXN,matched,engine,7.10,7.10,7.10,0.00
dlocal,TXN-106250,ORD-506250,SALE,DL-90000555,BRL,matched,engine,6.45,6.45,6.45,0.00
dlocal,TXN-106346,ORD-506346,SALE,DL-90000651,BRL,matched,engine,6.45,6.45,6.45,0.00
dlocal,TXN-106132,ORD-506132,SALE,DL-90000437,MXN,matched,engine,7.10,7.10,7.10,0.00
dlocal,TXN-106619,ORD-506619,SALE,DL-90000924,BRL,matched,engine,36.92,36.92,36.92,0.00
dlocal,TXN-105812,ORD-505812,SALE,DL-90000117,COP,matched,engine,50.17,50.17,50.17,0.00
dlocal,TXN-105754,ORD-505754,SALE,DL-90000059,MXN,matched,engine,43.95,43.95,43.95,0.00
dlocal,TXN-106390,ORD-506390,SALE,DL-90000695,BRL,matched_declined,engine,0.00,0.00,0.00,0.00
dlocal,TXN-106084,ORD-506084,SALE,DL-90000389,MXN,matched,engine,3.25,3.25,3.25,0.00
dlocal,TXN-106608,ORD-506608,SALE,DL-90000913,BRL,matched,engine,16.61,16.61,16.61,0.00
dlocal,TXN-106528,ORD-506528,SALE,DL-90000833,BRL,matched,engine,6.45,6.45,6.45,0.00
dlocal,TXN-106768,ORD-506768,SALE,DL-90001073,BRL,matched,engine,6.45,6.45,6.45,0.00
dlocal,TXN-106562,ORD-506562,SALE,DL-90000867,BRL,matched,engine,6.45,6.45,6.45,0.00
dlocal,TXN-106514,ORD-506514,SALE,DL-90000819,COP,matched,engine,7.50,7.50,7.50,0.00
dlocal,TXN-105996,ORD-505996,SALE,DL-90000301,BRL,matched_declined,engine,0.00,0.00,0.00,0.00
dlocal,TXN-106316,ORD-506316,SALE,DL-90000621,CLP,matched,engine,4.25,4.25,4.25,0.00
dlocal,TXN-105787,ORD-505787,SALE,DL-90000092,COP,matched,engine,7.50,7.50,7.50,0.00
dlocal,TXN-106912,ORD-506912,SALE,DL-90001217,MXN,matched,engine,43.95,43.95,43.95,0.00
dlocal,TXN-107982,ORD-507807,SALE,DL-90001314,BRL,matched,engine,36.92,36.92,36.92,0.00
dlocal,TXN-106301,ORD-506301,SALE,DL-90000606,MXN,matched,engine,18.10,18.10,18.10,0.00
dlocal,TXN-106373,ORD-506373,SALE,DL-90000678,MXN,matched,engine,7.10,7.10,7.10,0.00
dlocal,TXN-105852,ORD-505852,SALE,DL-90000157,ARS,matched,engine,5.04,5.04,5.04,0.00
dlocal,TXN-106330,ORD-506330,SALE,DL-90000635,MXN,matched,engine,7.10,7.10,7.10,0.00
dlocal,TXN-105731,ORD-505731,SALE,DL-90000036,COP,matched_declined,engine,0.00,0.00,0.00,0.00
dlocal,TXN-106730,ORD-506730,SALE,DL-90001035,BRL,matched,engine,16.61,16.61,16.61,0.00
dlocal,TXN-106837,ORD-506837,SALE,DL-90001142,MXN,matched,engine,43.95,43.95,43.95,0.00
dlocal,TXN-106193,ORD-506193,SALE,DL-90000498,ARS,matched,engine,13.44,13.44,13.44,0.00
dlocal,TXN-105758,ORD-505758,SALE,DL-90000063,COP,matched,engine,20.05,20.05,20.05,0.00
dlocal,TXN-106705,ORD-506705,SALE,DL-90001010,BRL,matched,engine,6.45,6.45,6.45,0.00
dlocal,TXN-106381,ORD-506381,SALE,DL-90000686,MXN,matched,engine,18.10,18.10,18.10,0.00
dlocal,TXN-105861,ORD-505861,SALE,DL-90000166,BRL,matched,engine,36.92,36.92,36.92,0.00
dlocal,TXN-105721,ORD-505721,SALE,DL-90000026,BRL,matched,engine,36.92,36.92,36.92,0.00
dlocal,TXN-106216,ORD-506216,SALE,DL-90000521,BRL,matched,engine,6.45,6.45,6.45,0.00
dlocal,TXN-106454,ORD-506454,SALE,DL-90000759,MXN,matched,engine,7.10,7.10,7.10,0.00
dlocal,TXN-105870,ORD-505870,SALE,DL-90000175,ARS,matched,engine,5.04,5.04,5.04,0.00
dlocal,TXN-106207,ORD-506207,SALE,DL-90000512,COP,matched,engine,7.50,7.50,7.50,0.00
dlocal,TXN-106553,ORD-506553,SALE,DL-90000858,BRL,matched,engine,16.61,16.61,16.61,0.00
dlocal,TXN-106219,ORD-506219,SALE,DL-90000524,BRL,matched_declined,engine,0.00,0.00,0.00,0.00
dlocal,TXN-106591,ORD-506591,SALE,DL-90000896,ARS,matched,engine,5.04,5.04,5.04,0.00
dlocal,TXN-106585,ORD-506585,SALE,DL-90000890,COP,matched,engine,50.17,50.17,50.17,0.00
dlocal,TXN-106843,ORD-506843,SALE,DL-90001148,MXN,matched,engine,18.10,18.10,18.10,0.00
dlocal,TXN-106325,ORD-506325,SALE,DL-90000630,BRL,matched,engine,16.61,16.61,16.61,0.00
dlocal,TXN-105800,ORD-505800,SALE,DL-90000105,ARS,matched,engine,33.60,33.60,33.60,0.00
dlocal,TXN-106077,ORD-506077,SALE,DL-90000382,BRL,matched,engine,3.12,3.12,3.12,0.00
dlocal,TXN-106698,ORD-506698,SALE,DL-90001003,CLP,matched,engine,7.44,7.44,7.44,0.00
dlocal,TXN-106607,ORD-506607,SALE,DL-90000912,MXN,matched_declined,engine,0.00,0.00,0.00,0.00
dlocal,TXN-106404,ORD-506404,SALE,DL-90000709,ARS,matched,engine,5.04,5.04,5.04,0.00
dlocal,TXN-105837,ORD-505837,SALE,DL-90000142,BRL,matched,engine,3.12,3.12,3.12,0.00
dlocal,TXN-106922,ORD-506922,SALE,DL-90001227,CLP,matched,engine,7.44,7.44,7.44,0.00
dlocal,TXN-105735,ORD-505735,SALE,DL-90000040,ARS,matched,engine,13.44,13.44,13.44,0.00
dlocal,TXN-105902,ORD-505902,SALE,DL-90000207,BRL,matched,engine,6.45,6.45,6.45,0.00
dlocal,TXN-106823,ORD-506823,SALE,DL-90001128,ARS,matched,engine,13.44,13.44,13.44,0.00
dlocal,TXN-106072,ORD-506072,SALE,DL-90000377,BRL,matched,engine,16.61,16.61,16.61,0.00
dlocal,TXN-106703,ORD-506703,SALE,DL-90001008,BRL,matched,engine,6.45,6.45,6.45,0.00
dlocal,TXN-105890,ORD-505890,SALE,DL-90000195,COP,matched,engine,20.05,20.05,20.05,0.00
dlocal,TXN-106941,ORD-506941,SALE,DL-90001246,BRL,matched,engine,3.12,3.12,3.12,0.00
dlocal,TXN-106882,ORD-506882,SALE,DL-90001187,ARS,matched,engine,13.44,13.44,13.44,0.00
dlocal,TXN-106106,ORD-506106,SALE,DL-90000411,BRL,matched,engine,6.45,6.45,6.45,0.00
dlocal,TXN-106875,ORD-506875,SALE,DL-90001180,BRL,matched,engine,16.61,16.61,16.61,0.00
dlocal,TXN-106549,ORD-506549,SALE,DL-90000854,BRL,matched,engine,36.92,36.92,36.92,0.00
dlocal,TXN-106421,ORD-506421,SALE,DL-90000726,MXN,matched,engine,7.10,7.10,7.10,0.00
dlocal,TXN-105954,ORD-505954,SALE,DL-90000259,BRL,matched,engine,6.45,6.45,6.45,0.00
dlocal,TXN-106068,ORD-506068,SALE,DL-90000373,BRL,matched,engine,16.61,16.61,16.61,0.00
dlocal,TXN-106067,ORD-506067,SALE,DL-90000372,ARS,matched,engine,5.04,5.04,5.04,0.00
dlocal,TXN-106511,ORD-506511,SALE,DL-90000816,MXN,matched,engine,7.10,7.10,7.10,0.00
dlocal,TXN-106510,ORD-506510,SALE,DL-90000815,CLP,matched,engine,7.44,7.44,7.44,0.00
dlocal,TXN-105752,ORD-505752,SALE,DL-90000057,MXN,matched,engine,7.10,7.10,7.10,0.00
dlocal,TXN-106093,ORD-506093,SALE,DL-90000398,MXN,matched,engine,7.10,7.10,7.10,0.00
dlocal,TXN-105755,ORD-505755,SALE,DL-90000060,BRL,matched,engine,36.92,36.92,36.92,0.00
dlocal,TXN-106790,ORD-506790,SALE,DL-90001095,BRL,matched,engine,6.45,6.45,6.45,0.00
dlocal,TXN-106668,ORD-506668,SALE,DL-90000973,BRL,matched,engine,36.92,36.92,36.92,0.00
dlocal,TXN-106025,ORD-506025,SALE,DL-90000330,MXN,matched,engine,18.10,18.10,18.10,0.00
dlocal,TXN-106078,ORD-506078,SALE,DL-90000383,BRL,matched,engine,6.45,6.45,6.45,0.00
dlocal,TXN-105840,ORD-505840,SALE,DL-90000145,BRL,matched,engine,6.45,6.45,6.45,0.00
dlocal,TXN-106600,ORD-506600,SALE,DL-90000905,BRL,matched,engine,6.45,6.45,6.45,0.00
dlocal,TXN-106268,ORD-506268,SALE,DL-90000573,CLP,matched,engine,7.44,7.44,7.44,0.00
dlocal,TXN-106568,ORD-506568,SALE,DL-90000873,MXN,matched,engine,18.10,18.10,18.10,0.00
dlocal,TXN-106717,ORD-506717,SALE,DL-90001022,BRL,matched,engine,6.45,6.45,6.45,0.00
dlocal,TXN-106883,ORD-506883,SALE,DL-90001188,MXN,matched,engine,7.10,7.10,7.10,0.00
dlocal,TXN-106401,ORD-506401,SALE,DL-90000706,BRL,matched,engine,6.45,6.45,6.45,0.00
dlocal,TXN-106847,ORD-506847,SALE,DL-90001152,BRL,matched,engine,6.45,6.45,6.45,0.00
dlocal,TXN-106165,ORD-506165,SALE,DL-90000470,BRL,matched,engine,6.45,6.45,6.45,0.00
dlocal,TXN-105868,ORD-505868,SALE,DL-90000173,COP,matched,engine,7.50,7.50,7.50,0.00
dlocal,TXN-106682,ORD-506682,SALE,DL-90000987,MXN,matched,engine,7.10,7.10,7.10,0.00
dlocal,TXN-106092,ORD-506092,SALE,DL-90000397,BRL,matched,engine,6.45,6.45,6.45,0.00
dlocal,TXN-106086,ORD-506086,SALE,DL-90000391,BRL,matched,engine,6.45,6.45,6.45,0.00
dlocal,TXN-106453,ORD-506453,SALE,DL-90000758,MXN,matched,engine,7.10,7.10,7.10,0.00
dlocal,TXN-106701,ORD-506701,SALE,DL-90001006,BRL,matched,engine,16.61,16.61,16.61,0.00
dlocal,TXN-106364,ORD-506364,SALE,DL-90000669,ARS,matched,engine,5.04,5.04,5.04,0.00
dlocal,TXN-105912,ORD-505912,SALE,DL-90000217,BRL,matched,engine,6.44,6.44,6.44,0.00
dlocal,TXN-106082,ORD-506082,SALE,DL-90000387,BRL,matched,engine,6.44,6.44,6.44,0.00
dlocal,TXN-105988,ORD-505988,SALE,DL-90000293,COP,matched,engine,7.48,7.48,7.48,0.00
dlocal,TXN-106571,ORD-506571,SALE,DL-90000876,MXN,matched,engine,44.03,44.03,44.03,0.00
dlocal,TXN-106923,ORD-506923,SALE,DL-90001228,CLP,matched,engine,7.44,7.44,7.44,0.00
dlocal,TXN-106365,ORD-506365,SALE,DL-90000670,ARS,matched,engine,5.05,5.05,5.05,0.00
dlocal,TXN-106284,ORD-506284,SALE,DL-90000589,MXN,matched,engine,3.25,3.25,3.25,0.00
dlocal,TXN-106285,ORD-506285,SALE,DL-90000590,BRL,matched,engine,3.12,3.12,3.12,0.00
dlocal,TXN-106239,ORD-506239,SALE,DL-90000544,COP,matched,engine,7.48,7.48,7.48,0.00
dlocal,TXN-105700,ORD-505700,SALE,DL-90000005,BRL,matched,engine,6.44,6.44,6.44,0.00
dlocal,TXN-106909,ORD-506909,SALE,DL-90001214,CLP,matched,engine,47.87,47.87,47.87,0.00
dlocal,TXN-106003,ORD-506003,SALE,DL-90000308,BRL,matched,engine,6.44,6.44,6.44,0.00
dlocal,TXN-106872,ORD-506872,SALE,DL-90001177,COP,matched,engine,3.23,3.23,3.23,0.00
dlocal,TXN-106287,ORD-506287,SALE,DL-90000592,BRL,matched,engine,36.86,36.86,36.86,0.00
dlocal,TXN-106743,ORD-506743,SALE,DL-90001048,ARS,matched,engine,5.05,5.05,5.05,0.00
dlocal,TXN-106611,ORD-506611,SALE,DL-90000916,BRL,matched,engine,6.44,6.44,6.44,0.00
dlocal,TXN-106021,ORD-506021,SALE,DL-90000326,BRL,matched,engine,6.44,6.44,6.44,0.00
dlocal,TXN-106187,ORD-506187,SALE,DL-90000492,MXN,matched,engine,7.11,7.11,7.11,0.00
dlocal,TXN-106261,ORD-506261,SALE,DL-90000566,CLP,matched,engine,19.14,19.14,19.14,0.00
dlocal,TXN-106589,ORD-506589,SALE,DL-90000894,BRL,matched,engine,6.44,6.44,6.44,0.00
dlocal,TXN-105833,ORD-505833,SALE,DL-90000138,MXN,matched,engine,7.11,7.11,7.11,0.00
dlocal,TXN-106234,ORD-506234,SALE,DL-90000539,MXN,matched,engine,7.11,7.11,7.11,0.00
dlocal,TXN-106323,ORD-506323,SALE,DL-90000628,BRL,matched,engine,36.86,36.86,36.86,0.00
dlocal,TXN-105806,ORD-505806,SALE,DL-90000111,COP,matched,engine,19.98,19.98,19.98,0.00
dlocal,TXN-106047,ORD-506047,SALE,DL-90000352,BRL,matched,engine,6.44,6.44,6.44,0.00
dlocal,TXN-106064,ORD-506064,SALE,DL-90000369,MXN,matched,engine,7.11,7.11,7.11,0.00
dlocal,TXN-106747,ORD-506747,SALE,DL-90001052,BRL,matched_declined,engine,0.00,0.00,0.00,0.00
dlocal,TXN-106388,ORD-506388,SALE,DL-90000693,BRL,matched,engine,3.12,3.12,3.12,0.00
dlocal,TXN-106398,ORD-506398,SALE,DL-90000703,MXN,matched,engine,18.13,18.13,18.13,0.00
dlocal,TXN-106714,ORD-506714,SALE,DL-90001019,CLP,matched,engine,7.44,7.44,7.44,0.00
dlocal,TXN-106903,ORD-506903,SALE,DL-90001208,BRL,matched,engine,16.58,16.58,16.58,0.00
dlocal,TXN-106627,ORD-506627,SALE,DL-90000932,CLP,matched,engine,19.14,19.14,19.14,0.00
dlocal,TXN-106561,ORD-506561,SALE,DL-90000866,BRL,matched,engine,6.44,6.44,6.44,0.00
dlocal,TXN-106931,ORD-506931,SALE,DL-90001236,BRL,matched,engine,16.58,16.58,16.58,0.00
dlocal,TXN-106088,ORD-506088,SALE,DL-90000393,BRL,matched_declined,engine,0.00,0.00,0.00,0.00
dlocal,TXN-106115,ORD-506115,SALE,DL-90000420,CLP,matched,engine,7.44,7.44,7.44,0.00
dlocal,TXN-106499,ORD-506499,SALE,DL-90000804,BRL,matched,engine,3.12,3.12,3.12,0.00
dlocal,TXN-106667,ORD-506667,SALE,DL-90000972,MXN,matched,engine,7.11,7.11,7.11,0.00
dlocal,TXN-106042,ORD-506042,SALE,DL-90000347,BRL,matched,engine,16.58,16.58,16.58,0.00
dlocal,TXN-106109,ORD-506109,SALE,DL-90000414,BRL,matched,engine,16.58,16.58,16.58,0.00
dlocal,TXN-106564,ORD-506564,SALE,DL-90000869,BRL,matched,engine,16.58,16.58,16.58,0.00
dlocal,TXN-106615,ORD-506615,SALE,DL-90000920,BRL,matched,engine,6.44,6.44,6.44,0.00
dlocal,TXN-106577,ORD-506577,SALE,DL-90000882,BRL,matched,engine,6.44,6.44,6.44,0.00
dlocal,TXN-106749,ORD-506749,SALE,DL-90001054,CLP,matched_declined,engine,0.00,0.00,0.00,0.00
dlocal,TXN-106555,ORD-506555,SALE,DL-90000860,COP,matched,engine,19.90,19.90,19.90,0.00
dlocal,TXN-106886,ORD-506886,SALE,DL-90001191,BRL,matched,engine,6.44,6.44,6.44,0.00
dlocal,TXN-105814,ORD-505814,SALE,DL-90000119,BRL,matched_declined,engine,0.00,0.00,0.00,0.00
dlocal,TXN-106269,ORD-506269,SALE,DL-90000574,MXN,matched,engine,44.18,44.18,44.18,0.00
dlocal,TXN-105857,ORD-505857,SALE,DL-90000162,CLP,matched,engine,47.91,47.91,47.91,0.00
dlocal,TXN-105723,ORD-505723,SALE,DL-90000028,MXN,matched,engine,44.18,44.18,44.18,0.00
dlocal,TXN-105823,ORD-505823,SALE,DL-90000128,BRL,matched,engine,16.60,16.60,16.60,0.00
dlocal,TXN-107963,ORD-507789,SALE,DL-90001311,BRL,engine_fx_rate_error,provider,89.90,16.60,16.60,-73.30
dlocal,TXN-106194,ORD-506194,SALE,DL-90000499,ARS,matched,engine,5.03,5.03,5.03,0.00
dlocal,TXN-106264,ORD-506264,SALE,DL-90000569,BRL,matched,engine,6.44,6.44,6.44,0.00
dlocal,TXN-106203,ORD-506203,SALE,DL-90000508,BRL,matched,engine,16.60,16.60,16.60,0.00
dlocal,TXN-106517,ORD-506517,SALE,DL-90000822,BRL,matched,engine,16.60,16.60,16.60,0.00
dlocal,TXN-106374,ORD-506374,SALE,DL-90000679,MXN,matched,engine,44.18,44.18,44.18,0.00
dlocal,TXN-105927,ORD-505927,SALE,DL-90000232,CLP,matched,engine,19.16,19.16,19.16,0.00
dlocal,TXN-106055,ORD-506055,SALE,DL-90000360,CLP,matched,engine,4.25,4.25,4.25,0.00
dlocal,TXN-106405,ORD-506405,SALE,DL-90000710,BRL,matched,engine,6.44,6.44,6.44,0.00
dlocal,TXN-106331,ORD-506331,SALE,DL-90000636,ARS,matched,engine,5.03,5.03,5.03,0.00
dlocal,TXN-106680,ORD-506680,SALE,DL-90000985,MXN,matched,engine,7.13,7.13,7.13,0.00
dlocal,TXN-106774,ORD-506774,SALE,DL-90001079,BRL,matched,engine,16.60,16.60,16.60,0.00
dlocal,TXN-105981,ORD-505981,SALE,DL-90000286,MXN,matched,engine,7.13,7.13,7.13,0.00
dlocal,TXN-106041,ORD-506041,SALE,DL-90000346,CLP,matched,engine,47.91,47.91,47.91,0.00
dlocal,TXN-106829,ORD-506829,SALE,DL-90001134,MXN,matched,engine,18.19,18.19,18.19,0.00
dlocal,TXN-106214,ORD-506214,SALE,DL-90000519,CLP,matched,engine,19.16,19.16,19.16,0.00
dlocal,TXN-105718,ORD-505718,SALE,DL-90000023,ARS,matched,engine,33.56,33.56,33.56,0.00
dlocal,TXN-105955,ORD-505955,SALE,DL-90000260,MXN,matched,engine,7.13,7.13,7.13,0.00
dlocal,TXN-105704,ORD-505704,SALE,DL-90000009,BRL,matched_declined,engine,0.00,0.00,0.00,0.00
dlocal,TXN-106488,ORD-506488,SALE,DL-90000793,BRL,matched,engine,16.60,16.60,16.60,0.00
dlocal,TXN-106028,ORD-506028,SALE,DL-90000333,MXN,matched,engine,18.19,18.19,18.19,0.00
dlocal,TXN-106355,ORD-506355,SALE,DL-90000660,COP,matched,engine,7.45,7.45,7.45,0.00
dlocal,TXN-106573,ORD-506573,SALE,DL-90000878,BRL,matched,engine,6.44,6.44,6.44,0.00
dlocal,TXN-106907,ORD-506907,SALE,DL-90001212,BRL,matched,engine,6.44,6.44,6.44,0.00
dlocal,TXN-105847,ORD-505847,SALE,DL-90000152,BRL,matched,engine,6.44,6.44,6.44,0.00
dlocal,TXN-106498,ORD-506498,SALE,DL-90000803,MXN,matched,engine,7.13,7.13,7.13,0.00
dlocal,TXN-105801,ORD-505801,SALE,DL-90000106,BRL,matched,engine,6.44,6.44,6.44,0.00
dlocal,TXN-106781,ORD-506781,SALE,DL-90001086,COP,matched,engine,19.90,19.90,19.90,0.00
dlocal,TXN-106596,ORD-506596,SALE,DL-90000901,MXN,matched,engine,7.13,7.13,7.13,0.00
dlocal,TXN-106329,ORD-506329,SALE,DL-90000634,ARS,matched,engine,5.03,5.03,5.03,0.00
dlocal,TXN-106885,ORD-506885,SALE,DL-90001190,BRL,matched,engine,16.60,16.60,16.60,0.00
dlocal,TXN-106482,ORD-506482,SALE,DL-90000787,ARS,matched,engine,13.42,13.42,13.42,0.00
dlocal,TXN-105701,ORD-505701,SALE,DL-90000006,ARS,matched,engine,5.03,5.03,5.03,0.00
dlocal,TXN-106339,ORD-506339,SALE,DL-90000644,BRL,matched_declined,engine,0.00,0.00,0.00,0.00
dlocal,TXN-105969,ORD-505969,SALE,DL-90000274,MXN,matched,engine,7.16,7.16,7.16,0.00
dlocal,TXN-106890,ORD-506890,SALE,DL-90001195,BRL,matched,engine,6.65,6.65,6.65,0.00
dlocal,TXN-106367,ORD-506367,SALE,DL-90000672,CLP,matched,engine,7.47,7.47,7.47,0.00
dlocal,TXN-105825,ORD-505825,SALE,DL-90000130,MXN,matched,engine,7.16,7.16,7.16,0.00
dlocal,TXN-106125,ORD-506125,SALE,DL-90000430,MXN,matched_declined,engine,0.00,0.00,0.00,0.00
dlocal,TXN-105729,ORD-505729,SALE,DL-90000034,CLP,matched,engine,48.05,48.05,48.05,0.00
dlocal,TXN-105733,ORD-505733,SALE,DL-90000038,BRL,matched,engine,6.65,6.65,6.65,0.00
dlocal,TXN-106480,ORD-506480,SALE,DL-90000785,BRL,matched,engine,38.09,38.09,38.09,0.00
dlocal,TXN-106280,ORD-506280,SALE,DL-90000585,ARS,matched,engine,5.03,5.03,5.03,0.00
dlocal,TXN-106318,ORD-506318,SALE,DL-90000623,BRL,matched,engine,6.65,6.65,6.65,0.00
dlocal,TXN-106017,ORD-506017,SALE,DL-90000322,COP,matched,engine,19.82,19.82,19.82,0.00
dlocal,TXN-106179,ORD-506179,SALE,DL-90000484,COP,matched,engine,49.58,49.58,49.58,0.00
dlocal,TXN-106844,ORD-506844,SALE,DL-90001149,BRL,matched,engine,38.09,38.09,38.09,0.00
dlocal,TXN-105715,ORD-505715,SALE,DL-90000020,MXN,matched,engine,18.26,18.26,18.26,0.00
dlocal,TXN-105933,ORD-505933,SALE,DL-90000238,BRL,matched,engine,17.13,17.13,17.13,0.00
dlocal,TXN-106576,ORD-506576,SALE,DL-90000881,BRL,matched,engine,6.65,6.65,6.65,0.00
dlocal,TXN-106402,ORD-506402,SALE,DL-90000707,CLP,matched,engine,48.05,48.05,48.05,0.00
dlocal,TXN-106128,ORD-506128,SALE,DL-90000433,CLP,matched,engine,7.47,7.47,7.47,0.00
dlocal,TXN-106303,ORD-506303,SALE,DL-90000608,CLP,matched,engine,7.47,7.47,7.47,0.00
dlocal,TXN-105743,ORD-505743,SALE,DL-90000048,MXN,matched,engine,7.16,7.16,7.16,0.00
dlocal,TXN-106387,ORD-506387,SALE,DL-90000692,BRL,matched_declined,engine,0.00,0.00,0.00,0.00
dlocal,TXN-106487,ORD-506487,SALE,DL-90000792,BRL,matched_declined,engine,0.00,0.00,0.00,0.00
dlocal,TXN-106676,ORD-506676,SALE,DL-90000981,CLP,matched,engine,19.21,19.21,19.21,0.00
dlocal,TXN-106649,ORD-506649,SALE,DL-90000954,CLP,matched,engine,7.47,7.47,7.47,0.00
dlocal,TXN-106522,ORD-506522,SALE,DL-90000827,BRL,matched,engine,6.65,6.65,6.65,0.00
dlocal,TXN-106642,ORD-506642,SALE,DL-90000947,CLP,matched,engine,7.47,7.47,7.47,0.00
dlocal,TXN-107952,ORD-507778,SALE,DL-90001308,BRL,provider_fx_rate,engine,16.66,17.13,16.66,0.00
dlocal,TXN-105775,ORD-505775,SALE,DL-90000080,ARS,matched,engine,5.03,5.03,5.03,0.00
dlocal,TXN-105871,ORD-505871,SALE,DL-90000176,BRL,matched,engine,6.65,6.65,6.65,0.00
dlocal,TXN-106142,ORD-506142,SALE,DL-90000447,MXN,matched,engine,3.27,3.27,3.27,0.00
dlocal,TXN-106040,ORD-506040,SALE,DL-90000345,BRL,matched,engine,17.13,17.13,17.13,0.00
dlocal,TXN-105745,ORD-505745,SALE,DL-90000050,COP,matched_declined,engine,0.00,0.00,0.00,0.00
dlocal,TXN-106396,ORD-506396,SALE,DL-90000701,CLP,matched,engine,19.21,19.21,19.21,0.00
dlocal,TXN-106831,ORD-506831,SALE,DL-90001136,MXN,matched,engine,18.26,18.26,18.26,0.00
dlocal,TXN-106423,ORD-506423,SALE,DL-90000728,COP,matched,engine,49.58,49.58,49.58,0.00
dlocal,TXN-106036,ORD-506036,SALE,DL-90000341,CLP,matched,engine,7.47,7.47,7.47,0.00
dlocal,TXN-105900,ORD-505900,SALE,DL-90000205,BRL,matched,engine,38.09,38.09,38.09,0.00
dlocal,TXN-106274,ORD-506274,SALE,DL-90000579,CLP,matched,engine,7.47,7.47,7.47,0.00
dlocal,TXN-105961,ORD-505961,SALE,DL-90000266,MXN,matched,engine,7.16,7.16,7.16,0.00
dlocal,TXN-105975,ORD-505975,SALE,DL-90000280,MXN,matched,engine,18.26,18.26,18.26,0.00
dlocal,TXN-106677,ORD-506677,SALE,DL-90000982,MXN,matched,engine,7.16,7.16,7.16,0.00
dlocal,TXN-106842,ORD-506842,SALE,DL-90001147,BRL,matched,engine,6.65,6.65,6.65,0.00
dlocal,TXN-105794,ORD-505794,SALE,DL-90000099,MXN,matched,engine,7.16,7.16,7.16,0.00
dlocal,TXN-105749,ORD-505749,SALE,DL-90000054,MXN,matched,engine,7.16,7.16,7.16,0.00
dlocal,TXN-106686,ORD-506686,SALE,DL-90000991,BRL,matched,engine,17.13,17.13,17.13,0.00
dlocal,TXN-105789,ORD-505789,SALE,DL-90000094,BRL,matched,engine,3.14,3.14,3.14,0.00
dlocal,TXN-105807,ORD-505807,SALE,DL-90000112,COP,matched,engine,7.39,7.39,7.39,0.00
dlocal,TXN-105811,ORD-505811,SALE,DL-90000116,MXN,matched,engine,7.14,7.14,7.14,0.00
dlocal,TXN-106248,ORD-506248,SALE,DL-90000553,CLP,matched,engine,4.25,4.25,4.25,0.00
dlocal,TXN-106370,ORD-506370,SALE,DL-90000675,BRL,matched,engine,3.14,3.14,3.14,0.00
dlocal,TXN-106045,ORD-506045,SALE,DL-90000350,BRL,matched,engine,16.68,16.68,16.68,0.00
dlocal,TXN-106425,ORD-506425,SALE,DL-90000730,BRL,matched,engine,6.47,6.47,6.47,0.00
dlocal,TXN-105877,ORD-505877,SALE,DL-90000182,BRL,matched,engine,6.47,6.47,6.47,0.00
dlocal,TXN-106527,ORD-506527,SALE,DL-90000832,ARS,matched,engine,5.02,5.02,5.02,0.00
dlocal,TXN-106502,ORD-506502,SALE,DL-90000807,BRL,matched,engine,16.68,16.68,16.68,0.00
dlocal,TXN-106288,ORD-506288,SALE,DL-90000593,ARS,matched,engine,5.02,5.02,5.02,0.00
dlocal,TXN-106175,ORD-506175,SALE,DL-90000480,MXN,matched_declined,engine,0.00,0.00,0.00,0.00
dlocal,TXN-105910,ORD-505910,SALE,DL-90000215,CLP,matched,engine,7.45,7.45,7.45,0.00
dlocal,TXN-106793,ORD-506793,SALE,DL-90001098,CLP,matched,engine,7.45,7.45,7.45,0.00
dlocal,TXN-105838,ORD-505838,SALE,DL-90000143,MXN,matched,engine,7.14,7.14,7.14,0.00
dlocal,TXN-106353,ORD-506353,SALE,DL-90000658,BRL,matched,engine,6.47,6.47,6.47,0.00
dlocal,TXN-105805,ORD-505805,SALE,DL-90000110,BRL,matched,engine,6.47,6.47,6.47,0.00
dlocal,TXN-106362,ORD-506362,SALE,DL-90000667,MXN,matched,engine,44.19,44.19,44.19,0.00
dlocal,TXN-106144,ORD-506144,SALE,DL-90000449,COP,matched,engine,7.39,7.39,7.39,0.00
dlocal,TXN-106105,ORD-506105,SALE,DL-90000410,MXN,matched_declined,engine,0.00,0.00,0.00,0.00
dlocal,TXN-106856,ORD-506856,SALE,DL-90001161,CLP,matched,engine,7.45,7.45,7.45,0.00
dlocal,TXN-106866,ORD-506866,SALE,DL-90001171,CLP,matched,engine,19.18,19.18,19.18,0.00
dlocal,TXN-106836,ORD-506836,SALE,DL-90001141,BRL,matched,engine,16.68,16.68,16.68,0.00
dlocal,TXN-106913,ORD-506913,SALE,DL-90001218,BRL,matched_declined,engine,0.00,0.00,0.00,0.00
dlocal,TXN-106031,ORD-506031,SALE,DL-90000336,CLP,matched,engine,19.18,19.18,19.18,0.00
dlocal,TXN-106752,ORD-506752,SALE,DL-90001057,BRL,matched,engine,16.68,16.68,16.68,0.00
dlocal,TXN-105728,ORD-505728,SALE,DL-90000033,BRL,matched,engine,6.47,6.47,6.47,0.00
dlocal,TXN-106693,ORD-506693,SALE,DL-90000998,MXN,matched,engine,18.20,18.20,18.20,0.00
dlocal,TXN-106825,ORD-506825,SALE,DL-90001130,BRL,matched,engine,16.68,16.68,16.68,0.00
dlocal,TXN-106750,ORD-506750,SALE,DL-90001055,MXN,matched_declined,engine,0.00,0.00,0.00,0.00
dlocal,TXN-106363,ORD-506363,SALE,DL-90000668,BRL,matched,engine,37.08,37.08,37.08,0.00
dlocal,TXN-106919,ORD-506919,SALE,DL-90001224,BRL,matched,engine,6.47,6.47,6.47,0.00
dlocal,TXN-106541,ORD-506541,SALE,DL-90000846,BRL,matched,engine,6.47,6.47,6.47,0.00
dlocal,TXN-106876,ORD-506876,SALE,DL-90001181,BRL,matched,engine,6.47,6.47,6.47,0.00
dlocal,TXN-106143,ORD-506143,SALE,DL-90000448,MXN,matched,engine,3.26,3.26,3.26,0.00
dlocal,TXN-105897,ORD-505897,SALE,DL-90000202,BRL,matched,engine,6.47,6.47,6.47,0.00
dlocal,TXN-106901,ORD-506901,SALE,DL-90001206,BRL,matched,engine,37.08,37.08,37.08,0.00
dlocal,TXN-105826,ORD-505826,SALE,DL-90000131,MXN,matched,engine,44.19,44.19,44.19,0.00
dlocal,TXN-105915,ORD-505915,SALE,DL-90000220,MXN,matched,engine,7.14,7.14,7.14,0.00
dlocal,TXN-106400,ORD-506400,SALE,DL-90000705,BRL,matched,engine,6.47,6.47,6.47,0.00
dlocal,TXN-106609,ORD-506609,SALE,DL-90000914,BRL,matched,engine,6.47,6.47,6.47,0.00
dlocal,TXN-105783,ORD-505783,SALE,DL-90000088,BRL,matched,engine,6.47,6.47,6.47,0.00
dlocal,TXN-106870,ORD-506870,SALE,DL-90001175,ARS,matched,engine,2.18,2.18,2.18,0.00
dlocal,TXN-106382,ORD-506382,SALE,DL-90000687,BRL,matched,engine,37.08,37.08,37.08,0.00
dlocal,TXN-106918,ORD-506918,SALE,DL-90001223,BRL,matched,engine,6.47,6.47,6.47,0.00
dlocal,TXN-105785,ORD-505785,SALE,DL-90000090,COP,matched,engine,7.39,7.39,7.39,0.00
dlocal,TXN-105919,ORD-505919,SALE,DL-90000224,BRL,matched,engine,16.68,16.68,16.68,0.00
dlocal,TXN-106713,ORD-506713,SALE,DL-90001018,MXN,matched,engine,18.20,18.20,18.20,0.00
dlocal,TXN-106512,ORD-506512,SALE,DL-90000817,BRL,matched,engine,6.47,6.47,6.47,0.00
dlocal,TXN-106273,ORD-506273,SALE,DL-90000578,ARS,matched,engine,5.02,5.02,5.02,0.00
dlocal,TXN-105930,ORD-505930,SALE,DL-90000235,BRL,matched,engine,6.47,6.47,6.47,0.00
dlocal,TXN-106196,ORD-506196,SALE,DL-90000501,COP,matched_declined,engine,0.00,0.00,0.00,0.00
dlocal,TXN-106709,ORD-506709,SALE,DL-90001014,ARS,matched,engine,2.18,2.18,2.18,0.00
dlocal,TXN-105702,ORD-505702,SALE,DL-90000007,BRL,matched,engine,16.62,16.62,16.62,0.00
dlocal,TXN-105770,ORD-505770,SALE,DL-90000075,BRL,matched,engine,6.45,6.45,6.45,0.00
dlocal,TXN-105809,ORD-505809,SALE,DL-90000114,MXN,matched,engine,7.14,7.14,7.14,0.00
dlocal,TXN-105734,ORD-505734,SALE,DL-90000039,BRL,matched,engine,6.45,6.45,6.45,0.00
dlocal,TXN-105779,ORD-505779,SALE,DL-90000084,BRL,matched,engine,36.95,36.95,36.95,0.00
dlocal,TXN-106138,ORD-506138,SALE,DL-90000443,BRL,matched,engine,3.12,3.12,3.12,0.00
dlocal,TXN-106467,ORD-506467,SALE,DL-90000772,COP,matched,engine,7.36,7.36,7.36,0.00
dlocal,TXN-106065,ORD-506065,SALE,DL-90000370,ARS,matched,engine,2.17,2.17,2.17,0.00
dlocal,TXN-105843,ORD-505843,SALE,DL-90000148,MXN,matched,engine,7.14,7.14,7.14,0.00
dlocal,TXN-106357,ORD-506357,SALE,DL-90000662,CLP,matched,engine,7.44,7.44,7.44,0.00
dlocal,TXN-106185,ORD-506185,SALE,DL-90000490,MXN,matched,engine,7.14,7.14,7.14,0.00
dlocal,TXN-106076,ORD-506076,SALE,DL-90000381,COP,matched,engine,7.36,7.36,7.36,0.00
dlocal,TXN-105893,ORD-505893,SALE,DL-90000198,BRL,matched,engine,6.45,6.45,6.45,0.00
dlocal,TXN-106184,ORD-506184,SALE,DL-90000489,MXN,matched,engine,7.14,7.14,7.14,0.00
dlocal,TXN-106375,ORD-506375,SALE,DL-90000680,BRL,matched,engine,36.95,36.95,36.95,0.00
dlocal,TXN-106209,ORD-506209,SALE,DL-90000514,BRL,matched,engine,36.95,36.95,36.95,0.00
dlocal,TXN-106057,ORD-506057,SALE,DL-90000362,MXN,matched,engine,7.14,7.14,7.14,0.00
dlocal,TXN-106291,ORD-506291,SALE,DL-90000596,COP,matched,engine,7.36,7.36,7.36,0.00
dlocal,TXN-106763,ORD-506763,SALE,DL-90001068,BRL,matched,engine,36.95,36.95,36.95,0.00
dlocal,TXN-106286,ORD-506286,SALE,DL-90000591,MXN,matched,engine,7.14,7.14,7.14,0.00
dlocal,TXN-106778,ORD-506778,SALE,DL-90001083,MXN,matched,engine,18.20,18.20,18.20,0.00
dlocal,TXN-106019,ORD-506019,SALE,DL-90000324,MXN,matched,engine,44.20,44.20,44.20,0.00
dlocal,TXN-105781,ORD-505781,SALE,DL-90000086,CLP,matched,engine,19.16,19.16,19.16,0.00
dlocal,TXN-106332,ORD-506332,SALE,DL-90000637,MXN,matched,engine,3.26,3.26,3.26,0.00
dlocal,TXN-106062,ORD-506062,SALE,DL-90000367,BRL,matched,engine,6.45,6.45,6.45,0.00
dlocal,TXN-106037,ORD-506037,SALE,DL-90000342,BRL,matched,engine,3.12,3.12,3.12,0.00
dlocal,TXN-106275,ORD-506275,SALE,DL-90000580,BRL,matched,engine,6.45,6.45,6.45,0.00
dlocal,TXN-106899,ORD-506899,SALE,DL-90001204,BRL,matched,engine,6.45,6.45,6.45,0.00
dlocal,TXN-106443,ORD-506443,SALE,DL-90000748,CLP,matched,engine,19.16,19.16,19.16,0.00
dlocal,TXN-106524,ORD-506524,SALE,DL-90000829,ARS,matched,engine,33.40,33.40,33.40,0.00
dlocal,TXN-106657,ORD-506657,SALE,DL-90000962,CLP,matched,engine,7.44,7.44,7.44,0.00
dlocal,TXN-106742,ORD-506742,SALE,DL-90001047,COP,matched,engine,7.36,7.36,7.36,0.00
dlocal,TXN-105772,ORD-505772,SALE,DL-90000077,COP,matched,engine,7.36,7.36,7.36,0.00
dlocal,TXN-106272,ORD-506272,SALE,DL-90000577,BRL,matched,engine,6.45,6.45,6.45,0.00
dlocal,TXN-106671,ORD-506671,SALE,DL-90000976,MXN,matched,engine,7.14,7.14,7.14,0.00
dlocal,TXN-106379,ORD-506379,SALE,DL-90000684,MXN,matched,engine,18.20,18.20,18.20,0.00
dlocal,TXN-105830,ORD-505830,SALE,DL-90000135,BRL,matched,engine,36.95,36.95,36.95,0.00
dlocal,TXN-106888,ORD-506888,SALE,DL-90001193,COP,matched,engine,7.36,7.36,7.36,0.00
dlocal,TXN-106643,ORD-506643,SALE,DL-90000948,MXN,matched,engine,18.20,18.20,18.20,0.00
dlocal,TXN-106029,ORD-506029,SALE,DL-90000334,MXN,matched,engine,7.14,7.14,7.14,0.00
dlocal,TXN-106384,ORD-506384,SALE,DL-90000689,BRL,matched,engine,36.95,36.95,36.95,0.00
dlocal,TXN-105888,ORD-505888,SALE,DL-90000193,COP,matched,engine,7.36,7.36,7.36,0.00
dlocal,TXN-106118,ORD-506118,SALE,DL-90000423,ARS,matched,engine,5.01,5.01,5.01,0.00
dlocal,TXN-106659,ORD-506659,SALE,DL-90000964,BRL,matched_declined,engine,0.00,0.00,0.00,0.00
dlocal,TXN-106139,ORD-506139,SALE,DL-90000444,CLP,matched,engine,7.44,7.44,7.44,0.00
dlocal,TXN-106010,ORD-506010,SALE,DL-90000315,BRL,matched,engine,3.12,3.12,3.12,0.00
dlocal,TXN-106282,ORD-506282,SALE,DL-90000587,BRL,matched,engine,36.95,36.95,36.95,0.00
dlocal,TXN-105765,ORD-505765,SALE,DL-90000070,BRL,matched,engine,16.62,16.62,16.62,0.00
dlocal,TXN-106227,ORD-506227,SALE,DL-90000532,BRL,matched,engine,36.95,36.95,36.95,0.00
dlocal,TXN-106297,ORD-506297,SALE,DL-90000602,MXN,matched,engine,7.14,7.14,7.14,0.00
dlocal,TXN-107918,ORD-506209,REFUND,DL-90001296,BRL,matched,engine,-36.95,-36.95,-36.95,0.00
dlocal,TXN-106935,ORD-506935,SALE,DL-90001240,ARS,matched_declined,engine,0.00,0.00,0.00,0.00
dlocal,TXN-106760,ORD-506760,SALE,DL-90001065,BRL,matched,engine,6.45,6.45,6.45,0.00
dlocal,TXN-106335,ORD-506335,SALE,DL-90000640,BRL,matched,engine,36.95,36.95,36.95,0.00
dlocal,TXN-105881,ORD-505881,SALE,DL-90000186,COP,matched,engine,3.17,3.17,3.17,0.00
dlocal,TXN-106597,ORD-506597,SALE,DL-90000902,BRL,matched,engine,36.95,36.95,36.95,0.00
dlocal,TXN-106945,ORD-506945,SALE,DL-90001250,MXN,matched,engine,7.14,7.14,7.14,0.00
dlocal,TXN-106614,ORD-506614,SALE,DL-90000919,BRL,matched,engine,16.62,16.62,16.62,0.00
dlocal,TXN-106621,ORD-506621,SALE,DL-90000926,BRL,matched,engine,36.95,36.95,36.95,0.00
dlocal,TXN-106052,ORD-506052,SALE,DL-90000357,ARS,matched,engine,5.01,5.01,5.01,0.00
dlocal,TXN-105938,ORD-505938,SALE,DL-90000243,BRL,matched,engine,3.12,3.12,3.12,0.00
dlocal,TXN-105842,ORD-505842,SALE,DL-90000147,BRL,matched,engine,6.45,6.45,6.45,0.00
dlocal,TXN-106865,ORD-506865,SALE,DL-90001170,BRL,matched,engine,6.45,6.45,6.45,0.00
dlocal,TXN-106300,ORD-506300,SALE,DL-90000605,BRL,matched,engine,6.45,6.45,6.45,0.00
dlocal,TXN-105878,ORD-505878,SALE,DL-90000183,MXN,matched,engine,3.26,3.26,3.26,0.00
dlocal,TXN-106176,ORD-506176,SALE,DL-90000481,CLP,matched,engine,7.44,7.44,7.44,0.00
dlocal,TXN-105767,ORD-505767,SALE,DL-90000072,MXN,matched,engine,7.14,7.14,7.14,0.00
dlocal,TXN-106851,ORD-506851,SALE,DL-90001156,BRL,matched,engine,6.45,6.45,6.45,0.00
dlocal,TXN-105841,ORD-505841,SALE,DL-90000146,MXN,matched,engine,7.14,7.14,7.14,0.00
dlocal,TXN-106134,ORD-506134,SALE,DL-90000439,ARS,matched,engine,13.36,13.36,13.36,0.00
dlocal,TXN-106416,ORD-506416,SALE,DL-90000721,COP,matched,engine,49.18,49.18,49.18,0.00
dlocal,TXN-106477,ORD-506477,SALE,DL-90000782,MXN,matched_declined,engine,0.00,0.00,0.00,0.00
dlocal,TXN-106491,ORD-506491,SALE,DL-90000796,MXN,matched,engine,7.14,7.14,7.14,0.00
dlocal,TXN-106783,ORD-506783,SALE,DL-90001088,BRL,matched,engine,3.12,3.12,3.12,0.00
dlocal,TXN-106135,ORD-506135,SALE,DL-90000440,MXN,matched,engine,7.14,7.14,7.14,0.00
dlocal,TXN-106893,ORD-506893,SALE,DL-90001198,BRL,matched_declined,engine,0.00,0.00,0.00,0.00
dlocal,TXN-105707,ORD-505707,SALE,DL-90000012,BRL,matched,engine,6.45,6.45,6.45,0.00
dlocal,TXN-106824,ORD-506824,SALE,DL-90001129,ARS,matched,engine,5.01,5.01,5.01,0.00
dlocal,TXN-106101,ORD-506101,SALE,DL-90000406,ARS,matched,engine,5.01,5.01,5.01,0.00
dlocal,TXN-106751,ORD-506751,SALE,DL-90001056,MXN,matched_declined,engine,0.00,0.00,0.00,0.00
dlocal,TXN-106247,ORD-506247,SALE,DL-90000552,BRL,matched,engine,36.95,36.95,36.95,0.00
dlocal,TXN-106221,ORD-506221,SALE,DL-90000526,CLP,matched,engine,7.44,7.44,7.44,0.00
dlocal,TXN-106061,ORD-506061,SALE,DL-90000366,MXN,matched,engine,7.14,7.14,7.14,0.00
dlocal,TXN-106746,ORD-506746,SALE,DL-90001051,BRL,matched,engine,6.45,6.45,6.45,0.00
dlocal,TXN-106930,ORD-506930,SALE,DL-90001235,CLP,matched,engine,7.44,7.44,7.44,0.00
dlocal,TXN-106462,ORD-506462,SALE,DL-90000767,MXN,matched,engine,7.14,7.14,7.14,0.00
dlocal,TXN-106900,ORD-506900,SALE,DL-90001205,BRL,matched,engine,6.45,6.45,6.45,0.00
dlocal,TXN-105999,ORD-505999,SALE,DL-90000304,ARS,matched,engine,5.01,5.01,5.01,0.00
dlocal,TXN-106202,ORD-506202,SALE,DL-90000507,BRL,matched,engine,6.45,6.45,6.45,0.00
dlocal,TXN-105960,ORD-505960,SALE,DL-90000265,MXN,matched,engine,7.14,7.14,7.14,0.00
dlocal,TXN-106840,ORD-506840,SALE,DL-90001145,BRL,matched,engine,6.45,6.45,6.45,0.00
dlocal,TXN-105705,ORD-505705,SALE,DL-90000010,BRL,matched,engine,3.12,3.12,3.12,0.00
dlocal,TXN-106276,ORD-506276,SALE,DL-90000581,MXN,matched,engine,7.14,7.14,7.14,0.00
dlocal,TXN-105939,ORD-505939,SALE,DL-90000244,CLP,matched,engine,7.44,7.44,7.44,0.00
dlocal,TXN-106911,ORD-506911,SALE,DL-90001216,BRL,matched,engine,36.95,36.95,36.95,0.00
dlocal,TXN-105901,ORD-505901,SALE,DL-90000206,BRL,matched,engine,6.45,6.45,6.45,0.00
dlocal,TXN-105862,ORD-505862,SALE,DL-90000167,BRL,matched,engine,6.45,6.45,6.45,0.00
dlocal,TXN-107914,ORD-506012,REFUND,DL-90001292,BRL,matched,engine,-36.95,-36.95,-36.95,0.00
dlocal,TXN-106863,ORD-506863,SALE,DL-90001168,BRL,matched,engine,16.62,16.62,16.62,0.00
dlocal,TXN-106660,ORD-506660,SALE,DL-90000965,BRL,matched,engine,6.45,6.45,6.45,0.00
dlocal,TXN-106531,ORD-506531,SALE,DL-90000836,BRL,matched_declined,engine,0.00,0.00,0.00,0.00
dlocal,TXN-105817,ORD-505817,SALE,DL-90000122,ARS,matched,engine,33.40,33.40,33.40,0.00
dlocal,TXN-105784,ORD-505784,SALE,DL-90000089,ARS,matched,engine,5.01,5.01,5.01,0.00
dlocal,TXN-105874,ORD-505874,SALE,DL-90000179,BRL,matched,engine,6.45,6.45,6.45,0.00
dlocal,TXN-106683,ORD-506683,SALE,DL-90000988,MXN,matched,engine,7.14,7.14,7.14,0.00
dlocal,TXN-105782,ORD-505782,SALE,DL-90000087,BRL,matched,engine,6.45,6.45,6.45,0.00
dlocal,TXN-106518,ORD-506518,SALE,DL-90000823,BRL,matched,engine,6.45,6.45,6.45,0.00
dlocal,TXN-106934,ORD-506934,SALE,DL-90001239,MXN,matched,engine,3.26,3.26,3.26,0.00
dlocal,TXN-106766,ORD-506766,SALE,DL-90001071,COP,matched,engine,3.17,3.17,3.17,0.00
dlocal,TXN-106534,ORD-506534,SALE,DL-90000839,BRL,matched_declined,engine,0.00,0.00,0.00,0.00
dlocal,TXN-106532,ORD-506532,SALE,DL-90000837,CLP,matched,engine,4.25,4.25,4.25,0.00
dlocal,TXN-106136,ORD-506136,SALE,DL-90000441,BRL,matched,engine,16.62,16.62,16.62,0.00
dlocal,TXN-106228,ORD-506228,SALE,DL-90000533,BRL,matched,engine,6.45,6.45,6.45,0.00
dlocal,TXN-105946,ORD-505946,SALE,DL-90000251,COP,matched,engine,49.18,49.18,49.18,0.00
dlocal,TXN-105776,ORD-505776,SALE,DL-90000081,BRL,matched,engine,6.45,6.45,6.45,0.00
dlocal,TXN-107910,ORD-505864,REFUND,DL-90001288,BRL,matched,engine,-3.23,-3.23,-3.23,0.00
dlocal,TXN-106050,ORD-506050,SALE,DL-90000355,BRL,matched,engine,6.45,6.45,6.45,0.00
dlocal,TXN-105997,ORD-505997,SALE,DL-90000302,BRL,matched,engine,6.45,6.45,6.45,0.00
dlocal,TXN-105986,ORD-505986,SALE,DL-90000291,MXN,matched,engine,18.20,18.20,18.20,0.00
dlocal,TXN-107961,ORD-507787,SALE,DL-90001310,BRL,status_mismatch,provider,6.45,0.00,0.00,-6.45
dlocal,TXN-106022,ORD-506022,SALE,DL-90000327,CLP,matched_declined,engine,0.00,0.00,0.00,0.00
dlocal,TXN-106358,ORD-506358,SALE,DL-90000663,BRL,matched_declined,engine,0.00,0.00,0.00,0.00
dlocal,TXN-105818,ORD-505818,SALE,DL-90000123,BRL,matched,engine,36.95,36.95,36.95,0.00
dlocal,TXN-105976,ORD-505976,SALE,DL-90000281,MXN,matched,engine,18.20,18.20,18.20,0.00
dlocal,TXN-106794,ORD-506794,SALE,DL-90001099,BRL,matched,engine,16.62,16.62,16.62,0.00
dlocal,TXN-106038,ORD-506038,SALE,DL-90000343,MXN,matched,engine,7.12,7.12,7.12,0.00
dlocal,TXN-105796,ORD-505796,SALE,DL-90000101,COP,matched,engine,7.33,7.33,7.33,0.00
dlocal,TXN-106188,ORD-506188,SALE,DL-90000493,BRL,matched,engine,6.46,6.46,6.46,0.00
dlocal,TXN-105766,ORD-505766,SALE,DL-90000071,MXN,matched,engine,18.15,18.15,18.15,0.00
dlocal,TXN-106314,ORD-506314,SALE,DL-90000619,ARS,matched,engine,33.48,33.48,33.48,0.00
dlocal,TXN-106808,ORD-506808,SALE,DL-90001113,BRL,matched,engine,16.63,16.63,16.63,0.00
dlocal,TXN-106240,ORD-506240,SALE,DL-90000545,BRL,matched_declined,engine,0.00,0.00,0.00,0.00
dlocal,TXN-106598,ORD-506598,SALE,DL-90000903,MXN,matched,engine,7.12,7.12,7.12,0.00
dlocal,TXN-106599,ORD-506599,SALE,DL-90000904,COP,matched,engine,7.33,7.33,7.33,0.00
dlocal,TXN-107964,ORD-507790,SALE,DL-90001312,MXN,engine_fx_rate_error,provider,799.00,44.08,44.08,-754.92
dlocal,TXN-105896,ORD-505896,SALE,DL-90000201,BRL,matched,engine,6.46,6.46,6.46,0.00
dlocal,TXN-106224,ORD-506224,SALE,DL-90000529,MXN,matched,engine,7.12,7.12,7.12,0.00
dlocal,TXN-106787,ORD-506787,SALE,DL-90001092,COP,matched,engine,19.58,19.58,19.58,0.00
dlocal,TXN-106044,ORD-506044,SALE,DL-90000349,CLP,matched,engine,7.42,7.42,7.42,0.00
dlocal,TXN-106263,ORD-506263,SALE,DL-90000568,COP,matched,engine,7.33,7.33,7.33,0.00
dlocal,TXN-106311,ORD-506311,SALE,DL-90000616,COP,matched,engine,19.58,19.58,19.58,0.00
dlocal,TXN-106813,ORD-506813,SALE,DL-90001118,CLP,matched_declined,engine,0.00,0.00,0.00,0.00
dlocal,TXN-106220,ORD-506220,SALE,DL-90000525,BRL,matched,engine,6.46,6.46,6.46,0.00
dlocal,TXN-105880,ORD-505880,SALE,DL-90000185,MXN,matched,engine,7.12,7.12,7.12,0.00
dlocal,TXN-106114,ORD-506114,SALE,DL-90000419,BRL,matched,engine,3.13,3.13,3.13,0.00
dlocal,TXN-105907,ORD-505907,SALE,DL-90000212,ARS,matched,engine,33.48,33.48,33.48,0.00
dlocal,TXN-106605,ORD-506605,SALE,DL-90000910,CLP,matched,engine,7.42,7.42,7.42,0.00
dlocal,TXN-105791,ORD-505791,SALE,DL-90000096,MXN,matched,engine,18.15,18.15,18.15,0.00
dlocal,TXN-106034,ORD-506034,SALE,DL-90000339,MXN,matched,engine,18.15,18.15,18.15,0.00
dlocal,TXN-105995,ORD-505995,SALE,DL-90000300,BRL,matched,engine,6.46,6.46,6.46,0.00
dlocal,TXN-106039,ORD-506039,SALE,DL-90000344,BRL,matched,engine,16.63,16.63,16.63,0.00
dlocal,TXN-106625,ORD-506625,SALE,DL-90000930,BRL,matched_declined,engine,0.00,0.00,0.00,0.00
dlocal,TXN-106308,ORD-506308,SALE,DL-90000613,BRL,matched,engine,3.13,3.13,3.13,0.00
dlocal,TXN-106629,ORD-506629,SALE,DL-90000934,BRL,matched_declined,engine,0.00,0.00,0.00,0.00
dlocal,TXN-106697,ORD-506697,SALE,DL-90001002,CLP,matched,engine,7.42,7.42,7.42,0.00
dlocal,TXN-106461,ORD-506461,SALE,DL-90000766,MXN,matched,engine,3.25,3.25,3.25,0.00
dlocal,TXN-105795,ORD-505795,SALE,DL-90000100,BRL,matched,engine,3.13,3.13,3.13,0.00
dlocal,TXN-106389,ORD-506389,SALE,DL-90000694,BRL,matched,engine,6.45,6.45,6.45,0.00
dlocal,TXN-105936,ORD-505936,SALE,DL-90000241,BRL,matched,engine,16.60,16.60,16.60,0.00
dlocal,TXN-106403,ORD-506403,SALE,DL-90000708,CLP,matched,engine,7.40,7.40,7.40,0.00
dlocal,TXN-106253,ORD-506253,SALE,DL-90000558,COP,matched,engine,7.36,7.36,7.36,0.00
dlocal,TXN-106933,ORD-506933,SALE,DL-90001238,BRL,matched,engine,6.45,6.45,6.45,0.00
dlocal,TXN-106804,ORD-506804,SALE,DL-90001109,ARS,matched,engine,13.38,13.38,13.38,0.00
dlocal,TXN-106232,ORD-506232,SALE,DL-90000537,ARS,matched,engine,2.17,2.17,2.17,0.00
dlocal,TXN-105714,ORD-505714,SALE,DL-90000019,COP,matched,engine,19.66,19.66,19.66,0.00
dlocal,TXN-106098,ORD-506098,SALE,DL-90000403,MXN,matched,engine,7.13,7.13,7.13,0.00
dlocal,TXN-106583,ORD-506583,SALE,DL-90000888,MXN,matched_declined,engine,0.00,0.00,0.00,0.00
dlocal,TXN-105993,ORD-505993,SALE,DL-90000298,BRL,matched,engine,16.60,16.60,16.60,0.00
dlocal,TXN-106073,ORD-506073,SALE,DL-90000378,CLP,matched,engine,47.64,47.64,47.64,0.00
dlocal,TXN-106257,ORD-506257,SALE,DL-90000562,COP,matched,engine,7.36,7.36,7.36,0.00
dlocal,TXN-105928,ORD-505928,SALE,DL-90000233,BRL,matched,engine,6.45,6.45,6.45,0.00
dlocal,TXN-106344,ORD-506344,SALE,DL-90000649,CLP,matched,engine,7.40,7.40,7.40,0.00
dlocal,TXN-106738,ORD-506738,SALE,DL-90001043,MXN,matched,engine,44.13,44.13,44.13,0.00
dlocal,TXN-106734,ORD-506734,SALE,DL-90001039,CLP,matched,engine,19.05,19.05,19.05,0.00
dlocal,TXN-106334,ORD-506334,SALE,DL-90000639,MXN,matched,engine,3.26,3.26,3.26,0.00
dlocal,TXN-106775,ORD-506775,SALE,DL-90001080,BRL,matched,engine,6.45,6.45,6.45,0.00
dlocal,TXN-106603,ORD-506603,SALE,DL-90000908,CLP,matched,engine,7.40,7.40,7.40,0.00
dlocal,TXN-106620,ORD-506620,SALE,DL-90000925,BRL,matched,engine,6.45,6.45,6.45,0.00
dlocal,TXN-106103,ORD-506103,SALE,DL-90000408,BRL,matched,engine,6.45,6.45,6.45,0.00
dlocal,TXN-106795,ORD-506795,SALE,DL-90001100,MXN,matched,engine,18.17,18.17,18.17,0.00
dlocal,TXN-105884,ORD-505884,SALE,DL-90000189,BRL,matched,engine,36.92,36.92,36.92,0.00
dlocal,TXN-106850,ORD-506850,SALE,DL-90001155,COP,matched,engine,7.36,7.36,7.36,0.00
dlocal,TXN-105991,ORD-505991,SALE,DL-90000296,CLP,matched,engine,19.05,19.05,19.05,0.00
dlocal,TXN-105866,ORD-505866,SALE,DL-90000171,MXN,matched,engine,7.13,7.13,7.13,0.00
dlocal,TXN-105798,ORD-505798,SALE,DL-90000103,BRL,matched,engine,6.45,6.45,6.45,0.00
dlocal,TXN-106414,ORD-506414,SALE,DL-90000719,BRL,matched,engine,6.45,6.45,6.45,0.00
dlocal,TXN-106256,ORD-506256,SALE,DL-90000561,COP,matched,engine,7.36,7.36,7.36,0.00
dlocal,TXN-106661,ORD-506661,SALE,DL-90000966,MXN,matched,engine,7.13,7.13,7.13,0.00
dlocal,TXN-106359,ORD-506359,SALE,DL-90000664,MXN,matched,engine,7.13,7.13,7.13,0.00
dlocal,TXN-106137,ORD-506137,SALE,DL-90000442,COP,matched,engine,3.17,3.17,3.17,0.00
dlocal,TXN-106399,ORD-506399,SALE,DL-90000704,BRL,matched,engine,6.45,6.45,6.45,0.00
dlocal,TXN-106898,ORD-506898,SALE,DL-90001203,MXN,matched,engine,7.13,7.13,7.13,0.00
dlocal,TXN-106665,ORD-506665,SALE,DL-90000970,BRL,matched,engine,16.60,16.60,16.60,0.00
dlocal,TXN-106670,ORD-506670,SALE,DL-90000975,CLP,matched,engine,47.64,47.64,47.64,0.00
dlocal,TXN-106394,ORD-506394,SALE,DL-90000699,MXN,matched_declined,engine,0.00,0.00,0.00,0.00
dlocal,TXN-106530,ORD-506530,SALE,DL-90000835,ARS,matched,engine,5.02,5.02,5.02,0.00
dlocal,TXN-106123,ORD-506123,SALE,DL-90000428,BRL,matched,engine,36.92,36.92,36.92,0.00
dlocal,TXN-106699,ORD-506699,SALE,DL-90001004,MXN,matched,engine,7.13,7.13,7.13,0.00
dlocal,TXN-105989,ORD-505989,SALE,DL-90000294,COP,matched,engine,7.36,7.36,7.36,0.00
dlocal,TXN-106260,ORD-506260,SALE,DL-90000565,COP,matched,engine,19.58,19.58,19.58,0.00
dlocal,TXN-106640,ORD-506640,SALE,DL-90000945,BRL,matched,engine,6.45,6.45,6.45,0.00
dlocal,TXN-105820,ORD-505820,SALE,DL-90000125,BRL,matched_declined,engine,0.00,0.00,0.00,0.00
dlocal,TXN-106770,ORD-506770,SALE,DL-90001075,BRL,matched,engine,6.45,6.45,6.45,0.00
dlocal,TXN-106033,ORD-506033,SALE,DL-90000338,MXN,matched,engine,7.14,7.14,7.14,0.00
dlocal,TXN-106133,ORD-506133,SALE,DL-90000438,MXN,matched,engine,7.14,7.14,7.14,0.00
dlocal,TXN-105773,ORD-505773,SALE,DL-90000078,MXN,matched,engine,18.20,18.20,18.20,0.00
dlocal,TXN-106391,ORD-506391,SALE,DL-90000696,BRL,matched,engine,16.61,16.61,16.61,0.00
dlocal,TXN-105994,ORD-505994,SALE,DL-90000299,MXN,matched,engine,7.14,7.14,7.14,0.00
dlocal,TXN-105940,ORD-505940,SALE,DL-90000245,BRL,matched,engine,6.45,6.45,6.45,0.00
dlocal,TXN-106868,ORD-506868,SALE,DL-90001173,MXN,matched,engine,7.14,7.14,7.14,0.00
dlocal,TXN-105983,ORD-505983,SALE,DL-90000288,BRL,matched_declined,engine,0.00,0.00,0.00,0.00
dlocal,TXN-106407,ORD-506407,SALE,DL-90000712,CLP,matched,engine,47.64,47.64,47.64,0.00
dlocal,TXN-106708,ORD-506708,SALE,DL-90001013,COP,matched,engine,7.33,7.33,7.33,0.00
dlocal,TXN-106195,ORD-506195,SALE,DL-90000500,BRL,matched,engine,6.45,6.45,6.45,0.00
dlocal,TXN-105834,ORD-505834,SALE,DL-90000139,MXN,matched,engine,7.14,7.14,7.14,0.00
dlocal,TXN-105948,ORD-505948,SALE,DL-90000253,BRL,matched,engine,36.93,36.93,36.93,0.00
dlocal,TXN-106772,ORD-506772,SALE,DL-90001077,COP,matched,engine,7.33,7.33,7.33,0.00
dlocal,TXN-106208,ORD-506208,SALE,DL-90000513,BRL,matched,engine,16.61,16.61,16.61,0.00
dlocal,TXN-106788,ORD-506788,SALE,DL-90001093,CLP,matched_declined,engine,0.00,0.00,0.00,0.00
dlocal,TXN-106046,ORD-506046,SALE,DL-90000351,BRL,matched_declined,engine,0.00,0.00,0.00,0.00
dlocal,TXN-106457,ORD-506457,SALE,DL-90000762,MXN,matched,engine,7.14,7.14,7.14,0.00
dlocal,TXN-106004,ORD-506004,SALE,DL-90000309,CLP,matched,engine,7.40,7.40,7.40,0.00
dlocal,TXN-106116,ORD-506116,SALE,DL-90000421,BRL,matched,engine,16.61,16.61,16.61,0.00
dlocal,TXN-106944,ORD-506944,SALE,DL-90001249,BRL,matched,engine,3.12,3.12,3.12,0.00
dlocal,TXN-106178,ORD-506178,SALE,DL-90000483,CLP,matched_declined,engine,0.00,0.00,0.00,0.00
dlocal,TXN-106884,ORD-506884,SALE,DL-90001189,BRL,matched,engine,36.93,36.93,36.93,0.00
dlocal,TXN-106102,ORD-506102,SALE,DL-90000407,MXN,matched,engine,18.20,18.20,18.20,0.00
dlocal,TXN-106696,ORD-506696,SALE,DL-90001001,MXN,matched,engine,7.14,7.14,7.14,0.00
dlocal,TXN-106024,ORD-506024,SALE,DL-90000329,CLP,matched,engine,7.40,7.40,7.40,0.00
dlocal,TXN-106348,ORD-506348,SALE,DL-90000653,BRL,matched,engine,6.45,6.45,6.45,0.00
dlocal,TXN-106294,ORD-506294,SALE,DL-90000599,ARS,matched,engine,33.40,33.40,33.40,0.00
dlocal,TXN-106225,ORD-506225,SALE,DL-90000530,MXN,matched,engine,7.14,7.14,7.14,0.00
dlocal,TXN-105918,ORD-505918,SALE,DL-90000223,MXN,matched,engine,3.26,3.26,3.26,0.00
dlocal,TXN-105968,ORD-505968,SALE,DL-90000273,CLP,matched,engine,19.05,19.05,19.05,0.00
dlocal,TXN-106543,ORD-506543,SALE,DL-90000848,COP,matched,engine,7.33,7.33,7.33,0.00
dlocal,TXN-106110,ORD-506110,SALE,DL-90000415,ARS,matched,engine,13.36,13.36,13.36,0.00
dlocal,TXN-106519,ORD-506519,SALE,DL-90000824,MXN,matched,engine,7.14,7.14,7.14,0.00
dlocal,TXN-105903,ORD-505903,SALE,DL-90000208,ARS,matched,engine,5.01,5.01,5.01,0.00
dlocal,TXN-106584,ORD-506584,SALE,DL-90000889,BRL,matched,engine,16.61,16.61,16.61,0.00
dlocal,TXN-106548,ORD-506548,SALE,DL-90000853,MXN,matched,engine,7.14,7.14,7.14,0.00
dlocal,TXN-105899,ORD-505899,SALE,DL-90000204,BRL,matched_declined,engine,0.00,0.00,0.00,0.00
dlocal,TXN-105802,ORD-505802,SALE,DL-90000107,MXN,matched,engine,18.20,18.20,18.20,0.00
dlocal,TXN-105984,ORD-505984,SALE,DL-90000289,MXN,matched,engine,7.14,7.14,7.14,0.00
dlocal,TXN-106565,ORD-506565,SALE,DL-90000870,BRL,matched,engine,3.12,3.12,3.12,0.00
dlocal,TXN-105924,ORD-505924,SALE,DL-90000229,CLP,matched,engine,7.40,7.40,7.40,0.00
dlocal,TXN-106932,ORD-506932,SALE,DL-90001237,CLP,matched,engine,19.09,19.09,19.09,0.00
dlocal,TXN-106378,ORD-506378,SALE,DL-90000683,BRL,matched,engine,36.79,36.79,36.79,0.00
dlocal,TXN-106299,ORD-506299,SALE,DL-90000604,MXN,matched,engine,44.15,44.15,44.15,0.00
dlocal,TXN-106695,ORD-506695,SALE,DL-90001000,BRL,matched_declined,engine,0.00,0.00,0.00,0.00
dlocal,TXN-106632,ORD-506632,SALE,DL-90000937,BRL,matched,engine,36.79,36.79,36.79,0.00
dlocal,TXN-106570,ORD-506570,SALE,DL-90000875,BRL,matched_declined,engine,0.00,0.00,0.00,0.00
dlocal,TXN-106832,ORD-506832,SALE,DL-90001137,BRL,matched,engine,6.42,6.42,6.42,0.00
dlocal,TXN-105980,ORD-505980,SALE,DL-90000285,BRL,matched_declined,engine,0.00,0.00,0.00,0.00
dlocal,TXN-106189,ORD-506189,SALE,DL-90000494,BRL,matched,engine,36.79,36.79,36.79,0.00
dlocal,TXN-106129,ORD-506129,SALE,DL-90000434,COP,matched,engine,19.50,19.50,19.50,0.00
dlocal,TXN-106817,ORD-506817,SALE,DL-90001122,BRL,matched,engine,6.42,6.42,6.42,0.00
dlocal,TXN-106397,ORD-506397,SALE,DL-90000702,BRL,matched,engine,6.42,6.42,6.42,0.00
dlocal,TXN-106140,ORD-506140,SALE,DL-90000445,BRL,matched,engine,6.42,6.42,6.42,0.00
dlocal,TXN-106791,ORD-506791,SALE,DL-90001096,BRL,matched_declined,engine,0.00,0.00,0.00,0.00
dlocal,TXN-107920,ORD-506363,REFUND,DL-90001298,BRL,matched,engine,-36.79,-36.79,-36.79,0.00
dlocal,TXN-106386,ORD-506386,SALE,DL-90000691,ARS,matched,engine,13.31,13.31,13.31,0.00
dlocal,TXN-106448,ORD-506448,SALE,DL-90000753,ARS,matched_declined,engine,0.00,0.00,0.00,0.00
dlocal,TXN-105824,ORD-505824,SALE,DL-90000129,BRL,matched,engine,3.11,3.11,3.11,0.00
dlocal,TXN-106855,ORD-506855,SALE,DL-90001160,ARS,matched,engine,4.99,4.99,4.99,0.00
dlocal,TXN-105804,ORD-505804,SALE,DL-90000109,MXN,matched,engine,18.18,18.18,18.18,0.00
dlocal,TXN-106252,ORD-506252,SALE,DL-90000557,CLP,matched,engine,19.09,19.09,19.09,0.00
dlocal,TXN-107983,ORD-507807,REFUND,DL-90001315,BRL,amount_mismatch,provider,-11.04,-18.40,-18.40,-7.36
dlocal,TXN-106943,ORD-506943,SALE,DL-90001248,BRL,matched,engine,3.11,3.11,3.11,0.00
dlocal,TXN-106380,ORD-506380,SALE,DL-90000685,CLP,matched,engine,7.42,7.42,7.42,0.00
dlocal,TXN-105719,ORD-505719,SALE,DL-90000024,BRL,matched,engine,6.42,6.42,6.42,0.00
dlocal,TXN-106121,ORD-506121,SALE,DL-90000426,BRL,matched,engine,16.55,16.55,16.55,0.00
dlocal,TXN-106149,ORD-506149,SALE,DL-90000454,MXN,matched,engine,7.13,7.13,7.13,0.00
dlocal,TXN-105941,ORD-505941,SALE,DL-90000246,BRL,matched,engine,6.42,6.42,6.42,0.00
dlocal,TXN-106242,ORD-506242,SALE,DL-90000547,BRL,matched,engine,16.55,16.55,16.55,0.00
dlocal,TXN-106244,ORD-506244,SALE,DL-90000549,BRL,matched,engine,36.79,36.79,36.79,0.00
dlocal,TXN-106016,ORD-506016,SALE,DL-90000321,CLP,matched,engine,7.42,7.42,7.42,0.00
dlocal,TXN-106764,ORD-506764,SALE,DL-90001069,BRL,matched,engine,6.42,6.42,6.42,0.00
dlocal,TXN-105835,ORD-505835,SALE,DL-90000140,BRL,matched,engine,6.42,6.42,6.42,0.00
dlocal,TXN-105750,ORD-505750,SALE,DL-90000055,ARS,matched,engine,4.99,4.99,4.99,0.00
dlocal,TXN-106009,ORD-506009,SALE,DL-90000314,MXN,matched,engine,18.18,18.18,18.18,0.00
dlocal,TXN-106616,ORD-506616,SALE,DL-90000921,MXN,matched,engine,7.13,7.13,7.13,0.00
dlocal,TXN-106201,ORD-506201,SALE,DL-90000506,BRL,matched,engine,6.42,6.42,6.42,0.00
dlocal,TXN-105760,ORD-505760,SALE,DL-90000065,COP,matched_declined,engine,0.00,0.00,0.00,0.00
dlocal,TXN-106011,ORD-506011,SALE,DL-90000316,MXN,matched_declined,engine,0.00,0.00,0.00,0.00
dlocal,TXN-106867,ORD-506867,SALE,DL-90001172,COP,matched,engine,7.30,7.30,7.30,0.00
dlocal,TXN-105793,ORD-505793,SALE,DL-90000098,MXN,matched,engine,18.18,18.18,18.18,0.00
dlocal,TXN-106838,ORD-506838,SALE,DL-90001143,MXN,matched,engine,7.13,7.13,7.13,0.00
dlocal,TXN-107916,ORD-506103,REFUND,DL-90001294,BRL,matched,engine,-6.42,-6.42,-6.42,0.00
dlocal,TXN-106180,ORD-506180,SALE,DL-90000485,BRL,matched,engine,6.42,6.42,6.42,0.00
dlocal,TXN-107924,ORD-506784,REFUND,DL-90001302,CLP,matched,engine,-4.23,-4.23,-4.23,0.00
dlocal,TXN-106459,ORD-506459,SALE,DL-90000764,CLP,matched,engine,7.42,7.42,7.42,0.00
dlocal,TXN-106679,ORD-506679,SALE,DL-90000984,BRL,matched,engine,6.42,6.42,6.42,0.00
dlocal,TXN-106383,ORD-506383,SALE,DL-90000688,CLP,matched,engine,19.09,19.09,19.09,0.00
dlocal,TXN-106879,ORD-506879,SALE,DL-90001184,MXN,matched_declined,engine,0.00,0.00,0.00,0.00
dlocal,TXN-106351,ORD-506351,SALE,DL-90000656,MXN,matched_declined,engine,0.00,0.00,0.00,0.00
dlocal,TXN-106700,ORD-506700,SALE,DL-90001005,BRL,matched_declined,engine,0.00,0.00,0.00,0.00
dlocal,TXN-106914,ORD-506914,SALE,DL-90001219,BRL,matched,engine,6.42,6.42,6.42,0.00
dlocal,TXN-106720,ORD-506720,SALE,DL-90001025,CLP,matched,engine,7.42,7.42,7.42,0.00
dlocal,TXN-106164,ORD-506164,SALE,DL-90000469,MXN,matched,engine,7.13,7.13,7.13,0.00
dlocal,TXN-105844,ORD-505844,SALE,DL-90000149,MXN,matched_declined,engine,0.00,0.00,0.00,0.00
dlocal,TXN-106641,ORD-506641,SALE,DL-90000946,BRL,matched_declined,engine,0.00,0.00,0.00,0.00
dlocal,TXN-106904,ORD-506904,SALE,DL-90001209,COP,matched,engine,7.30,7.30,7.30,0.00
dlocal,TXN-106281,ORD-506281,SALE,DL-90000586,MXN,matched,engine,7.13,7.13,7.13,0.00
dlocal,TXN-107923,ORD-506746,REFUND,DL-90001301,BRL,matched,engine,-3.21,-3.21,-3.21,0.00
dlocal,TXN-105974,ORD-505974,SALE,DL-90000279,MXN,matched_declined,engine,0.00,0.00,0.00,0.00
dlocal,TXN-106315,ORD-506315,SALE,DL-90000620,BRL,matched,engine,6.42,6.42,6.42,0.00
dlocal,TXN-106776,ORD-506776,SALE,DL-90001081,BRL,matched,engine,16.55,16.55,16.55,0.00
dlocal,TXN-106636,ORD-506636,SALE,DL-90000941,BRL,matched,engine,6.42,6.42,6.42,0.00
dlocal,TXN-106169,ORD-506169,SALE,DL-90000474,BRL,matched,engine,3.11,3.11,3.11,0.00
dlocal,TXN-106295,ORD-506295,SALE,DL-90000600,MXN,matched_declined,engine,0.00,0.00,0.00,0.00
dlocal,TXN-106910,ORD-506910,SALE,DL-90001215,MXN,matched,engine,18.18,18.18,18.18,0.00
dlocal,TXN-107987,ORD-507810,SALE,DL-90001316,MXN,duplicate_row_in_export,engine,0.00,7.13,0.00,0.00
dlocal,TXN-106735,ORD-506735,SALE,DL-90001040,MXN,matched,engine,44.15,44.15,44.15,0.00
dlocal,TXN-105815,ORD-505815,SALE,DL-90000120,ARS,matched,engine,4.99,4.99,4.99,0.00
dlocal,TXN-106550,ORD-506550,SALE,DL-90000855,COP,matched,engine,7.30,7.30,7.30,0.00
dlocal,TXN-106349,ORD-506349,SALE,DL-90000654,MXN,matched,engine,7.13,7.13,7.13,0.00
dlocal,TXN-106211,ORD-506211,SALE,DL-90000516,BRL,matched_declined,engine,0.00,0.00,0.00,0.00
dlocal,TXN-106871,ORD-506871,SALE,DL-90001176,BRL,matched,engine,6.42,6.42,6.42,0.00
dlocal,TXN-105923,ORD-505923,SALE,DL-90000228,ARS,matched,engine,4.99,4.99,4.99,0.00
dlocal,TXN-106664,ORD-506664,SALE,DL-90000969,ARS,matched,engine,2.16,2.16,2.16,0.00
dlocal,TXN-106095,ORD-506095,SALE,DL-90000400,MXN,matched,engine,7.13,7.13,7.13,0.00
dlocal,TXN-107915,ORD-506062,REFUND,DL-90001293,BRL,matched,engine,-3.21,-3.21,-3.21,0.00
dlocal,TXN-106880,ORD-506880,SALE,DL-90001185,BRL,matched,engine,6.42,6.42,6.42,0.00
dlocal,TXN-106267,ORD-506267,SALE,DL-90000572,MXN,matched,engine,7.13,7.13,7.13,0.00
dlocal,TXN-105972,ORD-505972,SALE,DL-90000277,BRL,matched,engine,6.42,6.42,6.42,0.00
dlocal,TXN-106773,ORD-506773,SALE,DL-90001078,CLP,matched_declined,engine,0.00,0.00,0.00,0.00
dlocal,TXN-106800,ORD-506800,SALE,DL-90001105,BRL,matched,engine,6.42,6.42,6.42,0.00
dlocal,TXN-106537,ORD-506537,SALE,DL-90000842,BRL,matched,engine,16.55,16.55,16.55,0.00
dlocal,TXN-106729,ORD-506729,SALE,DL-90001034,BRL,matched,engine,36.79,36.79,36.79,0.00
dlocal,TXN-106436,ORD-506436,SALE,DL-90000741,BRL,matched,engine,36.79,36.79,36.79,0.00
dlocal,TXN-106864,ORD-506864,SALE,DL-90001169,COP,matched,engine,48.78,48.78,48.78,0.00
dlocal,TXN-106015,ORD-506015,SALE,DL-90000320,COP,matched,engine,48.78,48.78,48.78,0.00
dlocal,TXN-106437,ORD-506437,SALE,DL-90000742,BRL,matched,engine,6.42,6.42,6.42,0.00
dlocal,TXN-106258,ORD-506258,SALE,DL-90000563,BRL,matched_declined,engine,0.00,0.00,0.00,0.00
dlocal,TXN-106306,ORD-506306,SALE,DL-90000611,MXN,matched,engine,18.18,18.18,18.18,0.00
dlocal,TXN-106417,ORD-506417,SALE,DL-90000722,COP,matched,engine,48.78,48.78,48.78,0.00
dlocal,TXN-106476,ORD-506476,SALE,DL-90000781,BRL,matched,engine,3.11,3.11,3.11,0.00
dlocal,TXN-106271,ORD-506271,SALE,DL-90000576,BRL,matched,engine,36.79,36.79,36.79,0.00
dlocal,TXN-106420,ORD-506420,SALE,DL-90000725,MXN,matched,engine,7.13,7.13,7.13,0.00
dlocal,TXN-106304,ORD-506304,SALE,DL-90000609,BRL,matched,engine,36.79,36.79,36.79,0.00
dlocal,TXN-106051,ORD-506051,SALE,DL-90000356,BRL,matched,engine,16.55,16.55,16.55,0.00
dlocal,TXN-106809,ORD-506809,SALE,DL-90001114,MXN,matched,engine,7.13,7.13,7.13,0.00
dlocal,TXN-106559,ORD-506559,SALE,DL-90000864,BRL,matched_declined,engine,0.00,0.00,0.00,0.00
dlocal,TXN-106736,ORD-506736,SALE,DL-90001041,ARS,matched,engine,4.99,4.99,4.99,0.00
dlocal,TXN-105885,ORD-505885,SALE,DL-90000190,COP,matched,engine,19.50,19.50,19.50,0.00
dlocal,TXN-105780,ORD-505780,SALE,DL-90000085,CLP,matched,engine,19.09,19.09,19.09,0.00
dlocal,TXN-106438,ORD-506438,SALE,DL-90000743,BRL,matched,engine,6.42,6.42,6.42,0.00
dlocal,TXN-106563,ORD-506563,SALE,DL-90000868,CLP,matched,engine,7.42,7.42,7.42,0.00
dlocal,TXN-106166,ORD-506166,SALE,DL-90000471,MXN,matched,engine,7.13,7.13,7.13,0.00
dlocal,TXN-106755,ORD-506755,SALE,DL-90001060,BRL,matched,engine,36.79,36.79,36.79,0.00
dlocal,TXN-105920,ORD-505920,SALE,DL-90000225,MXN,matched,engine,7.13,7.13,7.13,0.00
dlocal,TXN-106857,ORD-506857,SALE,DL-90001162,BRL,matched,engine,6.42,6.42,6.42,0.00
dlocal,TXN-105816,ORD-505816,SALE,DL-90000121,BRL,matched,engine,3.11,3.11,3.11,0.00
dlocal,TXN-106410,ORD-506410,SALE,DL-90000715,COP,matched,engine,7.30,7.30,7.30,0.00
dlocal,TXN-106395,ORD-506395,SALE,DL-90000700,BRL,matched,engine,3.11,3.11,3.11,0.00
dlocal,TXN-106711,ORD-506711,SALE,DL-90001016,ARS,matched,engine,4.99,4.99,4.99,0.00
dlocal,TXN-106032,ORD-506032,SALE,DL-90000337,MXN,matched,engine,44.15,44.15,44.15,0.00
dlocal,TXN-105771,ORD-505771,SALE,DL-90000076,BRL,matched,engine,6.42,6.42,6.42,0.00
dlocal,TXN-105891,ORD-505891,SALE,DL-90000196,BRL,matched,engine,16.55,16.55,16.55,0.00
dlocal,TXN-105788,ORD-505788,SALE,DL-90000093,BRL,matched,engine,16.55,16.55,16.55,0.00
dlocal,TXN-105990,ORD-505990,SALE,DL-90000295,BRL,matched,engine,6.42,6.42,6.42,0.00
dlocal,TXN-106171,ORD-506171,SALE,DL-90000476,BRL,matched,engine,6.42,6.42,6.42,0.00
dlocal,TXN-105761,ORD-505761,SALE,DL-90000066,MXN,matched,engine,7.13,7.13,7.13,0.00
dlocal,TXN-106606,ORD-506606,SALE,DL-90000911,BRL,matched,engine,3.11,3.11,3.11,0.00
dlocal,TXN-106503,ORD-506503,SALE,DL-90000808,BRL,matched,engine,6.42,6.42,6.42,0.00
dlocal,TXN-106560,ORD-506560,SALE,DL-90000865,BRL,matched_declined,engine,0.00,0.00,0.00,0.00
dlocal,TXN-106757,ORD-506757,SALE,DL-90001062,BRL,matched,engine,6.42,6.42,6.42,0.00
dlocal,TXN-106484,ORD-506484,SALE,DL-90000789,CLP,matched,engine,47.73,47.73,47.73,0.00
dlocal,TXN-105748,ORD-505748,SALE,DL-90000053,BRL,matched,engine,6.42,6.42,6.42,0.00
dlocal,TXN-106557,ORD-506557,SALE,DL-90000862,MXN,matched,engine,44.15,44.15,44.15,0.00
dlocal,TXN-105742,ORD-505742,SALE,DL-90000047,CLP,matched,engine,19.09,19.09,19.09,0.00
dlocal,TXN-106048,ORD-506048,SALE,DL-90000353,BRL,matched,engine,3.11,3.11,3.11,0.00
dlocal,TXN-105717,ORD-505717,SALE,DL-90000022,BRL,matched,engine,6.42,6.42,6.42,0.00
dlocal,TXN-106319,ORD-506319,SALE,DL-90000624,MXN,matched,engine,7.13,7.13,7.13,0.00
dlocal,TXN-106371,ORD-506371,SALE,DL-90000676,BRL,matched,engine,6.42,6.42,6.42,0.00
dlocal,TXN-106712,ORD-506712,SALE,DL-90001017,BRL,matched,engine,36.79,36.79,36.79,0.00
dlocal,TXN-106942,ORD-506942,SALE,DL-90001247,MXN,matched,engine,7.13,7.13,7.13,0.00
dlocal,TXN-106839,ORD-506839,SALE,DL-90001144,BRL,matched,engine,6.42,6.42,6.42,0.00
dlocal,TXN-106574,ORD-506574,SALE,DL-90000879,BRL,matched,engine,6.42,6.42,6.42,0.00
dlocal,TXN-106645,ORD-506645,SALE,DL-90000950,CLP,matched,engine,7.42,7.42,7.42,0.00
dlocal,TXN-106181,ORD-506181,SALE,DL-90000486,BRL,matched,engine,6.42,6.42,6.42,0.00
dlocal,TXN-106894,ORD-506894,SALE,DL-90001199,MXN,matched,engine,3.26,3.26,3.26,0.00
dlocal,TXN-105869,ORD-505869,SALE,DL-90000174,MXN,matched,engine,7.13,7.13,7.13,0.00
dlocal,TXN-106191,ORD-506191,SALE,DL-90000496,BRL,matched,engine,16.55,16.55,16.55,0.00
dlocal,TXN-106091,ORD-506091,SALE,DL-90000396,BRL,matched,engine,6.42,6.42,6.42,0.00
dlocal,TXN-105821,ORD-505821,SALE,DL-90000126,BRL,matched,engine,6.42,6.42,6.42,0.00
dlocal,TXN-105768,ORD-505768,SALE,DL-90000073,COP,matched,engine,19.50,19.50,19.50,0.00
dlocal,TXN-106694,ORD-506694,SALE,DL-90000999,BRL,matched,engine,6.42,6.42,6.42,0.00
dlocal,TXN-106618,ORD-506618,SALE,DL-90000923,COP,matched,engine,7.30,7.30,7.30,0.00
dlocal,TXN-105977,ORD-505977,SALE,DL-90000282,BRL,matched,engine,6.42,6.42,6.42,0.00
dlocal,TXN-106639,ORD-506639,SALE,DL-90000944,CLP,matched,engine,7.42,7.42,7.42,0.00
dlocal,TXN-106828,ORD-506828,SALE,DL-90001133,COP,matched,engine,7.30,7.30,7.30,0.00
dlocal,TXN-106087,ORD-506087,SALE,DL-90000392,ARS,matched_declined,engine,0.00,0.00,0.00,0.00
dlocal,TXN-105741,ORD-505741,SALE,DL-90000046,MXN,matched,engine,7.13,7.13,7.13,0.00
dlocal,TXN-106520,ORD-506520,SALE,DL-90000825,BRL,matched,engine,16.55,16.55,16.55,0.00
dlocal,TXN-106466,ORD-506466,SALE,DL-90000771,MXN,matched,engine,7.13,7.13,7.13,0.00
dlocal,TXN-105894,ORD-505894,SALE,DL-90000199,ARS,matched_declined,engine,0.00,0.00,0.00,0.00
dlocal,TXN-106706,ORD-506706,SALE,DL-90001011,BRL,matched,engine,16.55,16.55,16.55,0.00
dlocal,TXN-105965,ORD-505965,SALE,DL-90000270,MXN,matched,engine,18.18,18.18,18.18,0.00
dlocal,TXN-106572,ORD-506572,SALE,DL-90000877,MXN,matched,engine,7.13,7.13,7.13,0.00
dlocal,TXN-106369,ORD-506369,SALE,DL-90000674,BRL,matched,engine,6.42,6.42,6.42,0.00
dlocal,TXN-105774,ORD-505774,SALE,DL-90000079,MXN,matched,engine,18.18,18.18,18.18,0.00
dlocal,TXN-106161,ORD-506161,SALE,DL-90000466,BRL,matched,engine,3.11,3.11,3.11,0.00
dlocal,TXN-106159,ORD-506159,SALE,DL-90000464,COP,matched,engine,7.30,7.30,7.30,0.00
dlocal,TXN-106229,ORD-506229,SALE,DL-90000534,MXN,matched,engine,44.15,44.15,44.15,0.00
dlocal,TXN-106725,ORD-506725,SALE,DL-90001030,BRL,matched,engine,16.55,16.55,16.55,0.00
dlocal,TXN-106566,ORD-506566,SALE,DL-90000871,BRL,matched,engine,6.42,6.42,6.42,0.00
dlocal,TXN-106246,ORD-506246,SALE,DL-90000551,ARS,matched,engine,4.99,4.99,4.99,0.00
dlocal,TXN-106582,ORD-506582,SALE,DL-90000887,CLP,matched,engine,7.42,7.42,7.42,0.00
dlocal,TXN-106508,ORD-506508,SALE,DL-90000813,MXN,matched,engine,3.26,3.26,3.26,0.00
dlocal,TXN-106849,ORD-506849,SALE,DL-90001154,MXN,matched,engine,7.13,7.13,7.13,0.00
dlocal,TXN-106748,ORD-506748,SALE,DL-90001053,ARS,matched,engine,4.99,4.99,4.99,0.00
dlocal,TXN-106456,ORD-506456,SALE,DL-90000761,BRL,matched,engine,36.79,36.79,36.79,0.00
dlocal,TXN-106678,ORD-506678,SALE,DL-90000983,BRL,matched,engine,6.42,6.42,6.42,0.00
dlocal,TXN-105925,ORD-505925,SALE,DL-90000230,BRL,matched,engine,36.79,36.79,36.79,0.00
dlocal,TXN-106509,ORD-506509,SALE,DL-90000814,COP,matched,engine,7.30,7.30,7.30,0.00
dlocal,TXN-106160,ORD-506160,SALE,DL-90000465,ARS,matched,engine,2.16,2.16,2.16,0.00
dlocal,TXN-105803,ORD-505803,SALE,DL-90000108,COP,matched,engine,7.30,7.30,7.30,0.00
dlocal,TXN-105792,ORD-505792,SALE,DL-90000097,BRL,matched,engine,6.40,6.40,6.40,0.00
dlocal,TXN-106655,ORD-506655,SALE,DL-90000960,BRL,matched,engine,36.68,36.68,36.68,0.00
dlocal,TXN-106182,ORD-506182,SALE,DL-90000487,BRL,matched,engine,6.40,6.40,6.40,0.00
dlocal,TXN-106892,ORD-506892,SALE,DL-90001197,MXN,matched,engine,3.26,3.26,3.26,0.00
dlocal,TXN-106200,ORD-506200,SALE,DL-90000505,MXN,matched,engine,7.12,7.12,7.12,0.00
dlocal,TXN-105913,ORD-505913,SALE,DL-90000218,BRL,matched,engine,6.40,6.40,6.40,0.00
dlocal,TXN-105764,ORD-505764,SALE,DL-90000069,MXN,matched,engine,18.17,18.17,18.17,0.00
dlocal,TXN-105942,ORD-505942,SALE,DL-90000247,MXN,matched,engine,7.12,7.12,7.12,0.00
dlocal,TXN-105957,ORD-505957,SALE,DL-90000262,BRL,matched,engine,3.10,3.10,3.10,0.00
dlocal,TXN-105726,ORD-505726,SALE,DL-90000031,BRL,matched,engine,3.10,3.10,3.10,0.00
dlocal,TXN-106478,ORD-506478,SALE,DL-90000783,BRL,matched,engine,3.10,3.10,3.10,0.00
dlocal,TXN-106158,ORD-506158,SALE,DL-90000463,MXN,matched,engine,44.13,44.13,44.13,0.00
dlocal,TXN-107965,ORD-507791,SALE,DL-90001313,COP,engine_fx_rate_error,provider,199900.00,48.78,48.78,-199851.22
dlocal,TXN-105895,ORD-505895,SALE,DL-90000200,BRL,matched,engine,6.40,6.40,6.40,0.00
dlocal,TXN-106474,ORD-506474,SALE,DL-90000779,MXN,matched,engine,44.13,44.13,44.13,0.00
dlocal,TXN-106759,ORD-506759,SALE,DL-90001064,MXN,matched,engine,18.17,18.17,18.17,0.00
dlocal,TXN-106147,ORD-506147,SALE,DL-90000452,MXN,matched,engine,7.12,7.12,7.12,0.00
dlocal,TXN-106080,ORD-506080,SALE,DL-90000385,COP,matched,engine,7.30,7.30,7.30,0.00
dlocal,TXN-106079,ORD-506079,SALE,DL-90000384,CLP,matched,engine,7.40,7.40,7.40,0.00
dlocal,TXN-106721,ORD-506721,SALE,DL-90001026,MXN,matched,engine,7.12,7.12,7.12,0.00
dlocal,TXN-106513,ORD-506513,SALE,DL-90000818,MXN,matched,engine,18.17,18.17,18.17,0.00
dlocal,TXN-105973,ORD-505973,SALE,DL-90000278,CLP,matched,engine,7.40,7.40,7.40,0.00
dlocal,TXN-106920,ORD-506920,SALE,DL-90001225,BRL,matched,engine,6.40,6.40,6.40,0.00
dlocal,TXN-106089,ORD-506089,SALE,DL-90000394,COP,matched,engine,19.50,19.50,19.50,0.00
dlocal,TXN-106669,ORD-506669,SALE,DL-90000974,MXN,matched_declined,engine,0.00,0.00,0.00,0.00
dlocal,TXN-106656,ORD-506656,SALE,DL-90000961,COP,matched,engine,7.30,7.30,7.30,0.00
dlocal,TXN-105713,ORD-505713,SALE,DL-90000018,COP,matched,engine,19.50,19.50,19.50,0.00
dlocal,TXN-106691,ORD-506691,SALE,DL-90000996,BRL,matched,engine,6.40,6.40,6.40,0.00
dlocal,TXN-106422,ORD-506422,SALE,DL-90000727,CLP,matched,engine,7.40,7.40,7.40,0.00
dlocal,TXN-106277,ORD-506277,SALE,DL-90000582,MXN,matched,engine,3.26,3.26,3.26,0.00
dlocal,TXN-106432,ORD-506432,SALE,DL-90000737,CLP,matched,engine,7.40,7.40,7.40,0.00
dlocal,TXN-105908,ORD-505908,SALE,DL-90000213,CLP,matched,engine,4.22,4.22,4.22,0.00
dlocal,TXN-106702,ORD-506702,SALE,DL-90001007,MXN,matched,engine,44.13,44.13,44.13,0.00
dlocal,TXN-106451,ORD-506451,SALE,DL-90000756,BRL,matched,engine,6.40,6.40,6.40,0.00
dlocal,TXN-106409,ORD-506409,SALE,DL-90000714,ARS,matched,engine,5.00,5.00,5.00,0.00
dlocal,TXN-105956,ORD-505956,SALE,DL-90000261,BRL,matched,engine,6.40,6.40,6.40,0.00
dlocal,TXN-106539,ORD-506539,SALE,DL-90000844,BRL,matched,engine,16.50,16.50,16.50,0.00
dlocal,TXN-106704,ORD-506704,SALE,DL-90001009,BRL,matched,engine,3.10,3.10,3.10,0.00
dlocal,TXN-105790,ORD-505790,SALE,DL-90000095,BRL,matched,engine,6.40,6.40,6.40,0.00
dlocal,TXN-106688,ORD-506688,SALE,DL-90000993,MXN,matched,engine,7.12,7.12,7.12,0.00
dlocal,TXN-106798,ORD-506798,SALE,DL-90001103,MXN,matched,engine,44.13,44.13,44.13,0.00
dlocal,TXN-106908,ORD-506908,SALE,DL-90001213,MXN,matched,engine,44.03,44.03,44.03,0.00
dlocal,TXN-105747,ORD-505747,SALE,DL-90000052,BRL,matched,engine,6.40,6.40,6.40,0.00
dlocal,TXN-106685,ORD-506685,SALE,DL-90000990,ARS,matched,engine,5.01,5.01,5.01,0.00
dlocal,TXN-105951,ORD-505951,SALE,DL-90000256,BRL,matched,engine,6.40,6.40,6.40,0.00
dlocal,TXN-106777,ORD-506777,SALE,DL-90001082,BRL,matched,engine,16.48,16.48,16.48,0.00
dlocal,TXN-106663,ORD-506663,SALE,DL-90000968,BRL,matched,engine,6.40,6.40,6.40,0.00
dlocal,TXN-105889,ORD-505889,SALE,DL-90000194,CLP,matched_declined,engine,0.00,0.00,0.00,0.00
dlocal,TXN-106183,ORD-506183,SALE,DL-90000488,BRL,matched,engine,6.40,6.40,6.40,0.00
dlocal,TXN-105906,ORD-505906,SALE,DL-90000211,MXN,matched,engine,44.03,44.03,44.03,0.00
dlocal,TXN-105799,ORD-505799,SALE,DL-90000104,BRL,matched,engine,6.40,6.40,6.40,0.00
dlocal,TXN-106822,ORD-506822,SALE,DL-90001127,MXN,matched,engine,3.25,3.25,3.25,0.00
dlocal,TXN-107991,ORD-507814,SALE,DL-90001319,ARS,provider_fx_rate,engine,13.36,13.37,13.36,0.00
dlocal,TXN-105898,ORD-505898,SALE,DL-90000203,BRL,matched,engine,6.40,6.40,6.40,0.00
dlocal,TXN-106326,ORD-506326,SALE,DL-90000631,BRL,matched,engine,16.48,16.48,16.48,0.00
dlocal,TXN-106630,ORD-506630,SALE,DL-90000935,COP,matched,engine,7.27,7.27,7.27,0.00
dlocal,TXN-106127,ORD-506127,SALE,DL-90000432,BRL,matched,engine,6.40,6.40,6.40,0.00
dlocal,TXN-106148,ORD-506148,SALE,DL-90000453,BRL,matched,engine,36.64,36.64,36.64,0.00
dlocal,TXN-106877,ORD-506877,SALE,DL-90001182,COP,matched_declined,engine,0.00,0.00,0.00,0.00
dlocal,TXN-106593,ORD-506593,SALE,DL-90000898,CLP,matched,engine,7.42,7.42,7.42,0.00
dlocal,TXN-106805,ORD-506805,SALE,DL-90001110,BRL,matched_declined,engine,0.00,0.00,0.00,0.00
dlocal,TXN-106463,ORD-506463,SALE,DL-90000768,BRL,matched,engine,6.40,6.40,6.40,0.00
dlocal,TXN-105763,ORD-505763,SALE,DL-90000068,CLP,matched,engine,4.23,4.23,4.23,0.00
dlocal,TXN-106030,ORD-506030,SALE,DL-90000335,MXN,matched,engine,7.11,7.11,7.11,0.00
dlocal,TXN-106681,ORD-506681,SALE,DL-90000986,CLP,matched,engine,4.23,4.23,4.23,0.00
dlocal,TXN-106006,ORD-506006,SALE,DL-90000311,ARS,matched,engine,13.36,13.36,13.36,0.00
dlocal,TXN-105978,ORD-505978,SALE,DL-90000283,CLP,matched,engine,7.42,7.42,7.42,0.00
dlocal,TXN-105982,ORD-505982,SALE,DL-90000287,ARS,matched,engine,5.01,5.01,5.01,0.00
dlocal,TXN-106814,ORD-506814,SALE,DL-90001119,MXN,matched,engine,7.11,7.11,7.11,0.00
dlocal,TXN-106874,ORD-506874,SALE,DL-90001179,CLP,matched,engine,7.42,7.42,7.42,0.00
dlocal,TXN-105786,ORD-505786,SALE,DL-90000091,COP,matched,engine,19.42,19.42,19.42,0.00
dlocal,TXN-106928,ORD-506928,SALE,DL-90001233,MXN,matched,engine,7.11,7.11,7.11,0.00
dlocal,TXN-106002,ORD-506002,SALE,DL-90000307,BRL,matched,engine,6.40,6.40,6.40,0.00
dlocal,TXN-107909,ORD-505770,REFUND,DL-90001287,BRL,matched,engine,-6.40,-6.40,-6.40,0.00
dlocal,TXN-106807,ORD-506807,SALE,DL-90001112,BRL,matched,engine,16.48,16.48,16.48,0.00
dlocal,TXN-105875,ORD-505875,SALE,DL-90000180,BRL,matched,engine,16.48,16.48,16.48,0.00
dlocal,TXN-106623,ORD-506623,SALE,DL-90000928,BRL,matched,engine,16.48,16.48,16.48,0.00
dlocal,TXN-105935,ORD-505935,SALE,DL-90000240,MXN,matched,engine,7.11,7.11,7.11,0.00
dlocal,TXN-106174,ORD-506174,SALE,DL-90000479,CLP,matched,engine,7.42,7.42,7.42,0.00
dlocal,TXN-106497,ORD-506497,SALE,DL-90000802,BRL,matched,engine,6.40,6.40,6.40,0.00
dlocal,TXN-106731,ORD-506731,SALE,DL-90001036,BRL,matched,engine,36.64,36.64,36.64,0.00
dlocal,TXN-106507,ORD-506507,SALE,DL-90000812,CLP,matched,engine,7.42,7.42,7.42,0.00
dlocal,TXN-105929,ORD-505929,SALE,DL-90000234,ARS,matched,engine,33.40,33.40,33.40,0.00
dlocal,TXN-106212,ORD-506212,SALE,DL-90000517,MXN,matched,engine,44.03,44.03,44.03,0.00
dlocal,TXN-106860,ORD-506860,SALE,DL-90001165,BRL,matched,engine,6.40,6.40,6.40,0.00
dlocal,TXN-106217,ORD-506217,SALE,DL-90000522,BRL,matched,engine,6.40,6.40,6.40,0.00
dlocal,TXN-106412,ORD-506412,SALE,DL-90000717,MXN,matched,engine,7.11,7.11,7.11,0.00
dlocal,TXN-106204,ORD-506204,SALE,DL-90000509,BRL,matched,engine,36.64,36.64,36.64,0.00
dlocal,TXN-105777,ORD-505777,SALE,DL-90000082,COP,matched,engine,7.27,7.27,7.27,0.00
dlocal,TXN-106464,ORD-506464,SALE,DL-90000769,BRL,matched_declined,engine,0.00,0.00,0.00,0.00
dlocal,TXN-106452,ORD-506452,SALE,DL-90000757,ARS,matched,engine,5.00,5.00,5.00,0.00
dlocal,TXN-106521,ORD-506521,SALE,DL-90000826,BRL,matched,engine,36.62,36.62,36.62,0.00
dlocal,TXN-105845,ORD-505845,SALE,DL-90000150,BRL,matched,engine,16.47,16.47,16.47,0.00
dlocal,TXN-106054,ORD-506054,SALE,DL-90000359,BRL,matched,engine,16.47,16.47,16.47,0.00
dlocal,TXN-106233,ORD-506233,SALE,DL-90000538,MXN,matched,engine,7.10,7.10,7.10,0.00
dlocal,TXN-105732,ORD-505732,SALE,DL-90000037,MXN,matched,engine,7.10,7.10,7.10,0.00
dlocal,TXN-106377,ORD-506377,SALE,DL-90000682,BRL,matched,engine,6.39,6.39,6.39,0.00
dlocal,TXN-106063,ORD-506063,SALE,DL-90000368,BRL,matched,engine,3.10,3.10,3.10,0.00
dlocal,TXN-106376,ORD-506376,SALE,DL-90000681,BRL,matched,engine,6.39,6.39,6.39,0.00
dlocal,TXN-107908,ORD-505747,REFUND,DL-90001286,BRL,matched,engine,-6.39,-6.39,-6.39,0.00
dlocal,TXN-106470,ORD-506470,SALE,DL-90000775,BRL,matched,engine,3.10,3.10,3.10,0.00
dlocal,TXN-106435,ORD-506435,SALE,DL-90000740,MXN,matched,engine,7.10,7.10,7.10,0.00
dlocal,TXN-106504,ORD-506504,SALE,DL-90000809,BRL,matched,engine,6.39,6.39,6.39,0.00
dlocal,TXN-106635,ORD-506635,SALE,DL-90000940,COP,matched,engine,7.30,7.30,7.30,0.00
dlocal,TXN-106575,ORD-506575,SALE,DL-90000880,COP,matched,engine,19.50,19.50,19.50,0.00
dlocal,TXN-106340,ORD-506340,SALE,DL-90000645,BRL,matched,engine,6.39,6.39,6.39,0.00
dlocal,TXN-106771,ORD-506771,SALE,DL-90001076,BRL,matched,engine,6.39,6.39,6.39,0.00
dlocal,TXN-106897,ORD-506897,SALE,DL-90001202,MXN,matched,engine,7.10,7.10,7.10,0.00
dlocal,TXN-106251,ORD-506251,SALE,DL-90000556,MXN,matched,engine,3.25,3.25,3.25,0.00
dlocal,TXN-106715,ORD-506715,SALE,DL-90001020,MXN,matched,engine,18.11,18.11,18.11,0.00
dlocal,TXN-106259,ORD-506259,SALE,DL-90000564,BRL,matched_declined,engine,0.00,0.00,0.00,0.00
dlocal,TXN-105911,ORD-505911,SALE,DL-90000216,BRL,matched,engine,16.47,16.47,16.47,0.00
dlocal,TXN-106324,ORD-506324,SALE,DL-90000629,BRL,matched,engine,6.39,6.39,6.39,0.00
dlocal,TXN-106447,ORD-506447,SALE,DL-90000752,BRL,matched,engine,6.39,6.39,6.39,0.00
dlocal,TXN-106154,ORD-506154,SALE,DL-90000459,CLP,matched,engine,7.41,7.41,7.41,0.00
dlocal,TXN-106415,ORD-506415,SALE,DL-90000720,COP,matched,engine,19.50,19.50,19.50,0.00
dlocal,TXN-105711,ORD-505711,SALE,DL-90000016,COP,matched,engine,7.30,7.30,7.30,0.00
dlocal,TXN-105922,ORD-505922,SALE,DL-90000227,BRL,matched,engine,3.10,3.10,3.10,0.00
dlocal,TXN-106592,ORD-506592,SALE,DL-90000897,BRL,matched,engine,16.47,16.47,16.47,0.00
dlocal,TXN-105963,ORD-505963,SALE,DL-90000268,COP,matched,engine,48.78,48.78,48.78,0.00
dlocal,TXN-106802,ORD-506802,SALE,DL-90001107,BRL,matched,engine,6.39,6.39,6.39,0.00
dlocal,TXN-105813,ORD-505813,SALE,DL-90000118,BRL,matched,engine,6.39,6.39,6.39,0.00
dlocal,TXN-106925,ORD-506925,SALE,DL-90001230,CLP,matched_declined,engine,0.00,0.00,0.00,0.00
dlocal,TXN-106481,ORD-506481,SALE,DL-90000786,COP,matched,engine,7.30,7.30,7.30,0.00
dlocal,TXN-106556,ORD-506556,SALE,DL-90000861,ARS,matched,engine,5.00,5.00,5.00,0.00
dlocal,TXN-106523,ORD-506523,SALE,DL-90000828,MXN,matched,engine,7.10,7.10,7.10,0.00
dlocal,TXN-106150,ORD-506150,SALE,DL-90000455,MXN,matched,engine,18.11,18.11,18.11,0.00
dlocal,TXN-106333,ORD-506333,SALE,DL-90000638,MXN,matched,engine,7.10,7.10,7.10,0.00
dlocal,TXN-105848,ORD-505848,SALE,DL-90000153,BRL,matched,engine,16.47,16.47,16.47,0.00
dlocal,TXN-105882,ORD-505882,SALE,DL-90000187,ARS,matched,engine,13.34,13.34,13.34,0.00
dlocal,TXN-106479,ORD-506479,SALE,DL-90000784,COP,matched,engine,48.78,48.78,48.78,0.00
dlocal,TXN-105985,ORD-505985,SALE,DL-90000290,MXN,matched,engine,7.10,7.10,7.10,0.00
dlocal,TXN-107928,ORD-506943,REFUND,DL-90001306,BRL,matched,engine,-1.55,-1.55,-1.55,0.00
dlocal,TXN-106727,ORD-506727,SALE,DL-90001032,MXN,matched,engine,7.10,7.10,7.10,0.00
dlocal,TXN-105832,ORD-505832,SALE,DL-90000137,MXN,matched,engine,18.11,18.11,18.11,0.00
dlocal,TXN-107913,ORD-506009,REFUND,DL-90001291,MXN,matched,engine,-18.11,-18.11,-18.11,0.00
dlocal,TXN-106298,ORD-506298,SALE,DL-90000603,CLP,matched,engine,47.69,47.69,47.69,0.00
dlocal,TXN-106767,ORD-506767,SALE,DL-90001072,CLP,matched,engine,47.69,47.69,47.69,0.00
dlocal,TXN-107987,ORD-507810,SALE,DL-90001316,MXN,matched,engine,7.13,7.13,7.13,0.00
dlocal,TXN-106785,ORD-506785,SALE,DL-90001090,MXN,matched,engine,7.09,7.09,7.09,0.00
dlocal,TXN-106544,ORD-506544,SALE,DL-90000849,BRL,matched,engine,36.53,36.53,36.53,0.00
dlocal,TXN-105712,ORD-505712,SALE,DL-90000017,BRL,matched,engine,6.38,6.38,6.38,0.00
dlocal,TXN-106675,ORD-506675,SALE,DL-90000980,BRL,matched,engine,6.38,6.38,6.38,0.00
dlocal,TXN-106122,ORD-506122,SALE,DL-90000427,BRL,matched,engine,6.38,6.38,6.38,0.00
dlocal,TXN-106895,ORD-506895,SALE,DL-90001200,MXN,matched,engine,3.24,3.24,3.24,0.00
dlocal,TXN-106000,ORD-506000,SALE,DL-90000305,BRL,matched_declined,engine,0.00,0.00,0.00,0.00
dlocal,TXN-106579,ORD-506579,SALE,DL-90000884,ARS,matched,engine,5.01,5.01,5.01,0.00
dlocal,TXN-106672,ORD-506672,SALE,DL-90000977,BRL,matched,engine,6.38,6.38,6.38,0.00
dlocal,TXN-106342,ORD-506342,SALE,DL-90000647,BRL,matched,engine,36.53,36.53,36.53,0.00
dlocal,TXN-105836,ORD-505836,SALE,DL-90000141,CLP,matched,engine,4.23,4.23,4.23,0.00
dlocal,TXN-105909,ORD-505909,SALE,DL-90000214,ARS,matched,engine,5.01,5.01,5.01,0.00
dlocal,TXN-105987,ORD-505987,SALE,DL-90000292,CLP,matched,engine,4.23,4.23,4.23,0.00
dlocal,TXN-106547,ORD-506547,SALE,DL-90000852,COP,matched,engine,7.30,7.30,7.30,0.00
dlocal,TXN-106581,ORD-506581,SALE,DL-90000886,BRL,matched,engine,6.38,6.38,6.38,0.00
dlocal,TXN-106441,ORD-506441,SALE,DL-90000746,MXN,matched,engine,7.09,7.09,7.09,0.00
dlocal,TXN-106917,ORD-506917,SALE,DL-90001222,MXN,matched_declined,engine,0.00,0.00,0.00,0.00
dlocal,TXN-106075,ORD-506075,SALE,DL-90000380,MXN,matched,engine,18.07,18.07,18.07,0.00
dlocal,TXN-106924,ORD-506924,SALE,DL-90001229,MXN,matched_declined,engine,0.00,0.00,0.00,0.00
dlocal,TXN-106393,ORD-506393,SALE,DL-90000698,BRL,matched,engine,6.38,6.38,6.38,0.00
dlocal,TXN-105709,ORD-505709,SALE,DL-90000014,MXN,matched,engine,43.89,43.89,43.89,0.00
dlocal,TXN-106058,ORD-506058,SALE,DL-90000363,MXN,matched,engine,43.89,43.89,43.89,0.00
dlocal,TXN-106097,ORD-506097,SALE,DL-90000402,BRL,matched,engine,3.09,3.09,3.09,0.00
dlocal,TXN-106360,ORD-506360,SALE,DL-90000665,ARS,matched,engine,2.17,2.17,2.17,0.00
dlocal,TXN-106801,ORD-506801,SALE,DL-90001106,BRL,matched,engine,36.53,36.53,36.53,0.00
dlocal,TXN-106145,ORD-506145,SALE,DL-90000450,ARS,matched,engine,5.01,5.01,5.01,0.00
dlocal,TXN-106141,ORD-506141,SALE,DL-90000446,BRL,matched,engine,6.38,6.38,6.38,0.00
dlocal,TXN-106827,ORD-506827,SALE,DL-90001132,BRL,matched_declined,engine,0.00,0.00,0.00,0.00
dlocal,TXN-106131,ORD-506131,SALE,DL-90000436,MXN,matched,engine,7.09,7.09,7.09,0.00
dlocal,TXN-107912,ORD-506006,REFUND,DL-90001290,ARS,matched,engine,-6.68,-6.68,-6.68,0.00
dlocal,TXN-106533,ORD-506533,SALE,DL-90000838,BRL,matched,engine,6.38,6.38,6.38,0.00
dlocal,TXN-106458,ORD-506458,SALE,DL-90000763,COP,matched,engine,7.30,7.30,7.30,0.00
dlocal,TXN-106516,ORD-506516,SALE,DL-90000821,ARS,matched,engine,5.01,5.01,5.01,0.00
dlocal,TXN-106848,ORD-506848,SALE,DL-90001153,CLP,matched,engine,7.40,7.40,7.40,0.00
dlocal,TXN-106111,ORD-506111,SALE,DL-90000416,CLP,matched,engine,7.40,7.40,7.40,0.00
dlocal,TXN-105819,ORD-505819,SALE,DL-90000124,BRL,matched,engine,36.53,36.53,36.53,0.00
dlocal,TXN-106637,ORD-506637,SALE,DL-90000942,MXN,matched,engine,7.09,7.09,7.09,0.00
dlocal,TXN-106569,ORD-506569,SALE,DL-90000874,BRL,matched,engine,3.09,3.09,3.09,0.00
dlocal,TXN-106469,ORD-506469,SALE,DL-90000774,CLP,matched,engine,47.64,47.64,47.64,0.00
dlocal,TXN-106235,ORD-506235,SALE,DL-90000540,CLP,matched,engine,19.05,19.05,19.05,0.00
dlocal,TXN-106168,ORD-506168,SALE,DL-90000473,BRL,matched,engine,6.38,6.38,6.38,0.00
dlocal,TXN-106126,ORD-506126,SALE,DL-90000431,BRL,matched,engine,6.38,6.38,6.38,0.00
dlocal,TXN-105964,ORD-505964,SALE,DL-90000269,COP,matched,engine,3.15,3.15,3.15,0.00
dlocal,TXN-105904,ORD-505904,SALE,DL-90000209,MXN,matched,engine,18.11,18.11,18.11,0.00
dlocal,TXN-106940,ORD-506940,SALE,DL-90001245,BRL,matched_declined,engine,0.00,0.00,0.00,0.00
dlocal,TXN-106624,ORD-506624,SALE,DL-90000929,MXN,matched_declined,engine,0.00,0.00,0.00,0.00
dlocal,TXN-106307,ORD-506307,SALE,DL-90000612,ARS,matched,engine,4.99,4.99,4.99,0.00
dlocal,TXN-106744,ORD-506744,SALE,DL-90001049,CLP,matched,engine,47.73,47.73,47.73,0.00
dlocal,TXN-106684,ORD-506684,SALE,DL-90000989,MXN,matched,engine,7.10,7.10,7.10,0.00
dlocal,TXN-106167,ORD-506167,SALE,DL-90000472,MXN,matched,engine,3.25,3.25,3.25,0.00
dlocal,TXN-107922,ORD-506584,REFUND,DL-90001300,BRL,matched,engine,-16.40,-16.40,-16.40,0.00
dlocal,TXN-106651,ORD-506651,SALE,DL-90000956,BRL,matched_declined,engine,0.00,0.00,0.00,0.00
dlocal,TXN-106634,ORD-506634,SALE,DL-90000939,BRL,matched,engine,6.37,6.37,6.37,0.00
dlocal,TXN-106440,ORD-506440,SALE,DL-90000745,CLP,matched_declined,engine,0.00,0.00,0.00,0.00
dlocal,TXN-106796,ORD-506796,SALE,DL-90001101,BRL,matched,engine,16.40,16.40,16.40,0.00
dlocal,TXN-106810,ORD-506810,SALE,DL-90001115,BRL,matched,engine,6.37,6.37,6.37,0.00
dlocal,TXN-106327,ORD-506327,SALE,DL-90000632,BRL,matched,engine,6.37,6.37,6.37,0.00
dlocal,TXN-106726,ORD-506726,SALE,DL-90001031,BRL,matched,engine,6.37,6.37,6.37,0.00
dlocal,TXN-106741,ORD-506741,SALE,DL-90001046,BRL,matched,engine,6.37,6.37,6.37,0.00
dlocal,TXN-106241,ORD-506241,SALE,DL-90000546,BRL,matched,engine,6.37,6.37,6.37,0.00
dlocal,TXN-106317,ORD-506317,SALE,DL-90000622,MXN,matched,engine,7.10,7.10,7.10,0.00
dlocal,TXN-105736,ORD-505736,SALE,DL-90000041,CLP,matched,engine,7.42,7.42,7.42,0.00
dlocal,TXN-106243,ORD-506243,SALE,DL-90000548,CLP,matched,engine,7.42,7.42,7.42,0.00
dlocal,TXN-105769,ORD-505769,SALE,DL-90000074,BRL,matched,engine,6.37,6.37,6.37,0.00
dlocal,TXN-105876,ORD-505876,SALE,DL-90000181,BRL,matched,engine,16.40,16.40,16.40,0.00
dlocal,TXN-106654,ORD-506654,SALE,DL-90000959,MXN,matched,engine,7.10,7.10,7.10,0.00
dlocal,TXN-106356,ORD-506356,SALE,DL-90000661,MXN,matched,engine,7.10,7.10,7.10,0.00
dlocal,TXN-105720,ORD-505720,SALE,DL-90000025,BRL,matched_declined,engine,0.00,0.00,0.00,0.00
dlocal,TXN-107925,ORD-506832,REFUND,DL-90001303,BRL,matched,engine,-6.37,-6.37,-6.37,0.00
dlocal,TXN-106043,ORD-506043,SALE,DL-90000348,BRL,matched,engine,6.37,6.37,6.37,0.00
dlocal,TXN-107921,ORD-506516,REFUND,DL-90001299,ARS,matched,engine,-4.99,-4.99,-4.99,0.00
dlocal,TXN-105708,ORD-505708,SALE,DL-90000013,MXN,matched,engine,7.10,7.10,7.10,0.00
dlocal,TXN-106653,ORD-506653,SALE,DL-90000958,BRL,matched,engine,16.40,16.40,16.40,0.00
dlocal,TXN-106889,ORD-506889,SALE,DL-90001194,MXN,matched,engine,43.99,43.99,43.99,0.00
dlocal,TXN-106347,ORD-506347,SALE,DL-90000652,MXN,matched,engine,43.99,43.99,43.99,0.00
dlocal,TXN-105722,ORD-505722,SALE,DL-90000027,ARS,matched,engine,4.99,4.99,4.99,0.00
dlocal,TXN-106505,ORD-506505,SALE,DL-90000810,COP,matched,engine,7.33,7.33,7.33,0.00
dlocal,TXN-105873,ORD-505873,SALE,DL-90000178,BRL,matched,engine,36.48,36.48,36.48,0.00
dlocal,TXN-106444,ORD-506444,SALE,DL-90000749,BRL,matched,engine,6.37,6.37,6.37,0.00
dlocal,TXN-106465,ORD-506465,SALE,DL-90000770,BRL,matched,engine,3.08,3.08,3.08,0.00
dlocal,TXN-106789,ORD-506789,SALE,DL-90001094,ARS,matched,engine,4.99,4.99,4.99,0.00
dlocal,TXN-106157,ORD-506157,SALE,DL-90000462,BRL,matched,engine,6.37,6.37,6.37,0.00
dlocal,TXN-106492,ORD-506492,SALE,DL-90000797,CLP,matched,engine,19.09,19.09,19.09,0.00
dlocal,TXN-106302,ORD-506302,SALE,DL-90000607,BRL,matched,engine,6.37,6.37,6.37,0.00
dlocal,TXN-106218,ORD-506218,SALE,DL-90000523,CLP,matched,engine,47.73,47.73,47.73,0.00
dlocal,TXN-106368,ORD-506368,SALE,DL-90000673,COP,matched,engine,3.16,3.16,3.16,0.00
dlocal,TXN-105947,ORD-505947,SALE,DL-90000252,CLP,matched,engine,47.73,47.73,47.73,0.00
dlocal,TXN-105753,ORD-505753,SALE,DL-90000058,COP,matched,engine,7.33,7.33,7.33,0.00
dlocal,TXN-106475,ORD-506475,SALE,DL-90000780,MXN,matched,engine,7.10,7.10,7.10,0.00
dlocal,TXN-106878,ORD-506878,SALE,DL-90001183,BRL,matched,engine,6.37,6.37,6.37,0.00
dlocal,TXN-106578,ORD-506578,SALE,DL-90000883,BRL,matched,engine,6.37,6.37,6.37,0.00
dlocal,TXN-106852,ORD-506852,SALE,DL-90001157,BRL,matched,engine,36.48,36.48,36.48,0.00
dlocal,TXN-106815,ORD-506815,SALE,DL-90001120,COP,matched,engine,7.33,7.33,7.33,0.00
dlocal,TXN-105953,ORD-505953,SALE,DL-90000258,ARS,matched,engine,33.28,33.28,33.28,0.00
dlocal,TXN-106442,ORD-506442,SALE,DL-90000747,MXN,matched,engine,18.11,18.11,18.11,0.00
dlocal,TXN-106112,ORD-506112,SALE,DL-90000417,BRL,matched,engine,16.40,16.40,16.40,0.00
dlocal,TXN-106536,ORD-506536,SALE,DL-90000841,COP,matched,engine,7.33,7.33,7.33,0.00
dlocal,TXN-106590,ORD-506590,SALE,DL-90000895,BRL,matched,engine,36.48,36.48,36.48,0.00
dlocal,TXN-106526,ORD-506526,SALE,DL-90000831,BRL,matched,engine,6.37,6.37,6.37,0.00
dlocal,TXN-106861,ORD-506861,SALE,DL-90001166,MXN,matched,engine,43.99,43.99,43.99,0.00
dlocal,TXN-105998,ORD-505998,SALE,DL-90000303,BRL,matched,engine,6.37,6.37,6.37,0.00
dlocal,TXN-106786,ORD-506786,SALE,DL-90001091,COP,matched,engine,48.98,48.98,48.98,0.00
dlocal,TXN-106289,ORD-506289,SALE,DL-90000594,BRL,matched,engine,6.37,6.37,6.37,0.00
dlocal,TXN-106343,ORD-506343,SALE,DL-90000648,BRL,matched,engine,6.37,6.37,6.37,0.00
dlocal,TXN-106887,ORD-506887,SALE,DL-90001192,MXN,matched,engine,18.11,18.11,18.11,0.00
dlocal,TXN-106494,ORD-506494,SALE,DL-90000799,BRL,matched,engine,6.37,6.37,6.37,0.00
dlocal,TXN-106059,ORD-506059,SALE,DL-90000364,CLP,matched,engine,47.73,47.73,47.73,0.00
dlocal,TXN-106312,ORD-506312,SALE,DL-90000617,BRL,matched,engine,6.37,6.37,6.37,0.00
dlocal,TXN-105808,ORD-505808,SALE,DL-90000113,BRL,matched,engine,36.48,36.48,36.48,0.00
dlocal,TXN-106056,ORD-506056,SALE,DL-90000361,BRL,matched,engine,6.37,6.37,6.37,0.00
dlocal,TXN-106820,ORD-506820,SALE,DL-90001125,BRL,matched,engine,6.37,6.37,6.37,0.00
dlocal,TXN-106647,ORD-506647,SALE,DL-90000952,MXN,matched,engine,43.99,43.99,43.99,0.00
dlocal,TXN-106162,ORD-506162,SALE,DL-90000467,BRL,matched,engine,16.40,16.40,16.40,0.00
dlocal,TXN-105706,ORD-505706,SALE,DL-90000011,ARS,matched,engine,4.99,4.99,4.99,0.00
dlocal,TXN-106352,ORD-506352,SALE,DL-90000657,ARS,matched,engine,4.99,4.99,4.99,0.00
dlocal,TXN-106278,ORD-506278,SALE,DL-90000583,COP,matched,engine,7.33,7.33,7.33,0.00
dlocal,TXN-105696,ORD-505696,SALE,DL-90000001,MXN,matched,engine,43.99,43.99,43.99,0.00
dlocal,TXN-105892,ORD-505892,SALE,DL-90000197,MXN,matched,engine,7.10,7.10,7.10,0.00
dlocal,TXN-106071,ORD-506071,SALE,DL-90000376,BRL,matched,engine,6.37,6.37,6.37,0.00
dlocal,TXN-106496,ORD-506496,SALE,DL-90000801,BRL,matched,engine,36.48,36.48,36.48,0.00
dlocal,TXN-105966,ORD-505966,SALE,DL-90000271,MXN,matched,engine,7.10,7.10,7.10,0.00
dlocal,TXN-106320,ORD-506320,SALE,DL-90000625,COP,matched,engine,7.33,7.33,7.33,0.00
dlocal,TXN-107917,ORD-506111,REFUND,DL-90001295,CLP,matched,engine,-3.71,-3.71,-3.71,0.00
dlocal,TXN-106192,ORD-506192,SALE,DL-90000497,BRL,matched,engine,6.37,6.37,6.37,0.00
dlocal,TXN-106113,ORD-506113,SALE,DL-90000418,CLP,matched,engine,7.42,7.42,7.42,0.00
dlocal,TXN-106724,ORD-506724,SALE,DL-90001029,CLP,matched,engine,7.42,7.42,7.42,0.00
dlocal,TXN-105738,ORD-505738,SALE,DL-90000043,BRL,matched,engine,6.37,6.37,6.37,0.00
dlocal,TXN-106674,ORD-506674,SALE,DL-90000979,BRL,matched,engine,6.37,6.37,6.37,0.00
dlocal,TXN-105854,ORD-505854,SALE,DL-90000159,MXN,matched,engine,18.11,18.11,18.11,0.00
dlocal,TXN-106819,ORD-506819,SALE,DL-90001124,BRL,matched,engine,3.08,3.08,3.08,0.00
dlocal,TXN-106468,ORD-506468,SALE,DL-90000773,CLP,matched,engine,19.09,19.09,19.09,0.00
dlocal,TXN-106490,ORD-506490,SALE,DL-90000795,BRL,matched,engine,6.37,6.37,6.37,0.00
dlocal,TXN-106305,ORD-506305,SALE,DL-90000610,BRL,matched,engine,6.37,6.37,6.37,0.00
dlocal,TXN-106231,ORD-506231,SALE,DL-90000536,MXN,matched,engine,7.10,7.10,7.10,0.00
dlocal,TXN-106666,ORD-506666,SALE,DL-90000971,MXN,matched,engine,7.10,7.10,7.10,0.00
dlocal,TXN-105756,ORD-505756,SALE,DL-90000061,MXN,matched,engine,7.10,7.10,7.10,0.00
dlocal,TXN-105934,ORD-505934,SALE,DL-90000239,MXN,matched_declined,engine,0.00,0.00,0.00,0.00
dlocal,TXN-106026,ORD-506026,SALE,DL-90000331,BRL,matched,engine,6.37,6.37,6.37,0.00
dlocal,TXN-106501,ORD-506501,SALE,DL-90000806,MXN,matched,engine,7.10,7.10,7.10,0.00
dlocal,TXN-106881,ORD-506881,SALE,DL-90001186,ARS,matched,engine,2.16,2.16,2.16,0.00
dlocal,TXN-106604,ORD-506604,SALE,DL-90000909,ARS,matched,engine,13.31,13.31,13.31,0.00
dlocal,TXN-105829,ORD-505829,SALE,DL-90000134,BRL,matched,engine,16.40,16.40,16.40,0.00
dlocal,TXN-106921,ORD-506921,SALE,DL-90001226,MXN,matched,engine,7.10,7.10,7.10,0.00
dlocal,TXN-105757,ORD-505757,SALE,DL-90000062,MXN,matched,engine,7.10,7.10,7.10,0.00
dlocal,TXN-106035,ORD-506035,SALE,DL-90000340,BRL,matched,engine,6.37,6.37,6.37,0.00
dlocal,TXN-106005,ORD-506005,SALE,DL-90000310,BRL,matched,engine,6.37,6.37,6.37,0.00
dlocal,TXN-105737,ORD-505737,SALE,DL-90000042,ARS,matched,engine,2.16,2.16,2.16,0.00
dlocal,TXN-106728,ORD-506728,SALE,DL-90001033,COP,matched,engine,3.16,3.16,3.16,0.00
dlocal,TXN-105849,ORD-505849,SALE,DL-90000154,BRL,matched,engine,36.48,36.48,36.48,0.00
dlocal,TXN-106345,ORD-506345,SALE,DL-90000650,MXN,matched_declined,engine,0.00,0.00,0.00,0.00
dlocal,TXN-105932,ORD-505932,SALE,DL-90000237,MXN,matched,engine,7.10,7.10,7.10,0.00
dlocal,TXN-106245,ORD-506245,SALE,DL-90000550,MXN,matched,engine,7.10,7.10,7.10,0.00
dlocal,TXN-106733,ORD-506733,SALE,DL-90001038,MXN,matched,engine,7.10,7.10,7.10,0.00
dlocal,TXN-105867,ORD-505867,SALE,DL-90000172,CLP,matched,engine,7.42,7.42,7.42,0.00
dlocal,TXN-106753,ORD-506753,SALE,DL-90001058,BRL,matched_declined,engine,0.00,0.00,0.00,0.00
dlocal,TXN-106428,ORD-506428,SALE,DL-90000733,COP,matched,engine,7.33,7.33,7.33,0.00
dlocal,TXN-105853,ORD-505853,SALE,DL-90000158,BRL,matched,engine,6.37,6.37,6.37,0.00
dlocal,TXN-106226,ORD-506226,SALE,DL-90000531,ARS,matched,engine,13.31,13.31,13.31,0.00
dlocal,TXN-106001,ORD-506001,SALE,DL-90000306,BRL,matched,engine,6.37,6.37,6.37,0.00
dlocal,TXN-106601,ORD-506601,SALE,DL-90000906,BRL,matched,engine,16.40,16.40,16.40,0.00
dlocal,TXN-106249,ORD-506249,SALE,DL-90000554,COP,matched,engine,19.58,19.58,19.58,0.00
dlocal,TXN-105759,ORD-505759,SALE,DL-90000064,BRL,matched,engine,6.37,6.37,6.37,0.00
dlocal,TXN-106718,ORD-506718,SALE,DL-90001023,ARS,matched,engine,33.28,33.28,33.28,0.00
dlocal,TXN-106265,ORD-506265,SALE,DL-90000570,ARS,matched,engine,4.99,4.99,4.99,0.00
dlocal,TXN-106090,ORD-506090,SALE,DL-90000395,BRL,matched,engine,3.08,3.08,3.08,0.00
dlocal,TXN-106594,ORD-506594,SALE,DL-90000899,BRL,matched,engine,6.37,6.37,6.37,0.00
dlocal,TXN-105699,ORD-505699,SALE,DL-90000004,CLP,matched,engine,7.42,7.42,7.42,0.00
dlocal,TXN-106418,ORD-506418,SALE,DL-90000723,BRL,matched,engine,16.40,16.40,16.40,0.00
dlocal,TXN-106830,ORD-506830,SALE,DL-90001135,BRL,matched,engine,6.37,6.37,6.37,0.00
dlocal,TXN-105950,ORD-505950,SALE,DL-90000255,MXN,matched,engine,3.25,3.25,3.25,0.00
dlocal,TXN-105914,ORD-505914,SALE,DL-90000219,BRL,matched,engine,16.40,16.40,16.40,0.00
dlocal,TXN-106070,ORD-506070,SALE,DL-90000375,BRL,matched,engine,6.37,6.37,6.37,0.00
dlocal,TXN-106290,ORD-506290,SALE,DL-90000595,BRL,matched,engine,16.40,16.40,16.40,0.00
dlocal,TXN-106740,ORD-506740,SALE,DL-90001045,ARS,matched,engine,4.99,4.99,4.99,0.00
dlocal,TXN-106449,ORD-506449,SALE,DL-90000754,COP,matched,engine,19.58,19.58,19.58,0.00
dlocal,TXN-106018,ORD-506018,SALE,DL-90000323,COP,matched,engine,19.66,19.66,19.66,0.00
dlocal,TXN-106206,ORD-506206,SALE,DL-90000511,BRL,matched,engine,6.38,6.38,6.38,0.00
dlocal,TXN-105959,ORD-505959,SALE,DL-90000264,MXN,matched,engine,3.26,3.26,3.26,0.00
dlocal,TXN-106540,ORD-506540,SALE,DL-90000845,MXN,matched,engine,7.12,7.12,7.12,0.00
dlocal,TXN-106869,ORD-506869,SALE,DL-90001174,BRL,matched,engine,36.53,36.53,36.53,0.00
dlocal,TXN-106873,ORD-506873,SALE,DL-90001178,MXN,matched,engine,3.26,3.26,3.26,0.00
dlocal,TXN-106255,ORD-506255,SALE,DL-90000560,BRL,matched,engine,16.43,16.43,16.43,0.00
dlocal,TXN-105746,ORD-505746,SALE,DL-90000051,ARS,matched,engine,2.15,2.15,2.15,0.00
dlocal,TXN-105751,ORD-505751,SALE,DL-90000056,BRL,matched,engine,36.53,36.53,36.53,0.00
dlocal,TXN-106552,ORD-506552,SALE,DL-90000857,MXN,matched_declined,engine,0.00,0.00,0.00,0.00
dlocal,TXN-106818,ORD-506818,SALE,DL-90001123,BRL,matched,engine,6.38,6.38,6.38,0.00
dlocal,TXN-106198,ORD-506198,SALE,DL-90000503,CLP,matched,engine,7.42,7.42,7.42,0.00
dlocal,TXN-106270,ORD-506270,SALE,DL-90000575,BRL,matched,engine,6.38,6.38,6.38,0.00
dlocal,TXN-105710,ORD-505710,SALE,DL-90000015,BRL,matched,engine,6.38,6.38,6.38,0.00
dlocal,TXN-106938,ORD-506938,SALE,DL-90001243,BRL,matched,engine,6.38,6.38,6.38,0.00
dlocal,TXN-106354,ORD-506354,SALE,DL-90000659,BRL,matched,engine,16.43,16.43,16.43,0.00
dlocal,TXN-106707,ORD-506707,SALE,DL-90001012,BRL,matched,engine,16.43,16.43,16.43,0.00
dlocal,TXN-106780,ORD-506780,SALE,DL-90001085,CLP,matched,engine,7.42,7.42,7.42,0.00
dlocal,TXN-105967,ORD-505967,SALE,DL-90000272,MXN,matched,engine,7.12,7.12,7.12,0.00
dlocal,TXN-106631,ORD-506631,SALE,DL-90000936,ARS,matched_declined,engine,0.00,0.00,0.00,0.00
dlocal,TXN-106558,ORD-506558,SALE,DL-90000863,COP,matched,engine,19.66,19.66,19.66,0.00
dlocal,TXN-105730,ORD-505730,SALE,DL-90000035,COP,matched,engine,7.36,7.36,7.36,0.00
dlocal,TXN-106610,ORD-506610,SALE,DL-90000915,COP,matched,engine,19.66,19.66,19.66,0.00
dlocal,TXN-106053,ORD-506053,SALE,DL-90000358,CLP,matched_declined,engine,0.00,0.00,0.00,0.00
dlocal,TXN-106328,ORD-506328,SALE,DL-90000633,ARS,matched,engine,4.97,4.97,4.97,0.00
dlocal,TXN-106450,ORD-506450,SALE,DL-90000755,MXN,matched,engine,7.12,7.12,7.12,0.00
dlocal,TXN-106083,ORD-506083,SALE,DL-90000388,BRL,matched,engine,16.43,16.43,16.43,0.00
dlocal,TXN-106525,ORD-506525,SALE,DL-90000830,BRL,matched,engine,6.38,6.38,6.38,0.00
dlocal,TXN-106723,ORD-506723,SALE,DL-90001028,BRL,matched,engine,16.43,16.43,16.43,0.00
dlocal,TXN-106529,ORD-506529,SALE,DL-90000834,MXN,matched,engine,18.16,18.16,18.16,0.00
dlocal,TXN-106841,ORD-506841,SALE,DL-90001146,CLP,matched,engine,7.42,7.42,7.42,0.00
dlocal,TXN-106205,ORD-506205,SALE,DL-90000510,MXN,matched,engine,3.26,3.26,3.26,0.00
dlocal,TXN-106163,ORD-506163,SALE,DL-90000468,BRL,matched_declined,engine,0.00,0.00,0.00,0.00
dlocal,TXN-106066,ORD-506066,SALE,DL-90000371,CLP,matched,engine,7.42,7.42,7.42,0.00
dlocal,TXN-105943,ORD-505943,SALE,DL-90000248,COP,matched,engine,7.36,7.36,7.36,0.00
dlocal,TXN-106754,ORD-506754,SALE,DL-90001059,COP,matched,engine,7.36,7.36,7.36,0.00
dlocal,TXN-106799,ORD-506799,SALE,DL-90001104,COP,matched,engine,19.66,19.66,19.66,0.00
dlocal,TXN-105846,ORD-505846,SALE,DL-90000151,BRL,matched,engine,6.38,6.38,6.38,0.00
dlocal,TXN-106633,ORD-506633,SALE,DL-90000938,BRL,matched,engine,16.44,16.44,16.44,0.00
dlocal,TXN-105872,ORD-505872,SALE,DL-90000177,COP,matched,engine,7.36,7.36,7.36,0.00
dlocal,TXN-106013,ORD-506013,SALE,DL-90000318,CLP,matched,engine,7.40,7.40,7.40,0.00
dlocal,TXN-106495,ORD-506495,SALE,DL-90000800,ARS,matched,engine,33.04,33.04,33.04,0.00
dlocal,TXN-106485,ORD-506485,SALE,DL-90000790,BRL,matched,engine,6.38,6.38,6.38,0.00
dlocal,TXN-106049,ORD-506049,SALE,DL-90000354,BRL,matched,engine,6.38,6.38,6.38,0.00
dlocal,TXN-106124,ORD-506124,SALE,DL-90000429,BRL,matched_declined,engine,0.00,0.00,0.00,0.00
dlocal,TXN-106545,ORD-506545,SALE,DL-90000850,MXN,matched,engine,18.11,18.11,18.11,0.00
dlocal,TXN-106489,ORD-506489,SALE,DL-90000794,BRL,matched,engine,6.38,6.38,6.38,0.00
dlocal,TXN-106926,ORD-506926,SALE,DL-90001231,BRL,matched,engine,6.38,6.38,6.38,0.00
dlocal,TXN-106602,ORD-506602,SALE,DL-90000907,COP,matched,engine,7.36,7.36,7.36,0.00
dlocal,TXN-106853,ORD-506853,SALE,DL-90001158,BRL,matched,engine,16.44,16.44,16.44,0.00
dlocal,TXN-105979,ORD-505979,SALE,DL-90000284,BRL,matched,engine,6.38,6.38,6.38,0.00
dlocal,TXN-106266,ORD-506266,SALE,DL-90000571,ARS,matched,engine,4.96,4.96,4.96,0.00
dlocal,TXN-106737,ORD-506737,SALE,DL-90001042,COP,matched,engine,7.36,7.36,7.36,0.00
dlocal,TXN-105926,ORD-505926,SALE,DL-90000231,BRL,matched,engine,6.38,6.38,6.38,0.00
dlocal,TXN-105797,ORD-505797,SALE,DL-90000102,CLP,matched,engine,47.64,47.64,47.64,0.00
dlocal,TXN-106446,ORD-506446,SALE,DL-90000751,BRL,matched,engine,16.44,16.44,16.44,0.00
dlocal,TXN-106739,ORD-506739,SALE,DL-90001044,BRL,matched_declined,engine,0.00,0.00,0.00,0.00
dlocal,TXN-106060,ORD-506060,SALE,DL-90000365,COP,matched,engine,19.66,19.66,19.66,0.00
dlocal,TXN-106588,ORD-506588,SALE,DL-90000893,COP,matched,engine,19.66,19.66,19.66,0.00
dlocal,TXN-106434,ORD-506434,SALE,DL-90000739,MXN,matched,engine,18.11,18.11,18.11,0.00
dlocal,TXN-105828,ORD-505828,SALE,DL-90000133,ARS,matched,engine,13.22,13.22,13.22,0.00
dlocal,TXN-105850,ORD-505850,SALE,DL-90000155,CLP,matched_declined,engine,0.00,0.00,0.00,0.00
dlocal,TXN-105856,ORD-505856,SALE,DL-90000161,BRL,matched,engine,3.09,3.09,3.09,0.00
dlocal,TXN-106587,ORD-506587,SALE,DL-90000892,BRL,matched,engine,36.55,36.55,36.55,0.00
dlocal,TXN-105937,ORD-505937,SALE,DL-90000242,CLP,matched,engine,7.40,7.40,7.40,0.00
dlocal,TXN-106811,ORD-506811,SALE,DL-90001116,BRL,matched,engine,6.38,6.38,6.38,0.00
dlocal,TXN-105865,ORD-505865,SALE,DL-90000170,BRL,matched,engine,36.55,36.55,36.55,0.00
dlocal,TXN-106081,ORD-506081,SALE,DL-90000386,MXN,matched,engine,7.10,7.10,7.10,0.00
dlocal,TXN-106622,ORD-506622,SALE,DL-90000927,COP,matched_declined,engine,0.00,0.00,0.00,0.00
dlocal,TXN-105859,ORD-505859,SALE,DL-90000164,COP,matched,engine,7.36,7.36,7.36,0.00
dlocal,TXN-106782,ORD-506782,SALE,DL-90001087,MXN,matched,engine,7.10,7.10,7.10,0.00
dlocal,TXN-106262,ORD-506262,SALE,DL-90000567,BRL,matched_declined,engine,0.00,0.00,0.00,0.00
dlocal,TXN-107989,ORD-507812,SALE,,CLP,missing_at_provider,provider,7.42,0.00,0.00,-7.42
adyen,TXN-104573,ORD-504573,SALE,8620000000000623,USD,matched,engine,24.99,24.99,24.99,0.00
adyen,TXN-104450,ORD-504450,SALE,8620000000000500,EUR,matched,engine,10.91,10.91,10.91,0.00
adyen,TXN-104065,ORD-504065,SALE,8620000000000115,EUR,matched,engine,27.28,27.28,27.28,0.00
adyen,TXN-104525,ORD-504525,SALE,8620000000000575,USD,matched,engine,9.99,9.99,9.99,0.00
adyen,TXN-105182,ORD-505182,SALE,8620000000001232,GBP,matched,engine,28.25,28.25,28.25,0.00
adyen,TXN-104132,ORD-504132,SALE,8620000000000182,USD,matched,engine,9.99,9.99,9.99,0.00
adyen,TXN-105572,ORD-505572,SALE,8620000000001622,EUR,matched,engine,10.91,10.91,10.91,0.00
adyen,TXN-103953,ORD-503953,SALE,8620000000000003,GBP,matched,engine,11.55,11.55,11.55,0.00
adyen,TXN-103997,ORD-503997,SALE,8620000000000047,EUR,matched,engine,65.49,65.49,65.49,0.00
adyen,TXN-105110,ORD-505110,SALE,8620000000001160,EUR,matched,engine,10.91,10.91,10.91,0.00
adyen,TXN-104308,ORD-504308,SALE,8620000000000358,EUR,matched,engine,10.91,10.91,10.91,0.00
adyen,TXN-105542,ORD-505542,SALE,8620000000001592,EUR,matched,engine,65.49,65.49,65.49,0.00
adyen,TXN-105074,ORD-505074,SALE,8620000000001124,EUR,matched,engine,65.49,65.49,65.49,0.00
adyen,TXN-104735,ORD-504735,SALE,8620000000000785,EUR,matched,engine,65.49,65.49,65.49,0.00
adyen,TXN-104259,ORD-504259,SALE,8620000000000309,EUR,matched,engine,65.49,65.49,65.49,0.00
adyen,TXN-104168,ORD-504168,SALE,8620000000000218,USD,matched,engine,9.99,9.99,9.99,0.00
adyen,TXN-105024,ORD-505024,SALE,8620000000001074,EUR,matched,engine,10.91,10.91,10.91,0.00
adyen,TXN-104764,ORD-504764,SALE,8620000000000814,EUR,matched,engine,10.91,10.91,10.91,0.00
adyen,TXN-105297,ORD-505297,SALE,8620000000001347,USD,matched,engine,4.99,4.99,4.99,0.00
adyen,TXN-104050,ORD-504050,SALE,8620000000000100,USD,matched,engine,9.99,9.99,9.99,0.00
adyen,TXN-105258,ORD-505258,SALE,8620000000001308,EUR,matched,engine,27.28,27.28,27.28,0.00
adyen,TXN-104712,ORD-504712,SALE,8620000000000762,EUR,matched,engine,10.91,10.91,10.91,0.00
adyen,TXN-104499,ORD-504499,SALE,8620000000000549,EUR,matched,engine,10.91,10.91,10.91,0.00
adyen,TXN-104828,ORD-504828,SALE,8620000000000878,USD,matched,engine,9.99,9.99,9.99,0.00
adyen,TXN-104276,ORD-504276,SALE,8620000000000326,USD,matched,engine,9.99,9.99,9.99,0.00
adyen,TXN-104596,ORD-504596,SALE,8620000000000646,GBP,matched,engine,28.25,28.25,28.25,0.00
adyen,TXN-104954,ORD-504954,SALE,8620000000001004,EUR,matched,engine,10.91,10.91,10.91,0.00
adyen,TXN-104394,ORD-504394,SALE,8620000000000444,EUR,matched,engine,10.91,10.91,10.91,0.00
adyen,TXN-104557,ORD-504557,SALE,8620000000000607,EUR,matched,engine,10.91,10.91,10.91,0.00
adyen,TXN-104211,ORD-504211,SALE,8620000000000261,EUR,matched,engine,27.28,27.28,27.28,0.00
adyen,TXN-104739,ORD-504739,SALE,8620000000000789,USD,matched,engine,24.99,24.99,24.99,0.00
adyen,TXN-104799,ORD-504799,SALE,8620000000000849,EUR,matched,engine,10.91,10.91,10.91,0.00
adyen,TXN-103972,ORD-503972,SALE,8620000000000022,EUR,matched,engine,10.91,10.91,10.91,0.00
adyen,TXN-104354,ORD-504354,SALE,8620000000000404,EUR,matched,engine,10.91,10.91,10.91,0.00
adyen,TXN-105566,ORD-505566,SALE,8620000000001616,USD,matched,engine,24.99,24.99,24.99,0.00
adyen,TXN-105627,ORD-505627,SALE,8620000000001677,USD,matched_declined,engine,0.00,0.00,0.00,0.00
adyen,TXN-105342,ORD-505342,SALE,8620000000001392,EUR,matched_declined,engine,0.00,0.00,0.00,0.00
adyen,TXN-105529,ORD-505529,SALE,8620000000001579,GBP,matched,engine,5.77,5.77,5.77,0.00
adyen,TXN-105613,ORD-505613,SALE,8620000000001663,EUR,matched,engine,27.28,27.28,27.28,0.00
adyen,TXN-105273,ORD-505273,SALE,8620000000001323,EUR,matched,engine,10.91,10.91,10.91,0.00
adyen,TXN-105091,ORD-505091,SALE,8620000000001141,EUR,matched,engine,65.49,65.49,65.49,0.00
adyen,TXN-104471,ORD-504471,SALE,8620000000000521,EUR,matched,engine,27.28,27.28,27.28,0.00
adyen,TXN-105072,ORD-505072,SALE,8620000000001122,EUR,matched,engine,10.91,10.91,10.91,0.00
adyen,TXN-104985,ORD-504985,SALE,8620000000001035,EUR,matched,engine,65.49,65.49,65.49,0.00
adyen,TXN-104746,ORD-504746,SALE,8620000000000796,EUR,matched,engine,5.45,5.45,5.45,0.00
adyen,TXN-103994,ORD-503994,SALE,8620000000000044,EUR,matched,engine,10.91,10.91,10.91,0.00
adyen,TXN-104086,ORD-504086,SALE,8620000000000136,USD,matched,engine,59.99,59.99,59.99,0.00
adyen,TXN-104048,ORD-504048,SALE,8620000000000098,USD,matched,engine,9.99,9.99,9.99,0.00
adyen,TXN-104263,ORD-504263,SALE,8620000000000313,EUR,matched,engine,5.45,5.45,5.45,0.00
adyen,TXN-104069,ORD-504069,SALE,8620000000000119,USD,matched,engine,24.99,24.99,24.99,0.00
adyen,TXN-105455,ORD-505455,SALE,8620000000001505,EUR,matched,engine,10.91,10.91,10.91,0.00
adyen,TXN-105568,ORD-505568,SALE,8620000000001618,USD,matched,engine,4.99,4.99,4.99,0.00
adyen,TXN-104569,ORD-504569,SALE,8620000000000619,EUR,matched,engine,10.91,10.91,10.91,0.00
adyen,TXN-104521,ORD-504521,SALE,8620000000000571,EUR,matched,engine,65.49,65.49,65.49,0.00
adyen,TXN-104207,ORD-504207,SALE,8620000000000257,GBP,matched,engine,11.55,11.55,11.55,0.00
adyen,TXN-104459,ORD-504459,SALE,8620000000000509,EUR,matched,engine,10.91,10.91,10.91,0.00
adyen,TXN-105484,ORD-505484,SALE,8620000000001534,EUR,matched,engine,27.28,27.28,27.28,0.00
adyen,TXN-105161,ORD-505161,SALE,8620000000001211,GBP,matched,engine,11.54,11.54,11.54,0.00
adyen,TXN-105444,ORD-505444,SALE,8620000000001494,GBP,matched,engine,5.76,5.76,5.76,0.00
adyen,TXN-104837,ORD-504837,SALE,8620000000000887,EUR,matched,engine,10.95,10.95,10.95,0.00
adyen,TXN-105558,ORD-505558,SALE,8620000000001608,GBP,matched,engine,28.22,28.22,28.22,0.00
adyen,TXN-104584,ORD-504584,SALE,8620000000000634,USD,matched,engine,24.99,24.99,24.99,0.00
adyen,TXN-104889,ORD-504889,SALE,8620000000000939,EUR,matched_declined,engine,0.00,0.00,0.00,0.00
adyen,TXN-104530,ORD-504530,SALE,8620000000000580,USD,matched,engine,4.99,4.99,4.99,0.00
adyen,TXN-104704,ORD-504704,SALE,8620000000000754,EUR,matched_declined,engine,0.00,0.00,0.00,0.00
adyen,TXN-105077,ORD-505077,SALE,8620000000001127,USD,matched,engine,24.99,24.99,24.99,0.00
adyen,TXN-105531,ORD-505531,SALE,8620000000001581,EUR,matched,engine,10.95,10.95,10.95,0.00
adyen,TXN-105351,ORD-505351,SALE,8620000000001401,EUR,matched_declined,engine,0.00,0.00,0.00,0.00
adyen,TXN-104095,ORD-504095,SALE,8620000000000145,GBP,matched,engine,28.22,28.22,28.22,0.00
adyen,TXN-104686,ORD-504686,SALE,8620000000000736,USD,matched,engine,9.99,9.99,9.99,0.00
adyen,TXN-104089,ORD-504089,SALE,8620000000000139,EUR,matched,engine,10.95,10.95,10.95,0.00
adyen,TXN-105640,ORD-505640,SALE,8620000000001690,EUR,matched,engine,10.95,10.95,10.95,0.00
adyen,TXN-104250,ORD-504250,SALE,8620000000000300,EUR,matched,engine,10.95,10.95,10.95,0.00
adyen,TXN-105244,ORD-505244,SALE,8620000000001294,EUR,matched,engine,5.47,5.47,5.47,0.00
adyen,TXN-104727,ORD-504727,SALE,8620000000000777,EUR,matched,engine,27.39,27.39,27.39,0.00
adyen,TXN-104371,ORD-504371,SALE,8620000000000421,USD,matched,engine,59.99,59.99,59.99,0.00
adyen,TXN-104027,ORD-504027,SALE,8620000000000077,EUR,matched,engine,10.95,10.95,10.95,0.00
adyen,TXN-105209,ORD-505209,SALE,8620000000001259,EUR,matched,engine,10.95,10.95,10.95,0.00
adyen,TXN-103954,ORD-503954,SALE,8620000000000004,EUR,matched,engine,10.95,10.95,10.95,0.00
adyen,TXN-105508,ORD-505508,SALE,8620000000001558,EUR,matched,engine,5.47,5.47,5.47,0.00
adyen,TXN-104347,ORD-504347,SALE,8620000000000397,EUR,matched,engine,65.75,65.75,65.75,0.00
adyen,TXN-103969,ORD-503969,SALE,8620000000000019,USD,matched,engine,4.99,4.99,4.99,0.00
adyen,TXN-104019,ORD-504019,SALE,8620000000000069,EUR,matched,engine,10.95,10.95,10.95,0.00
adyen,TXN-104220,ORD-504220,SALE,8620000000000270,EUR,matched_declined,engine,0.00,0.00,0.00,0.00
adyen,TXN-104004,ORD-504004,SALE,8620000000000054,EUR,matched,engine,27.39,27.39,27.39,0.00
adyen,TXN-104673,ORD-504673,SALE,8620000000000723,USD,matched,engine,59.99,59.99,59.99,0.00
adyen,TXN-104028,ORD-504028,SALE,8620000000000078,USD,matched,engine,24.99,24.99,24.99,0.00
adyen,TXN-104914,ORD-504914,SALE,8620000000000964,GBP,matched,engine,70.57,70.57,70.57,0.00
adyen,TXN-104908,ORD-504908,SALE,8620000000000958,EUR,matched,engine,10.95,10.95,10.95,0.00
adyen,TXN-105046,ORD-505046,SALE,8620000000001096,EUR,matched_declined,engine,0.00,0.00,0.00,0.00
adyen,TXN-104629,ORD-504629,SALE,8620000000000679,EUR,matched,engine,27.39,27.39,27.39,0.00
adyen,TXN-105124,ORD-505124,SALE,8620000000001174,EUR,matched,engine,10.95,10.95,10.95,0.00
adyen,TXN-105488,ORD-505488,SALE,8620000000001538,EUR,matched,engine,10.95,10.95,10.95,0.00
adyen,TXN-104076,ORD-504076,SALE,8620000000000126,GBP,matched,engine,28.22,28.22,28.22,0.00
adyen,TXN-104370,ORD-504370,SALE,8620000000000420,GBP,matched,engine,5.76,5.76,5.76,0.00
adyen,TXN-104138,ORD-504138,SALE,8620000000000188,USD,matched,engine,9.99,9.99,9.99,0.00
adyen,TXN-104621,ORD-504621,SALE,8620000000000671,EUR,matched,engine,27.39,27.39,27.39,0.00
adyen,TXN-104303,ORD-504303,SALE,8620000000000353,EUR,matched,engine,10.95,10.95,10.95,0.00
adyen,TXN-105172,ORD-505172,SALE,8620000000001222,EUR,matched_declined,engine,0.00,0.00,0.00,0.00
adyen,TXN-105540,ORD-505540,SALE,8620000000001590,EUR,matched_declined,engine,0.00,0.00,0.00,0.00
adyen,TXN-104869,ORD-504869,SALE,8620000000000919,EUR,matched,engine,10.95,10.95,10.95,0.00
adyen,TXN-105395,ORD-505395,SALE,8620000000001445,EUR,matched,engine,10.95,10.95,10.95,0.00
adyen,TXN-104563,ORD-504563,SALE,8620000000000613,EUR,matched,engine,10.95,10.95,10.95,0.00
adyen,TXN-105208,ORD-505208,SALE,8620000000001258,GBP,matched,engine,11.54,11.54,11.54,0.00
adyen,TXN-104598,ORD-504598,SALE,8620000000000648,EUR,matched,engine,10.95,10.95,10.95,0.00
adyen,TXN-105296,ORD-505296,SALE,8620000000001346,EUR,matched,engine,27.39,27.39,27.39,0.00
adyen,TXN-105597,ORD-505597,SALE,8620000000001647,GBP,matched,engine,28.22,28.22,28.22,0.00
adyen,TXN-104548,ORD-504548,SALE,8620000000000598,EUR,matched,engine,27.39,27.39,27.39,0.00
adyen,TXN-105507,ORD-505507,SALE,8620000000001557,EUR,matched,engine,10.95,10.95,10.95,0.00
adyen,TXN-104210,ORD-504210,SALE,8620000000000260,USD,matched,engine,4.99,4.99,4.99,0.00
adyen,TXN-105235,ORD-505235,SALE,8620000000001285,EUR,matched,engine,5.46,5.46,5.46,0.00
adyen,TXN-105548,ORD-505548,SALE,8620000000001598,USD,matched,engine,9.99,9.99,9.99,0.00
adyen,TXN-104331,ORD-504331,SALE,8620000000000381,EUR,matched,engine,10.94,10.94,10.94,0.00
adyen,TXN-104608,ORD-504608,SALE,8620000000000658,USD,matched,engine,9.99,9.99,9.99,0.00
adyen,TXN-104523,ORD-504523,SALE,8620000000000573,USD,matched_declined,engine,0.00,0.00,0.00,0.00
adyen,TXN-105486,ORD-505486,SALE,8620000000001536,EUR,matched,engine,10.94,10.94,10.94,0.00
adyen,TXN-104568,ORD-504568,SALE,8620000000000618,GBP,matched,engine,11.53,11.53,11.53,0.00
adyen,TXN-103980,ORD-503980,SALE,8620000000000030,GBP,matched,engine,28.20,28.20,28.20,0.00
adyen,TXN-105039,ORD-505039,SALE,8620000000001089,EUR,matched,engine,10.94,10.94,10.94,0.00
adyen,TXN-105135,ORD-505135,SALE,8620000000001185,GBP,matched,engine,11.53,11.53,11.53,0.00
adyen,TXN-105638,ORD-505638,SALE,8620000000001688,EUR,matched,engine,27.35,27.35,27.35,0.00
adyen,TXN-104546,ORD-504546,SALE,8620000000000596,EUR,matched,engine,10.94,10.94,10.94,0.00
adyen,TXN-105229,ORD-505229,SALE,8620000000001279,EUR,matched,engine,10.94,10.94,10.94,0.00
adyen,TXN-104330,ORD-504330,SALE,8620000000000380,USD,matched,engine,59.99,59.99,59.99,0.00
adyen,TXN-104279,ORD-504279,SALE,8620000000000329,GBP,matched,engine,28.20,28.20,28.20,0.00
adyen,TXN-104583,ORD-504583,SALE,8620000000000633,USD,matched,engine,24.99,24.99,24.99,0.00
adyen,TXN-104150,ORD-504150,SALE,8620000000000200,EUR,matched,engine,10.94,10.94,10.94,0.00
adyen,TXN-105532,ORD-505532,SALE,8620000000001582,EUR,matched,engine,27.35,27.35,27.35,0.00
adyen,TXN-104768,ORD-504768,SALE,8620000000000818,EUR,matched,engine,10.94,10.94,10.94,0.00
adyen,TXN-105525,ORD-505525,SALE,8620000000001575,GBP,matched_declined,engine,0.00,0.00,0.00,0.00
adyen,TXN-104643,ORD-504643,SALE,8620000000000693,USD,matched,engine,9.99,9.99,9.99,0.00
adyen,TXN-104149,ORD-504149,SALE,8620000000000199,USD,matched,engine,9.99,9.99,9.99,0.00
adyen,TXN-104277,ORD-504277,SALE,8620000000000327,EUR,matched_declined,engine,0.00,0.00,0.00,0.00
adyen,TXN-105340,ORD-505340,SALE,8620000000001390,GBP,matched,engine,28.20,28.20,28.20,0.00
adyen,TXN-104650,ORD-504650,SALE,8620000000000700,GBP,matched,engine,28.20,28.20,28.20,0.00
adyen,TXN-105589,ORD-505589,SALE,8620000000001639,GBP,matched,engine,11.53,11.53,11.53,0.00
adyen,TXN-104241,ORD-504241,SALE,8620000000000291,EUR,matched,engine,10.94,10.94,10.94,0.00
adyen,TXN-104729,ORD-504729,SALE,8620000000000779,EUR,matched,engine,10.94,10.94,10.94,0.00
adyen,TXN-104189,ORD-504189,SALE,8620000000000239,USD,matched,engine,9.99,9.99,9.99,0.00
adyen,TXN-105356,ORD-505356,SALE,8620000000001406,EUR,matched,engine,5.46,5.46,5.46,0.00
adyen,TXN-105491,ORD-505491,SALE,8620000000001541,USD,matched,engine,24.99,24.99,24.99,0.00
adyen,TXN-104147,ORD-504147,SALE,8620000000000197,EUR,matched,engine,10.94,10.94,10.94,0.00
adyen,TXN-104982,ORD-504982,SALE,8620000000001032,EUR,matched,engine,10.94,10.94,10.94,0.00
adyen,TXN-104702,ORD-504702,SALE,8620000000000752,EUR,matched,engine,10.94,10.94,10.94,0.00
adyen,TXN-105200,ORD-505200,SALE,8620000000001250,EUR,matched,engine,10.94,10.94,10.94,0.00
adyen,TXN-103956,ORD-503956,SALE,8620000000000006,EUR,matched,engine,10.94,10.94,10.94,0.00
adyen,TXN-105329,ORD-505329,SALE,8620000000001379,USD,matched,engine,9.99,9.99,9.99,0.00
adyen,TXN-104243,ORD-504243,SALE,8620000000000293,GBP,matched,engine,70.52,70.52,70.52,0.00
adyen,TXN-104295,ORD-504295,SALE,8620000000000345,USD,matched,engine,24.99,24.99,24.99,0.00
adyen,TXN-104178,ORD-504178,SALE,8620000000000228,EUR,matched,engine,65.67,65.67,65.67,0.00
adyen,TXN-105221,ORD-505221,SALE,8620000000001271,USD,matched,engine,4.99,4.99,4.99,0.00
adyen,TXN-105053,ORD-505053,SALE,8620000000001103,EUR,matched,engine,10.94,10.94,10.94,0.00
adyen,TXN-105113,ORD-505113,SALE,8620000000001163,EUR,matched,engine,10.94,10.94,10.94,0.00
adyen,TXN-104255,ORD-504255,SALE,8620000000000305,USD,matched,engine,4.99,4.99,4.99,0.00
adyen,TXN-103989,ORD-503989,SALE,8620000000000039,EUR,matched,engine,10.94,10.94,10.94,0.00
adyen,TXN-104754,ORD-504754,SALE,8620000000000804,EUR,matched,engine,10.94,10.94,10.94,0.00
adyen,TXN-105023,ORD-505023,SALE,8620000000001073,EUR,matched,engine,27.35,27.35,27.35,0.00
adyen,TXN-105150,ORD-505150,SALE,8620000000001200,USD,matched,engine,24.99,24.99,24.99,0.00
adyen,TXN-105318,ORD-505318,SALE,8620000000001368,EUR,matched,engine,65.67,65.67,65.67,0.00
adyen,TXN-105550,ORD-505550,SALE,8620000000001600,USD,matched_declined,engine,0.00,0.00,0.00,0.00
adyen,TXN-104064,ORD-504064,SALE,8620000000000114,EUR,matched,engine,27.29,27.29,27.29,0.00
adyen,TXN-104863,ORD-504863,SALE,8620000000000913,EUR,matched_declined,engine,0.00,0.00,0.00,0.00
adyen,TXN-104911,ORD-504911,SALE,8620000000000961,EUR,matched,engine,10.91,10.91,10.91,0.00
adyen,TXN-105559,ORD-505559,SALE,8620000000001609,EUR,matched,engine,10.91,10.91,10.91,0.00
adyen,TXN-104093,ORD-504093,SALE,8620000000000143,USD,matched,engine,9.99,9.99,9.99,0.00
adyen,TXN-104803,ORD-504803,SALE,8620000000000853,EUR,matched,engine,10.91,10.91,10.91,0.00
adyen,TXN-104077,ORD-504077,SALE,8620000000000127,EUR,matched,engine,27.29,27.29,27.29,0.00
adyen,TXN-105334,ORD-505334,SALE,8620000000001384,EUR,matched,engine,27.29,27.29,27.29,0.00
adyen,TXN-107984,ORD-507808,SALE,8620000000001792,EUR,matched,engine,65.51,65.51,65.51,0.00
adyen,TXN-104919,ORD-504919,SALE,8620000000000969,EUR,matched_declined,engine,0.00,0.00,0.00,0.00
adyen,TXN-104457,ORD-504457,SALE,8620000000000507,EUR,matched,engine,27.29,27.29,27.29,0.00
adyen,TXN-104815,ORD-504815,SALE,8620000000000865,EUR,matched,engine,65.51,65.51,65.51,0.00
adyen,TXN-104771,ORD-504771,SALE,8620000000000821,EUR,matched,engine,10.91,10.91,10.91,0.00
adyen,TXN-104720,ORD-504720,SALE,8620000000000770,GBP,matched,engine,70.73,70.73,70.73,0.00
adyen,TXN-104040,ORD-504040,SALE,8620000000000090,GBP,matched,engine,70.73,70.73,70.73,0.00
adyen,TXN-104740,ORD-504740,SALE,8620000000000790,EUR,matched,engine,10.91,10.91,10.91,0.00
adyen,TXN-104944,ORD-504944,SALE,8620000000000994,USD,matched,engine,9.99,9.99,9.99,0.00
adyen,TXN-105368,ORD-505368,SALE,8620000000001418,EUR,matched,engine,10.91,10.91,10.91,0.00
adyen,TXN-105408,ORD-505408,SALE,8620000000001458,USD,matched,engine,9.99,9.99,9.99,0.00
adyen,TXN-103951,ORD-503951,SALE,8620000000000001,EUR,matched,engine,5.45,5.45,5.45,0.00
adyen,TXN-104586,ORD-504586,SALE,8620000000000636,GBP,matched,engine,28.28,28.28,28.28,0.00
adyen,TXN-105176,ORD-505176,SALE,8620000000001226,USD,matched,engine,24.99,24.99,24.99,0.00
adyen,TXN-105377,ORD-505377,SALE,8620000000001427,EUR,matched,engine,27.29,27.29,27.29,0.00
adyen,TXN-105635,ORD-505635,SALE,8620000000001685,EUR,matched,engine,10.91,10.91,10.91,0.00
adyen,TXN-104977,ORD-504977,SALE,8620000000001027,EUR,matched,engine,10.91,10.91,10.91,0.00
adyen,TXN-104524,ORD-504524,SALE,8620000000000574,EUR,matched,engine,10.91,10.91,10.91,0.00
adyen,TXN-105192,ORD-505192,SALE,8620000000001242,EUR,matched,engine,27.29,27.29,27.29,0.00
adyen,TXN-104647,ORD-504647,SALE,8620000000000697,EUR,matched,engine,5.45,5.45,5.45,0.00
adyen,TXN-105534,ORD-505534,SALE,8620000000001584,EUR,matched,engine,10.91,10.91,10.91,0.00
adyen,TXN-104896,ORD-504896,SALE,8620000000000946,EUR,matched,engine,10.91,10.91,10.91,0.00
adyen,TXN-104468,ORD-504468,SALE,8620000000000518,USD,matched,engine,24.99,24.99,24.99,0.00
adyen,TXN-104021,ORD-504021,SALE,8620000000000071,USD,matched,engine,9.99,9.99,9.99,0.00
adyen,TXN-104042,ORD-504042,SALE,8620000000000092,EUR,matched,engine,10.91,10.91,10.91,0.00
adyen,TXN-104232,ORD-504232,SALE,8620000000000282,EUR,matched,engine,65.51,65.51,65.51,0.00
adyen,TXN-104871,ORD-504871,SALE,8620000000000921,GBP,matched,engine,70.73,70.73,70.73,0.00
adyen,TXN-105426,ORD-505426,SALE,8620000000001476,EUR,matched,engine,27.29,27.29,27.29,0.00
adyen,TXN-105500,ORD-505500,SALE,8620000000001550,EUR,matched_declined,engine,0.00,0.00,0.00,0.00
adyen,TXN-104632,ORD-504632,SALE,8620000000000682,EUR,matched,engine,5.45,5.45,5.45,0.00
adyen,TXN-104922,ORD-504922,SALE,8620000000000972,USD,matched,engine,9.99,9.99,9.99,0.00
adyen,TXN-105086,ORD-505086,SALE,8620000000001136,EUR,matched,engine,10.91,10.91,10.91,0.00
adyen,TXN-105376,ORD-505376,SALE,8620000000001426,EUR,matched,engine,65.51,65.51,65.51,0.00
adyen,TXN-104796,ORD-504796,SALE,8620000000000846,GBP,matched,engine,28.28,28.28,28.28,0.00
adyen,TXN-105590,ORD-505590,SALE,8620000000001640,USD,matched,engine,59.99,59.99,59.99,0.00
adyen,TXN-105599,ORD-505599,SALE,8620000000001649,EUR,matched,engine,5.45,5.45,5.45,0.00
adyen,TXN-104061,ORD-504061,SALE,8620000000000111,EUR,matched,engine,65.51,65.51,65.51,0.00
adyen,TXN-104170,ORD-504170,SALE,8620000000000220,EUR,matched,engine,5.45,5.45,5.45,0.00
adyen,TXN-105059,ORD-505059,SALE,8620000000001109,EUR,matched,engine,65.51,65.51,65.51,0.00
adyen,TXN-104057,ORD-504057,SALE,8620000000000107,EUR,matched,engine,27.29,27.29,27.29,0.00
adyen,TXN-105166,ORD-505166,SALE,8620000000001216,GBP,matched,engine,11.56,11.56,11.56,0.00
adyen,TXN-105364,ORD-505364,SALE,8620000000001414,USD,matched,engine,9.99,9.99,9.99,0.00
adyen,TXN-104706,ORD-504706,SALE,8620000000000756,EUR,matched,engine,10.94,10.94,10.94,0.00
adyen,TXN-104413,ORD-504413,SALE,8620000000000463,EUR,matched,engine,65.67,65.67,65.67,0.00
adyen,TXN-104133,ORD-504133,SALE,8620000000000183,EUR,matched,engine,10.94,10.94,10.94,0.00
adyen,TXN-105539,ORD-505539,SALE,8620000000001589,USD,matched,engine,4.99,4.99,4.99,0.00
adyen,TXN-105272,ORD-505272,SALE,8620000000001322,USD,matched_declined,engine,0.00,0.00,0.00,0.00
adyen,TXN-104307,ORD-504307,SALE,8620000000000357,EUR,matched,engine,5.46,5.46,5.46,0.00
adyen,TXN-105222,ORD-505222,SALE,8620000000001272,USD,matched,engine,4.99,4.99,4.99,0.00
adyen,TXN-105260,ORD-505260,SALE,8620000000001310,USD,matched,engine,4.99,4.99,4.99,0.00
adyen,TXN-105128,ORD-505128,SALE,8620000000001178,USD,matched,engine,9.99,9.99,9.99,0.00
adyen,TXN-104454,ORD-504454,SALE,8620000000000504,EUR,matched,engine,27.36,27.36,27.36,0.00
adyen,TXN-104564,ORD-504564,SALE,8620000000000614,EUR,matched,engine,10.94,10.94,10.94,0.00
adyen,TXN-104510,ORD-504510,SALE,8620000000000560,EUR,matched,engine,10.94,10.94,10.94,0.00
adyen,TXN-104289,ORD-504289,SALE,8620000000000339,GBP,matched,engine,11.58,11.58,11.58,0.00
adyen,TXN-104805,ORD-504805,SALE,8620000000000855,EUR,matched,engine,27.36,27.36,27.36,0.00
adyen,TXN-104549,ORD-504549,SALE,8620000000000599,EUR,matched_declined,engine,0.00,0.00,0.00,0.00
adyen,TXN-105354,ORD-505354,SALE,8620000000001404,GBP,matched,engine,11.58,11.58,11.58,0.00
adyen,TXN-104924,ORD-504924,SALE,8620000000000974,GBP,matched,engine,11.58,11.58,11.58,0.00
adyen,TXN-104617,ORD-504617,SALE,8620000000000667,EUR,matched,engine,10.94,10.94,10.94,0.00
adyen,TXN-105520,ORD-505520,SALE,8620000000001570,EUR,matched,engine,65.67,65.67,65.67,0.00
adyen,TXN-104400,ORD-504400,SALE,8620000000000450,EUR,matched,engine,27.36,27.36,27.36,0.00
adyen,TXN-105265,ORD-505265,SALE,8620000000001315,EUR,matched,engine,10.94,10.94,10.94,0.00
adyen,TXN-105093,ORD-505093,SALE,8620000000001143,USD,matched,engine,9.99,9.99,9.99,0.00
adyen,TXN-104293,ORD-504293,SALE,8620000000000343,EUR,matched,engine,27.36,27.36,27.36,0.00
adyen,TXN-104368,ORD-504368,SALE,8620000000000418,GBP,matched,engine,11.58,11.58,11.58,0.00
adyen,TXN-104201,ORD-504201,SALE,8620000000000251,EUR,matched,engine,10.94,10.94,10.94,0.00
adyen,TXN-105138,ORD-505138,SALE,8620000000001188,GBP,matched,engine,28.34,28.34,28.34,0.00
adyen,TXN-105148,ORD-505148,SALE,8620000000001198,EUR,matched,engine,10.94,10.94,10.94,0.00
adyen,TXN-104386,ORD-504386,SALE,8620000000000436,EUR,matched,engine,10.94,10.94,10.94,0.00
adyen,TXN-104641,ORD-504641,SALE,8620000000000691,GBP,matched,engine,28.34,28.34,28.34,0.00
adyen,TXN-105612,ORD-505612,SALE,8620000000001662,EUR,matched,engine,27.36,27.36,27.36,0.00
adyen,TXN-104447,ORD-504447,SALE,8620000000000497,GBP,matched,engine,11.58,11.58,11.58,0.00
adyen,TXN-105103,ORD-505103,SALE,8620000000001153,USD,matched,engine,9.99,9.99,9.99,0.00
adyen,TXN-105292,ORD-505292,SALE,8620000000001342,GBP,matched,engine,11.58,11.58,11.58,0.00
adyen,TXN-105230,ORD-505230,SALE,8620000000001280,EUR,matched,engine,10.94,10.94,10.94,0.00
adyen,TXN-105159,ORD-505159,SALE,8620000000001209,EUR,matched,engine,10.94,10.94,10.94,0.00
adyen,TXN-105494,ORD-505494,SALE,8620000000001544,EUR,matched,engine,10.94,10.94,10.94,0.00
adyen,TXN-104358,ORD-504358,SALE,8620000000000408,GBP,matched,engine,28.34,28.34,28.34,0.00
adyen,TXN-105436,ORD-505436,SALE,8620000000001486,EUR,matched,engine,10.94,10.94,10.94,0.00
adyen,TXN-104684,ORD-504684,SALE,8620000000000734,EUR,matched,engine,10.94,10.94,10.94,0.00
adyen,TXN-104046,ORD-504046,SALE,8620000000000096,EUR,matched,engine,10.94,10.94,10.94,0.00
adyen,TXN-105130,ORD-505130,SALE,8620000000001180,GBP,matched,engine,11.58,11.58,11.58,0.00
adyen,TXN-105058,ORD-505058,SALE,8620000000001108,USD,matched,engine,59.99,59.99,59.99,0.00
adyen,TXN-105184,ORD-505184,SALE,8620000000001234,EUR,matched,engine,10.94,10.94,10.94,0.00
adyen,TXN-104463,ORD-504463,SALE,8620000000000513,EUR,matched,engine,10.94,10.94,10.94,0.00
adyen,TXN-105111,ORD-505111,SALE,8620000000001161,EUR,matched,engine,10.94,10.94,10.94,0.00
adyen,TXN-105056,ORD-505056,SALE,8620000000001106,GBP,matched,engine,70.86,70.86,70.86,0.00
adyen,TXN-105270,ORD-505270,SALE,8620000000001320,EUR,matched,engine,27.36,27.36,27.36,0.00
adyen,TXN-105596,ORD-505596,SALE,8620000000001646,GBP,matched,engine,11.58,11.58,11.58,0.00
adyen,TXN-103963,ORD-503963,SALE,8620000000000013,EUR,matched,engine,10.94,10.94,10.94,0.00
adyen,TXN-104594,ORD-504594,SALE,8620000000000644,GBP,matched,engine,28.34,28.34,28.34,0.00
adyen,TXN-107897,ORD-505072,REFUND,8620000000001122,EUR,matched,engine,-5.47,-5.47,-5.47,0.00
adyen,TXN-104945,ORD-504945,SALE,8620000000000995,EUR,matched,engine,10.94,10.94,10.94,0.00
adyen,TXN-105538,ORD-505538,SALE,8620000000001588,EUR,matched,engine,65.67,65.67,65.67,0.00
adyen,TXN-104790,ORD-504790,SALE,8620000000000840,EUR,matched,engine,10.94,10.94,10.94,0.00
adyen,TXN-104421,ORD-504421,SALE,8620000000000471,EUR,matched,engine,10.94,10.94,10.94,0.00
adyen,TXN-104181,ORD-504181,SALE,8620000000000231,GBP,matched,engine,11.58,11.58,11.58,0.00
adyen,TXN-104478,ORD-504478,SALE,8620000000000528,EUR,matched,engine,5.46,5.46,5.46,0.00
adyen,TXN-104672,ORD-504672,SALE,8620000000000722,GBP,matched,engine,11.58,11.58,11.58,0.00
adyen,TXN-105475,ORD-505475,SALE,8620000000001525,EUR,matched_declined,engine,0.00,0.00,0.00,0.00
adyen,TXN-105009,ORD-505009,SALE,8620000000001059,GBP,matched,engine,5.79,5.79,5.79,0.00
adyen,TXN-105557,ORD-505557,SALE,8620000000001607,EUR,matched,engine,27.36,27.36,27.36,0.00
adyen,TXN-104877,ORD-504877,SALE,8620000000000927,EUR,matched,engine,10.94,10.94,10.94,0.00
adyen,TXN-104130,ORD-504130,SALE,8620000000000180,EUR,matched,engine,10.94,10.94,10.94,0.00
adyen,TXN-104879,ORD-504879,SALE,8620000000000929,EUR,matched,engine,10.94,10.94,10.94,0.00
adyen,TXN-105618,ORD-505618,SALE,8620000000001668,GBP,matched,engine,28.34,28.34,28.34,0.00
adyen,TXN-104014,ORD-504014,SALE,8620000000000064,EUR,matched,engine,5.46,5.46,5.46,0.00
adyen,TXN-104142,ORD-504142,SALE,8620000000000192,GBP,matched,engine,70.86,70.86,70.86,0.00
adyen,TXN-105413,ORD-505413,SALE,8620000000001463,GBP,matched,engine,70.86,70.86,70.86,0.00
adyen,TXN-105088,ORD-505088,SALE,8620000000001138,EUR,matched,engine,10.94,10.94,10.94,0.00
adyen,TXN-104375,ORD-504375,SALE,8620000000000425,EUR,matched,engine,65.67,65.67,65.67,0.00
adyen,TXN-103952,ORD-503952,SALE,8620000000000002,EUR,matched,engine,27.36,27.36,27.36,0.00
adyen,TXN-104622,ORD-504622,SALE,8620000000000672,EUR,matched,engine,27.36,27.36,27.36,0.00
adyen,TXN-105375,ORD-505375,SALE,8620000000001425,EUR,matched,engine,5.46,5.46,5.46,0.00
adyen,TXN-104079,ORD-504079,SALE,8620000000000129,EUR,matched,engine,65.67,65.67,65.67,0.00
adyen,TXN-104356,ORD-504356,SALE,8620000000000406,EUR,matched,engine,5.46,5.46,5.46,0.00
adyen,TXN-105497,ORD-505497,SALE,8620000000001547,EUR,matched,engine,27.36,27.36,27.36,0.00
adyen,TXN-104214,ORD-504214,SALE,8620000000000264,GBP,matched,engine,11.58,11.58,11.58,0.00
adyen,TXN-103968,ORD-503968,SALE,8620000000000018,EUR,matched,engine,10.94,10.94,10.94,0.00
adyen,TXN-104007,ORD-504007,SALE,8620000000000057,EUR,matched_declined,engine,0.00,0.00,0.00,0.00
adyen,TXN-104936,ORD-504936,SALE,8620000000000986,GBP,matched,engine,28.34,28.34,28.34,0.00
adyen,TXN-104940,ORD-504940,SALE,8620000000000990,EUR,matched,engine,10.94,10.94,10.94,0.00
adyen,TXN-105068,ORD-505068,SALE,8620000000001118,EUR,matched,engine,10.94,10.94,10.94,0.00
adyen,TXN-104732,ORD-504732,SALE,8620000000000782,EUR,matched,engine,10.94,10.94,10.94,0.00
adyen,TXN-104963,ORD-504963,SALE,8620000000001013,EUR,matched_declined,engine,0.00,0.00,0.00,0.00
adyen,TXN-105102,ORD-505102,SALE,8620000000001152,EUR,matched,engine,5.46,5.46,5.46,0.00
adyen,TXN-104838,ORD-504838,SALE,8620000000000888,EUR,matched,engine,65.67,65.67,65.67,0.00
adyen,TXN-105324,ORD-505324,SALE,8620000000001374,GBP,matched_declined,engine,0.00,0.00,0.00,0.00
adyen,TXN-104903,ORD-504903,SALE,8620000000000953,USD,matched,engine,4.99,4.99,4.99,0.00
adyen,TXN-104973,ORD-504973,SALE,8620000000001023,EUR,matched_declined,engine,0.00,0.00,0.00,0.00
adyen,TXN-104224,ORD-504224,SALE,8620000000000274,EUR,matched,engine,27.36,27.36,27.36,0.00
adyen,TXN-104648,ORD-504648,SALE,8620000000000698,EUR,matched,engine,10.94,10.94,10.94,0.00
adyen,TXN-105143,ORD-505143,SALE,8620000000001193,GBP,matched,engine,5.79,5.79,5.79,0.00
adyen,TXN-104090,ORD-504090,SALE,8620000000000140,EUR,matched,engine,10.94,10.94,10.94,0.00
adyen,TXN-104579,ORD-504579,SALE,8620000000000629,GBP,matched,engine,11.58,11.58,11.58,0.00
adyen,TXN-104700,ORD-504700,SALE,8620000000000750,EUR,matched,engine,10.94,10.94,10.94,0.00
adyen,TXN-104755,ORD-504755,SALE,8620000000000805,EUR,matched,engine,27.36,27.36,27.36,0.00
adyen,TXN-104804,ORD-504804,SALE,8620000000000854,EUR,matched,engine,10.94,10.94,10.94,0.00
adyen,TXN-104942,ORD-504942,SALE,8620000000000992,EUR,matched,engine,65.67,65.67,65.67,0.00
adyen,TXN-104284,ORD-504284,SALE,8620000000000334,EUR,matched,engine,65.67,65.67,65.67,0.00
adyen,TXN-104175,ORD-504175,SALE,8620000000000225,EUR,matched,engine,10.94,10.94,10.94,0.00
adyen,TXN-104907,ORD-504907,SALE,8620000000000957,EUR,matched,engine,10.94,10.94,10.94,0.00
adyen,TXN-104638,ORD-504638,SALE,8620000000000688,EUR,matched,engine,10.94,10.94,10.94,0.00
adyen,TXN-104834,ORD-504834,SALE,8620000000000884,USD,matched_declined,engine,0.00,0.00,0.00,0.00
adyen,TXN-104223,ORD-504223,SALE,8620000000000273,GBP,matched,engine,11.58,11.58,11.58,0.00
adyen,TXN-105236,ORD-505236,SALE,8620000000001286,GBP,matched,engine,11.58,11.58,11.58,0.00
adyen,TXN-104022,ORD-504022,SALE,8620000000000072,USD,matched,engine,9.99,9.99,9.99,0.00
adyen,TXN-104403,ORD-504403,SALE,8620000000000453,EUR,matched,engine,65.67,65.67,65.67,0.00
adyen,TXN-104737,ORD-504737,SALE,8620000000000787,EUR,matched,engine,5.46,5.46,5.46,0.00
adyen,TXN-104005,ORD-504005,SALE,8620000000000055,EUR,matched,engine,10.94,10.94,10.94,0.00
adyen,TXN-104366,ORD-504366,SALE,8620000000000416,EUR,matched,engine,5.46,5.46,5.46,0.00
adyen,TXN-104540,ORD-504540,SALE,8620000000000590,USD,matched,engine,59.99,59.99,59.99,0.00
adyen,TXN-104670,ORD-504670,SALE,8620000000000720,EUR,matched,engine,10.94,10.94,10.94,0.00
adyen,TXN-104808,ORD-504808,SALE,8620000000000858,EUR,matched,engine,65.67,65.67,65.67,0.00
adyen,TXN-104484,ORD-504484,SALE,8620000000000534,EUR,matched,engine,10.94,10.94,10.94,0.00
adyen,TXN-104177,ORD-504177,SALE,8620000000000227,USD,matched,engine,9.99,9.99,9.99,0.00
adyen,TXN-104434,ORD-504434,SALE,8620000000000484,USD,matched,engine,9.99,9.99,9.99,0.00
adyen,TXN-105256,ORD-505256,SALE,8620000000001306,USD,matched,engine,59.99,59.99,59.99,0.00
adyen,TXN-104760,ORD-504760,SALE,8620000000000810,USD,matched,engine,24.99,24.99,24.99,0.00
adyen,TXN-105194,ORD-505194,SALE,8620000000001244,EUR,matched,engine,5.46,5.46,5.46,0.00
adyen,TXN-105147,ORD-505147,SALE,8620000000001197,USD,matched_declined,engine,0.00,0.00,0.00,0.00
adyen,TXN-105168,ORD-505168,SALE,8620000000001218,EUR,matched,engine,10.94,10.94,10.94,0.00
adyen,TXN-105063,ORD-505063,SALE,8620000000001113,USD,matched,engine,59.99,59.99,59.99,0.00
adyen,TXN-104857,ORD-504857,SALE,8620000000000907,GBP,matched,engine,11.58,11.58,11.58,0.00
adyen,TXN-104938,ORD-504938,SALE,8620000000000988,EUR,matched,engine,10.94,10.94,10.94,0.00
adyen,TXN-104595,ORD-504595,SALE,8620000000000645,USD,matched,engine,9.99,9.99,9.99,0.00
adyen,TXN-105079,ORD-505079,SALE,8620000000001129,GBP,matched,engine,11.58,11.58,11.58,0.00
adyen,TXN-104848,ORD-504848,SALE,8620000000000898,EUR,matched,engine,5.46,5.46,5.46,0.00
adyen,TXN-104441,ORD-504441,SALE,8620000000000491,EUR,matched,engine,10.94,10.94,10.94,0.00
adyen,TXN-104328,ORD-504328,SALE,8620000000000378,GBP,matched_declined,engine,0.00,0.00,0.00,0.00
adyen,TXN-104068,ORD-504068,SALE,8620000000000118,EUR,matched,engine,5.46,5.46,5.46,0.00
adyen,TXN-104056,ORD-504056,SALE,8620000000000106,USD,matched,engine,24.99,24.99,24.99,0.00
adyen,TXN-105255,ORD-505255,SALE,8620000000001305,EUR,matched,engine,27.36,27.36,27.36,0.00
adyen,TXN-105211,ORD-505211,SALE,8620000000001261,EUR,matched,engine,10.94,10.94,10.94,0.00
adyen,TXN-105417,ORD-505417,SALE,8620000000001467,EUR,matched,engine,10.94,10.94,10.94,0.00
adyen,TXN-104242,ORD-504242,SALE,8620000000000292,GBP,matched,engine,11.58,11.58,11.58,0.00
adyen,TXN-105336,ORD-505336,SALE,8620000000001386,EUR,matched,engine,10.94,10.94,10.94,0.00
adyen,TXN-104542,ORD-504542,SALE,8620000000000592,GBP,matched,engine,5.79,5.79,5.79,0.00
adyen,TXN-104015,ORD-504015,SALE,8620000000000065,USD,matched,engine,9.99,9.99,9.99,0.00
adyen,TXN-103964,ORD-503964,SALE,8620000000000014,GBP,matched,engine,11.58,11.58,11.58,0.00
adyen,TXN-105422,ORD-505422,SALE,8620000000001472,EUR,matched,engine,27.36,27.36,27.36,0.00
adyen,TXN-104527,ORD-504527,SALE,8620000000000577,EUR,matched_declined,engine,0.00,0.00,0.00,0.00
adyen,TXN-104249,ORD-504249,SALE,8620000000000299,GBP,matched,engine,11.58,11.58,11.58,0.00
adyen,TXN-105281,ORD-505281,SALE,8620000000001331,EUR,matched,engine,5.46,5.46,5.46,0.00
adyen,TXN-105036,ORD-505036,SALE,8620000000001086,EUR,matched,engine,27.36,27.36,27.36,0.00
adyen,TXN-105393,ORD-505393,SALE,8620000000001443,GBP,matched,engine,11.58,11.58,11.58,0.00
adyen,TXN-104806,ORD-504806,SALE,8620000000000856,GBP,matched,engine,11.58,11.58,11.58,0.00
adyen,TXN-105621,ORD-505621,SALE,8620000000001671,EUR,matched,engine,27.36,27.36,27.36,0.00
adyen,TXN-104314,ORD-504314,SALE,8620000000000364,USD,matched,engine,9.99,9.99,9.99,0.00
adyen,TXN-105442,ORD-505442,SALE,8620000000001492,GBP,matched,engine,11.58,11.58,11.58,0.00
adyen,TXN-105216,ORD-505216,SALE,8620000000001266,GBP,matched,engine,11.58,11.58,11.58,0.00
adyen,TXN-104476,ORD-504476,SALE,8620000000000526,EUR,matched,engine,27.36,27.36,27.36,0.00
adyen,TXN-104710,ORD-504710,SALE,8620000000000760,EUR,matched,engine,65.67,65.67,65.67,0.00
adyen,TXN-105287,ORD-505287,SALE,8620000000001337,EUR,matched,engine,65.67,65.67,65.67,0.00
adyen,TXN-104297,ORD-504297,SALE,8620000000000347,EUR,matched,engine,10.94,10.94,10.94,0.00
adyen,TXN-104264,ORD-504264,SALE,8620000000000314,USD,matched,engine,59.99,59.99,59.99,0.00
adyen,TXN-104556,ORD-504556,SALE,8620000000000606,EUR,matched,engine,10.94,10.94,10.94,0.00
adyen,TXN-104529,ORD-504529,SALE,8620000000000579,EUR,matched,engine,65.67,65.67,65.67,0.00
adyen,TXN-104893,ORD-504893,SALE,8620000000000943,USD,matched,engine,9.99,9.99,9.99,0.00
adyen,TXN-105175,ORD-505175,SALE,8620000000001225,GBP,matched,engine,5.79,5.79,5.79,0.00
adyen,TXN-104193,ORD-504193,SALE,8620000000000243,EUR,matched_declined,engine,0.00,0.00,0.00,0.00
adyen,TXN-104972,ORD-504972,SALE,8620000000001022,GBP,matched,engine,5.79,5.79,5.79,0.00
adyen,TXN-104183,ORD-504183,SALE,8620000000000233,GBP,matched,engine,70.86,70.86,70.86,0.00
adyen,TXN-105213,ORD-505213,SALE,8620000000001263,EUR,matched,engine,5.46,5.46,5.46,0.00
adyen,TXN-105187,ORD-505187,SALE,8620000000001237,EUR,matched,engine,27.36,27.36,27.36,0.00
adyen,TXN-104663,ORD-504663,SALE,8620000000000713,EUR,matched,engine,10.94,10.94,10.94,0.00
adyen,TXN-104045,ORD-504045,SALE,8620000000000095,EUR,matched,engine,10.94,10.94,10.94,0.00
adyen,TXN-105127,ORD-505127,SALE,8620000000001177,EUR,matched,engine,10.94,10.94,10.94,0.00
adyen,TXN-104845,ORD-504845,SALE,8620000000000895,EUR,matched,engine,65.67,65.67,65.67,0.00
adyen,TXN-105349,ORD-505349,SALE,8620000000001399,EUR,matched,engine,10.94,10.94,10.94,0.00
adyen,TXN-103984,ORD-503984,SALE,8620000000000034,EUR,matched,engine,27.36,27.36,27.36,0.00
adyen,TXN-105278,ORD-505278,SALE,8620000000001328,EUR,matched,engine,10.94,10.94,10.94,0.00
adyen,TXN-105241,ORD-505241,SALE,8620000000001291,EUR,matched,engine,10.94,10.94,10.94,0.00
adyen,TXN-104551,ORD-504551,SALE,8620000000000601,USD,matched,engine,24.99,24.99,24.99,0.00
adyen,TXN-105537,ORD-505537,SALE,8620000000001587,GBP,matched,engine,11.58,11.58,11.58,0.00
adyen,TXN-105580,ORD-505580,SALE,8620000000001630,GBP,matched,engine,11.58,11.58,11.58,0.00
adyen,TXN-104772,ORD-504772,SALE,8620000000000822,EUR,matched,engine,10.94,10.94,10.94,0.00
adyen,TXN-103996,ORD-503996,SALE,8620000000000046,EUR,matched,engine,10.94,10.94,10.94,0.00
adyen,TXN-104588,ORD-504588,SALE,8620000000000638,EUR,matched,engine,10.94,10.94,10.94,0.00
adyen,TXN-105137,ORD-505137,SALE,8620000000001187,EUR,matched,engine,65.67,65.67,65.67,0.00
adyen,TXN-104197,ORD-504197,SALE,8620000000000247,EUR,matched,engine,10.94,10.94,10.94,0.00
adyen,TXN-104310,ORD-504310,SALE,8620000000000360,USD,matched,engine,24.99,24.99,24.99,0.00
adyen,TXN-104998,ORD-504998,SALE,8620000000001048,EUR,matched_declined,engine,0.00,0.00,0.00,0.00
adyen,TXN-105262,ORD-505262,SALE,8620000000001312,EUR,matched,engine,10.94,10.94,10.94,0.00
adyen,TXN-104275,ORD-504275,SALE,8620000000000325,USD,matched_declined,engine,0.00,0.00,0.00,0.00
adyen,TXN-104614,ORD-504614,SALE,8620000000000664,EUR,matched,engine,10.90,10.90,10.90,0.00
adyen,TXN-105310,ORD-505310,SALE,8620000000001360,EUR,matched,engine,10.90,10.90,10.90,0.00
adyen,TXN-104949,ORD-504949,SALE,8620000000000999,USD,matched,engine,9.99,9.99,9.99,0.00
adyen,TXN-104718,ORD-504718,SALE,8620000000000768,GBP,matched,engine,28.38,28.38,28.38,0.00
adyen,TXN-104389,ORD-504389,SALE,8620000000000439,EUR,matched,engine,10.90,10.90,10.90,0.00
adyen,TXN-105302,ORD-505302,SALE,8620000000001352,EUR,matched,engine,27.26,27.26,27.26,0.00
adyen,TXN-104169,ORD-504169,SALE,8620000000000219,EUR,matched,engine,27.26,27.26,27.26,0.00
adyen,TXN-104967,ORD-504967,SALE,8620000000001017,EUR,matched,engine,65.45,65.45,65.45,0.00
adyen,TXN-105002,ORD-505002,SALE,8620000000001052,EUR,matched,engine,10.90,10.90,10.90,0.00
adyen,TXN-104726,ORD-504726,SALE,8620000000000776,EUR,matched,engine,27.26,27.26,27.26,0.00
adyen,TXN-104294,ORD-504294,SALE,8620000000000344,EUR,matched,engine,10.90,10.90,10.90,0.00
adyen,TXN-104427,ORD-504427,SALE,8620000000000477,EUR,matched,engine,10.90,10.90,10.90,0.00
adyen,TXN-105050,ORD-505050,SALE,8620000000001100,USD,matched,engine,9.99,9.99,9.99,0.00
adyen,TXN-105043,ORD-505043,SALE,8620000000001093,GBP,matched,engine,70.97,70.97,70.97,0.00
adyen,TXN-104011,ORD-504011,SALE,8620000000000061,USD,matched,engine,59.99,59.99,59.99,0.00
adyen,TXN-105332,ORD-505332,SALE,8620000000001382,EUR,matched_declined,engine,0.00,0.00,0.00,0.00
adyen,TXN-105232,ORD-505232,SALE,8620000000001282,USD,matched_declined,engine,0.00,0.00,0.00,0.00
adyen,TXN-107959,ORD-507785,SALE,8620000000001784,EUR,status_mismatch,provider,10.90,0.00,0.00,-10.90
adyen,TXN-104449,ORD-504449,SALE,8620000000000499,EUR,matched,engine,27.26,27.26,27.26,0.00
adyen,TXN-104120,ORD-504120,SALE,8620000000000170,EUR,matched,engine,10.90,10.90,10.90,0.00
adyen,TXN-105303,ORD-505303,SALE,8620000000001353,EUR,matched,engine,65.45,65.45,65.45,0.00
adyen,TXN-105327,ORD-505327,SALE,8620000000001377,GBP,matched,engine,11.60,11.60,11.60,0.00
adyen,TXN-104566,ORD-504566,SALE,8620000000000616,EUR,matched_declined,engine,0.00,0.00,0.00,0.00
adyen,TXN-105521,ORD-505521,SALE,8620000000001571,USD,matched,engine,9.99,9.99,9.99,0.00
adyen,TXN-105385,ORD-505385,SALE,8620000000001435,USD,matched,engine,24.99,24.99,24.99,0.00
adyen,TXN-104059,ORD-504059,SALE,8620000000000109,EUR,matched,engine,10.90,10.90,10.90,0.00
adyen,TXN-104609,ORD-504609,SALE,8620000000000659,EUR,matched,engine,65.45,65.45,65.45,0.00
adyen,TXN-104762,ORD-504762,SALE,8620000000000812,EUR,matched,engine,10.90,10.90,10.90,0.00
adyen,TXN-104928,ORD-504928,SALE,8620000000000978,EUR,matched,engine,10.90,10.90,10.90,0.00
adyen,TXN-104560,ORD-504560,SALE,8620000000000610,USD,matched,engine,9.99,9.99,9.99,0.00
adyen,TXN-104435,ORD-504435,SALE,8620000000000485,USD,matched,engine,9.99,9.99,9.99,0.00
adyen,TXN-105119,ORD-505119,SALE,8620000000001169,GBP,matched,engine,11.60,11.60,11.60,0.00
adyen,TXN-105084,ORD-505084,SALE,8620000000001134,EUR,matched,engine,10.90,10.90,10.90,0.00
adyen,TXN-104674,ORD-504674,SALE,8620000000000724,EUR,matched,engine,10.90,10.90,10.90,0.00
adyen,TXN-104244,ORD-504244,SALE,8620000000000294,EUR,matched,engine,5.44,5.44,5.44,0.00
adyen,TXN-105316,ORD-505316,SALE,8620000000001366,EUR,matched,engine,27.26,27.26,27.26,0.00
adyen,TXN-105206,ORD-505206,SALE,8620000000001256,EUR,matched_declined,engine,0.00,0.00,0.00,0.00
adyen,TXN-104291,ORD-504291,SALE,8620000000000341,EUR,matched,engine,27.26,27.26,27.26,0.00
adyen,TXN-104681,ORD-504681,SALE,8620000000000731,GBP,matched,engine,11.60,11.60,11.60,0.00
adyen,TXN-104344,ORD-504344,SALE,8620000000000394,EUR,matched,engine,27.26,27.26,27.26,0.00
adyen,TXN-104171,ORD-504171,SALE,8620000000000221,USD,matched,engine,9.99,9.99,9.99,0.00
adyen,TXN-104831,ORD-504831,SALE,8620000000000881,EUR,matched,engine,10.90,10.90,10.90,0.00
adyen,TXN-104881,ORD-504881,SALE,8620000000000931,EUR,matched,engine,5.44,5.44,5.44,0.00
adyen,TXN-104124,ORD-504124,SALE,8620000000000174,USD,matched,engine,9.99,9.99,9.99,0.00
adyen,TXN-104033,ORD-504033,SALE,8620000000000083,EUR,matched,engine,10.93,10.93,10.93,0.00
adyen,TXN-104282,ORD-504282,SALE,8620000000000332,EUR,matched_declined,engine,0.00,0.00,0.00,0.00
adyen,TXN-104361,ORD-504361,SALE,8620000000000411,GBP,matched_declined,engine,0.00,0.00,0.00,0.00
adyen,TXN-104950,ORD-504950,SALE,8620000000001000,EUR,matched,engine,65.64,65.64,65.64,0.00
adyen,TXN-104316,ORD-504316,SALE,8620000000000366,EUR,matched,engine,27.34,27.34,27.34,0.00
adyen,TXN-105282,ORD-505282,SALE,8620000000001332,EUR,matched,engine,65.64,65.64,65.64,0.00
adyen,TXN-103988,ORD-503988,SALE,8620000000000038,USD,matched,engine,4.99,4.99,4.99,0.00
adyen,TXN-104304,ORD-504304,SALE,8620000000000354,EUR,matched,engine,65.64,65.64,65.64,0.00
adyen,TXN-103957,ORD-503957,SALE,8620000000000007,EUR,matched,engine,10.93,10.93,10.93,0.00
adyen,TXN-105226,ORD-505226,SALE,8620000000001276,EUR,matched,engine,65.64,65.64,65.64,0.00
adyen,TXN-104117,ORD-504117,SALE,8620000000000167,EUR,matched,engine,10.93,10.93,10.93,0.00
adyen,TXN-105501,ORD-505501,SALE,8620000000001551,EUR,matched,engine,10.93,10.93,10.93,0.00
adyen,TXN-104113,ORD-504113,SALE,8620000000000163,EUR,matched,engine,10.93,10.93,10.93,0.00
adyen,TXN-105065,ORD-505065,SALE,8620000000001115,EUR,matched,engine,10.93,10.93,10.93,0.00
adyen,TXN-104538,ORD-504538,SALE,8620000000000588,USD,matched,engine,9.99,9.99,9.99,0.00
adyen,TXN-104097,ORD-504097,SALE,8620000000000147,EUR,matched,engine,10.93,10.93,10.93,0.00
adyen,TXN-105099,ORD-505099,SALE,8620000000001149,GBP,matched,engine,5.80,5.80,5.80,0.00
adyen,TXN-104397,ORD-504397,SALE,8620000000000447,USD,matched,engine,24.99,24.99,24.99,0.00
adyen,TXN-104987,ORD-504987,SALE,8620000000001037,EUR,matched,engine,65.64,65.64,65.64,0.00
adyen,TXN-105183,ORD-505183,SALE,8620000000001233,EUR,matched,engine,27.34,27.34,27.34,0.00
adyen,TXN-104302,ORD-504302,SALE,8620000000000352,USD,matched,engine,9.99,9.99,9.99,0.00
adyen,TXN-104346,ORD-504346,SALE,8620000000000396,EUR,matched,engine,65.64,65.64,65.64,0.00
adyen,TXN-105394,ORD-505394,SALE,8620000000001444,GBP,matched,engine,28.42,28.42,28.42,0.00
adyen,TXN-105158,ORD-505158,SALE,8620000000001208,EUR,matched,engine,10.93,10.93,10.93,0.00
adyen,TXN-104543,ORD-504543,SALE,8620000000000593,EUR,matched,engine,65.64,65.64,65.64,0.00
adyen,TXN-103974,ORD-503974,SALE,8620000000000024,EUR,matched,engine,10.93,10.93,10.93,0.00
adyen,TXN-105403,ORD-505403,SALE,8620000000001453,EUR,matched,engine,65.64,65.64,65.64,0.00
adyen,TXN-103958,ORD-503958,SALE,8620000000000008,GBP,matched,engine,11.62,11.62,11.62,0.00
adyen,TXN-104161,ORD-504161,SALE,8620000000000211,EUR,matched,engine,10.93,10.93,10.93,0.00
adyen,TXN-104148,ORD-504148,SALE,8620000000000198,GBP,matched_declined,engine,0.00,0.00,0.00,0.00
adyen,TXN-105311,ORD-505311,SALE,8620000000001361,GBP,matched,engine,28.42,28.42,28.42,0.00
adyen,TXN-105519,ORD-505519,SALE,8620000000001569,EUR,matched,engine,27.34,27.34,27.34,0.00
adyen,TXN-105279,ORD-505279,SALE,8620000000001329,EUR,matched,engine,10.93,10.93,10.93,0.00
adyen,TXN-105144,ORD-505144,SALE,8620000000001194,EUR,matched,engine,10.93,10.93,10.93,0.00
adyen,TXN-105217,ORD-505217,SALE,8620000000001267,USD,matched,engine,9.99,9.99,9.99,0.00
adyen,TXN-104082,ORD-504082,SALE,8620000000000132,EUR,matched,engine,5.46,5.46,5.46,0.00
adyen,TXN-104798,ORD-504798,SALE,8620000000000848,EUR,matched,engine,10.93,10.93,10.93,0.00
adyen,TXN-104192,ORD-504192,SALE,8620000000000242,USD,matched,engine,24.99,24.99,24.99,0.00
adyen,TXN-104135,ORD-504135,SALE,8620000000000185,EUR,matched,engine,10.93,10.93,10.93,0.00
adyen,TXN-104508,ORD-504508,SALE,8620000000000558,USD,matched,engine,4.99,4.99,4.99,0.00
adyen,TXN-104230,ORD-504230,SALE,8620000000000280,EUR,matched,engine,65.64,65.64,65.64,0.00
adyen,TXN-105202,ORD-505202,SALE,8620000000001252,EUR,matched,engine,10.93,10.93,10.93,0.00
adyen,TXN-105204,ORD-505204,SALE,8620000000001254,EUR,matched,engine,10.93,10.93,10.93,0.00
adyen,TXN-104411,ORD-504411,SALE,8620000000000461,EUR,matched,engine,10.93,10.93,10.93,0.00
adyen,TXN-104078,ORD-504078,SALE,8620000000000128,EUR,matched,engine,65.64,65.64,65.64,0.00
adyen,TXN-105156,ORD-505156,SALE,8620000000001206,EUR,matched,engine,10.93,10.93,10.93,0.00
adyen,TXN-104283,ORD-504283,SALE,8620000000000333,GBP,matched,engine,11.62,11.62,11.62,0.00
adyen,TXN-104136,ORD-504136,SALE,8620000000000186,EUR,matched,engine,5.46,5.46,5.46,0.00
adyen,TXN-104795,ORD-504795,SALE,8620000000000845,EUR,matched,engine,65.64,65.64,65.64,0.00
adyen,TXN-104856,ORD-504856,SALE,8620000000000906,USD,matched,engine,9.99,9.99,9.99,0.00
adyen,TXN-105033,ORD-505033,SALE,8620000000001083,EUR,matched,engine,10.93,10.93,10.93,0.00
adyen,TXN-105129,ORD-505129,SALE,8620000000001179,EUR,matched,engine,27.34,27.34,27.34,0.00
adyen,TXN-104716,ORD-504716,SALE,8620000000000766,GBP,matched,engine,5.80,5.80,5.80,0.00
adyen,TXN-104143,ORD-504143,SALE,8620000000000193,EUR,matched,engine,10.93,10.93,10.93,0.00
adyen,TXN-104504,ORD-504504,SALE,8620000000000554,EUR,matched,engine,10.93,10.93,10.93,0.00
adyen,TXN-105101,ORD-505101,SALE,8620000000001151,EUR,matched,engine,10.93,10.93,10.93,0.00
adyen,TXN-104239,ORD-504239,SALE,8620000000000289,EUR,matched,engine,10.93,10.93,10.93,0.00
adyen,TXN-105112,ORD-505112,SALE,8620000000001162,EUR,matched,engine,27.34,27.34,27.34,0.00
adyen,TXN-104377,ORD-504377,SALE,8620000000000427,USD,matched,engine,9.99,9.99,9.99,0.00
adyen,TXN-105146,ORD-505146,SALE,8620000000001196,EUR,matched_declined,engine,0.00,0.00,0.00,0.00
adyen,TXN-105536,ORD-505536,SALE,8620000000001586,EUR,matched,engine,10.93,10.93,10.93,0.00
adyen,TXN-104696,ORD-504696,SALE,8620000000000746,EUR,matched,engine,10.93,10.93,10.93,0.00
adyen,TXN-105581,ORD-505581,SALE,8620000000001631,EUR,matched,engine,10.93,10.93,10.93,0.00
adyen,TXN-104802,ORD-504802,SALE,8620000000000852,EUR,matched,engine,27.34,27.34,27.34,0.00
adyen,TXN-104474,ORD-504474,SALE,8620000000000524,USD,matched,engine,4.99,4.99,4.99,0.00
adyen,TXN-105247,ORD-505247,SALE,8620000000001297,GBP,matched,engine,28.42,28.42,28.42,0.00
adyen,TXN-104094,ORD-504094,SALE,8620000000000144,GBP,matched,engine,5.80,5.80,5.80,0.00
adyen,TXN-104281,ORD-504281,SALE,8620000000000331,USD,matched,engine,4.99,4.99,4.99,0.00
adyen,TXN-104875,ORD-504875,SALE,8620000000000925,USD,matched,engine,9.99,9.99,9.99,0.00
adyen,TXN-104186,ORD-504186,SALE,8620000000000236,GBP,matched,engine,11.59,11.59,11.59,0.00
adyen,TXN-104058,ORD-504058,SALE,8620000000000108,EUR,matched,engine,10.90,10.90,10.90,0.00
adyen,TXN-104209,ORD-504209,SALE,8620000000000259,GBP,matched,engine,11.59,11.59,11.59,0.00
adyen,TXN-105526,ORD-505526,SALE,8620000000001576,GBP,matched,engine,11.59,11.59,11.59,0.00
adyen,TXN-105448,ORD-505448,SALE,8620000000001498,EUR,matched,engine,10.90,10.90,10.90,0.00
adyen,TXN-104819,ORD-504819,SALE,8620000000000869,USD,matched,engine,9.99,9.99,9.99,0.00
adyen,TXN-104999,ORD-504999,SALE,8620000000001049,EUR,matched,engine,10.90,10.90,10.90,0.00
adyen,TXN-104144,ORD-504144,SALE,8620000000000194,GBP,matched,engine,11.59,11.59,11.59,0.00
adyen,TXN-104490,ORD-504490,SALE,8620000000000540,EUR,matched,engine,65.43,65.43,65.43,0.00
adyen,TXN-104749,ORD-504749,SALE,8620000000000799,EUR,matched,engine,27.26,27.26,27.26,0.00
adyen,TXN-105154,ORD-505154,SALE,8620000000001204,GBP,matched,engine,11.59,11.59,11.59,0.00
adyen,TXN-105347,ORD-505347,SALE,8620000000001397,EUR,matched,engine,10.90,10.90,10.90,0.00
adyen,TXN-105509,ORD-505509,SALE,8620000000001559,EUR,matched_declined,engine,0.00,0.00,0.00,0.00
adyen,TXN-105510,ORD-505510,SALE,8620000000001560,EUR,matched_declined,engine,0.00,0.00,0.00,0.00
adyen,TXN-105076,ORD-505076,SALE,8620000000001126,EUR,matched,engine,10.90,10.90,10.90,0.00
adyen,TXN-104630,ORD-504630,SALE,8620000000000680,USD,matched,engine,24.99,24.99,24.99,0.00
adyen,TXN-104352,ORD-504352,SALE,8620000000000402,EUR,matched,engine,10.90,10.90,10.90,0.00
adyen,TXN-107878,ORD-504138,REFUND,8620000000000188,USD,matched,engine,-9.99,-9.99,-9.99,0.00
adyen,TXN-104763,ORD-504763,SALE,8620000000000813,EUR,matched,engine,10.90,10.90,10.90,0.00
adyen,TXN-104862,ORD-504862,SALE,8620000000000912,EUR,matched,engine,10.90,10.90,10.90,0.00
adyen,TXN-104071,ORD-504071,SALE,8620000000000121,EUR,matched,engine,10.90,10.90,10.90,0.00
adyen,TXN-105427,ORD-505427,SALE,8620000000001477,EUR,matched,engine,5.44,5.44,5.44,0.00
adyen,TXN-104498,ORD-504498,SALE,8620000000000548,EUR,matched,engine,10.90,10.90,10.90,0.00
adyen,TXN-105604,ORD-505604,SALE,8620000000001654,EUR,matched,engine,10.90,10.90,10.90,0.00
adyen,TXN-104466,ORD-504466,SALE,8620000000000516,EUR,matched,engine,10.90,10.90,10.90,0.00
adyen,TXN-104959,ORD-504959,SALE,8620000000001009,EUR,matched,engine,5.44,5.44,5.44,0.00
adyen,TXN-105452,ORD-505452,SALE,8620000000001502,EUR,matched,engine,10.90,10.90,10.90,0.00
adyen,TXN-104515,ORD-504515,SALE,8620000000000565,GBP,matched,engine,28.34,28.34,28.34,0.00
adyen,TXN-105105,ORD-505105,SALE,8620000000001155,EUR,matched,engine,10.90,10.90,10.90,0.00
adyen,TXN-104810,ORD-504810,SALE,8620000000000860,EUR,matched,engine,27.26,27.26,27.26,0.00
adyen,TXN-105218,ORD-505218,SALE,8620000000001268,EUR,matched,engine,5.44,5.44,5.44,0.00
adyen,TXN-104311,ORD-504311,SALE,8620000000000361,EUR,matched,engine,27.26,27.26,27.26,0.00
adyen,TXN-105578,ORD-505578,SALE,8620000000001628,EUR,matched,engine,65.43,65.43,65.43,0.00
adyen,TXN-104185,ORD-504185,SALE,8620000000000235,EUR,matched,engine,10.90,10.90,10.90,0.00
adyen,TXN-104779,ORD-504779,SALE,8620000000000829,EUR,matched,engine,10.90,10.90,10.90,0.00
adyen,TXN-105505,ORD-505505,SALE,8620000000001555,GBP,matched,engine,11.59,11.59,11.59,0.00
adyen,TXN-104662,ORD-504662,SALE,8620000000000712,USD,matched,engine,9.99,9.99,9.99,0.00
adyen,TXN-104593,ORD-504593,SALE,8620000000000643,EUR,matched,engine,10.90,10.90,10.90,0.00
adyen,TXN-105502,ORD-505502,SALE,8620000000001552,EUR,matched,engine,27.26,27.26,27.26,0.00
adyen,TXN-104496,ORD-504496,SALE,8620000000000546,GBP,matched,engine,28.34,28.34,28.34,0.00
adyen,TXN-104410,ORD-504410,SALE,8620000000000460,GBP,matched,engine,11.59,11.59,11.59,0.00
adyen,TXN-105634,ORD-505634,SALE,8620000000001684,EUR,matched,engine,10.90,10.90,10.90,0.00
adyen,TXN-105338,ORD-505338,SALE,8620000000001388,USD,matched,engine,59.99,59.99,59.99,0.00
adyen,TXN-105321,ORD-505321,SALE,8620000000001371,EUR,matched,engine,10.90,10.90,10.90,0.00
adyen,TXN-104589,ORD-504589,SALE,8620000000000639,EUR,matched,engine,65.43,65.43,65.43,0.00
adyen,TXN-105620,ORD-505620,SALE,8620000000001670,EUR,matched,engine,10.90,10.90,10.90,0.00
adyen,TXN-104874,ORD-504874,SALE,8620000000000924,EUR,matched,engine,10.90,10.90,10.90,0.00
adyen,TXN-104637,ORD-504637,SALE,8620000000000687,GBP,matched,engine,70.88,70.88,70.88,0.00
adyen,TXN-105582,ORD-505582,SALE,8620000000001632,EUR,matched,engine,10.90,10.90,10.90,0.00
adyen,TXN-105317,ORD-505317,SALE,8620000000001367,GBP,matched,engine,28.34,28.34,28.34,0.00
adyen,TXN-104469,ORD-504469,SALE,8620000000000519,EUR,matched,engine,10.90,10.90,10.90,0.00
adyen,TXN-105134,ORD-505134,SALE,8620000000001184,EUR,matched,engine,10.87,10.87,10.87,0.00
adyen,TXN-104074,ORD-504074,SALE,8620000000000124,EUR,matched,engine,5.43,5.43,5.43,0.00
adyen,TXN-104769,ORD-504769,SALE,8620000000000819,EUR,matched,engine,10.87,10.87,10.87,0.00
adyen,TXN-105328,ORD-505328,SALE,8620000000001378,EUR,matched,engine,65.25,65.25,65.25,0.00
adyen,TXN-104323,ORD-504323,SALE,8620000000000373,GBP,matched,engine,70.94,70.94,70.94,0.00
adyen,TXN-104165,ORD-504165,SALE,8620000000000215,EUR,matched,engine,5.43,5.43,5.43,0.00
adyen,TXN-104378,ORD-504378,SALE,8620000000000428,EUR,matched,engine,10.87,10.87,10.87,0.00
adyen,TXN-105048,ORD-505048,SALE,8620000000001098,EUR,matched,engine,5.43,5.43,5.43,0.00
adyen,TXN-105424,ORD-505424,SALE,8620000000001474,EUR,matched,engine,10.87,10.87,10.87,0.00
adyen,TXN-104112,ORD-504112,SALE,8620000000000162,EUR,matched,engine,10.87,10.87,10.87,0.00
adyen,TXN-105152,ORD-505152,SALE,8620000000001202,USD,matched,engine,9.99,9.99,9.99,0.00
adyen,TXN-107951,ORD-507777,SALE,8620000000001783,GBP,fx_date_lag,provider,28.34,28.37,28.37,0.03
adyen,TXN-104957,ORD-504957,SALE,8620000000001007,EUR,matched,engine,10.87,10.87,10.87,0.00
adyen,TXN-105421,ORD-505421,SALE,8620000000001471,GBP,matched,engine,11.60,11.60,11.60,0.00
adyen,TXN-104886,ORD-504886,SALE,8620000000000936,EUR,matched,engine,10.87,10.87,10.87,0.00
adyen,TXN-104628,ORD-504628,SALE,8620000000000678,EUR,matched,engine,10.87,10.87,10.87,0.00
adyen,TXN-105016,ORD-505016,SALE,8620000000001066,EUR,matched,engine,65.25,65.25,65.25,0.00
adyen,TXN-104129,ORD-504129,SALE,8620000000000179,EUR,matched,engine,5.43,5.43,5.43,0.00
adyen,TXN-104355,ORD-504355,SALE,8620000000000405,EUR,matched,engine,65.25,65.25,65.25,0.00
adyen,TXN-105067,ORD-505067,SALE,8620000000001117,GBP,matched,engine,11.60,11.60,11.60,0.00
adyen,TXN-104531,ORD-504531,SALE,8620000000000581,GBP,matched,engine,11.60,11.60,11.60,0.00
adyen,TXN-104744,ORD-504744,SALE,8620000000000794,EUR,matched,engine,10.87,10.87,10.87,0.00
adyen,TXN-104240,ORD-504240,SALE,8620000000000290,USD,matched,engine,4.99,4.99,4.99,0.00
adyen,TXN-105480,ORD-505480,SALE,8620000000001530,USD,matched,engine,4.99,4.99,4.99,0.00
adyen,TXN-105167,ORD-505167,SALE,8620000000001217,EUR,matched_declined,engine,0.00,0.00,0.00,0.00
adyen,TXN-105577,ORD-505577,SALE,8620000000001627,GBP,matched,engine,70.94,70.94,70.94,0.00
adyen,TXN-104369,ORD-504369,SALE,8620000000000419,USD,matched,engine,59.99,59.99,59.99,0.00
adyen,TXN-105219,ORD-505219,SALE,8620000000001269,EUR,matched,engine,10.87,10.87,10.87,0.00
adyen,TXN-105307,ORD-505307,SALE,8620000000001357,USD,matched_declined,engine,0.00,0.00,0.00,0.00
adyen,TXN-104636,ORD-504636,SALE,8620000000000686,USD,matched,engine,9.99,9.99,9.99,0.00
adyen,TXN-104955,ORD-504955,SALE,8620000000001005,EUR,matched,engine,10.87,10.87,10.87,0.00
adyen,TXN-104839,ORD-504839,SALE,8620000000000889,USD,matched,engine,9.99,9.99,9.99,0.00
adyen,TXN-104158,ORD-504158,SALE,8620000000000208,GBP,matched,engine,11.60,11.60,11.60,0.00
adyen,TXN-104505,ORD-504505,SALE,8620000000000555,EUR,matched,engine,10.87,10.87,10.87,0.00
adyen,TXN-104299,ORD-504299,SALE,8620000000000349,USD,matched,engine,9.99,9.99,9.99,0.00
adyen,TXN-104154,ORD-504154,SALE,8620000000000204,GBP,matched,engine,5.79,5.79,5.79,0.00
adyen,TXN-104163,ORD-504163,SALE,8620000000000213,GBP,matched,engine,11.60,11.60,11.60,0.00
adyen,TXN-104547,ORD-504547,SALE,8620000000000597,GBP,matched,engine,28.37,28.37,28.37,0.00
adyen,TXN-104783,ORD-504783,SALE,8620000000000833,EUR,matched_declined,engine,0.00,0.00,0.00,0.00
adyen,TXN-105636,ORD-505636,SALE,8620000000001686,EUR,matched,engine,10.87,10.87,10.87,0.00
adyen,TXN-104341,ORD-504341,SALE,8620000000000391,GBP,matched,engine,70.94,70.94,70.94,0.00
adyen,TXN-105080,ORD-505080,SALE,8620000000001130,USD,matched,engine,9.99,9.99,9.99,0.00
adyen,TXN-104353,ORD-504353,SALE,8620000000000403,USD,matched,engine,24.99,24.99,24.99,0.00
adyen,TXN-104233,ORD-504233,SALE,8620000000000283,EUR,matched,engine,65.25,65.25,65.25,0.00
adyen,TXN-105637,ORD-505637,SALE,8620000000001687,EUR,matched,engine,10.87,10.87,10.87,0.00
adyen,TXN-107890,ORD-504771,REFUND,8620000000000821,EUR,matched,engine,-10.87,-10.87,-10.87,0.00
adyen,TXN-104580,ORD-504580,SALE,8620000000000630,EUR,matched,engine,10.87,10.87,10.87,0.00
adyen,TXN-104333,ORD-504333,SALE,8620000000000383,EUR,matched,engine,10.87,10.87,10.87,0.00
adyen,TXN-104212,ORD-504212,SALE,8620000000000262,EUR,matched,engine,10.87,10.87,10.87,0.00
adyen,TXN-105341,ORD-505341,SALE,8620000000001391,EUR,matched,engine,10.87,10.87,10.87,0.00
adyen,TXN-104261,ORD-504261,SALE,8620000000000311,EUR,matched,engine,27.18,27.18,27.18,0.00
adyen,TXN-105418,ORD-505418,SALE,8620000000001468,USD,matched,engine,59.99,59.99,59.99,0.00
adyen,TXN-103973,ORD-503973,SALE,8620000000000023,USD,matched_declined,engine,0.00,0.00,0.00,0.00
adyen,TXN-103978,ORD-503978,SALE,8620000000000028,EUR,matched,engine,65.23,65.23,65.23,0.00
adyen,TXN-105387,ORD-505387,SALE,8620000000001437,GBP,matched,engine,71.10,71.10,71.10,0.00
adyen,TXN-104257,ORD-504257,SALE,8620000000000307,EUR,matched,engine,65.23,65.23,65.23,0.00
adyen,TXN-105186,ORD-505186,SALE,8620000000001236,EUR,matched_declined,engine,0.00,0.00,0.00,0.00
adyen,TXN-104053,ORD-504053,SALE,8620000000000103,EUR,matched,engine,65.23,65.23,65.23,0.00
adyen,TXN-105646,ORD-505646,SALE,8620000000001696,EUR,matched,engine,65.23,65.23,65.23,0.00
adyen,TXN-105180,ORD-505180,SALE,8620000000001230,USD,matched,engine,24.99,24.99,24.99,0.00
adyen,TXN-104539,ORD-504539,SALE,8620000000000589,USD,matched,engine,9.99,9.99,9.99,0.00
adyen,TXN-104979,ORD-504979,SALE,8620000000001029,GBP,matched,engine,11.62,11.62,11.62,0.00
adyen,TXN-105251,ORD-505251,SALE,8620000000001301,EUR,matched,engine,27.17,27.17,27.17,0.00
adyen,TXN-104055,ORD-504055,SALE,8620000000000105,EUR,matched,engine,27.17,27.17,27.17,0.00
adyen,TXN-105071,ORD-505071,SALE,8620000000001121,EUR,matched,engine,10.86,10.86,10.86,0.00
adyen,TXN-105400,ORD-505400,SALE,8620000000001450,USD,matched_declined,engine,0.00,0.00,0.00,0.00
adyen,TXN-104020,ORD-504020,SALE,8620000000000070,USD,matched,engine,59.99,59.99,59.99,0.00
adyen,TXN-103986,ORD-503986,SALE,8620000000000036,EUR,matched,engine,10.86,10.86,10.86,0.00
adyen,TXN-104083,ORD-504083,SALE,8620000000000133,GBP,matched_declined,engine,0.00,0.00,0.00,0.00
adyen,TXN-104925,ORD-504925,SALE,8620000000000975,EUR,matched,engine,5.43,5.43,5.43,0.00
adyen,TXN-104635,ORD-504635,SALE,8620000000000685,EUR,matched,engine,10.86,10.86,10.86,0.00
adyen,TXN-105575,ORD-505575,SALE,8620000000001625,GBP,matched,engine,71.10,71.10,71.10,0.00
adyen,TXN-104200,ORD-504200,SALE,8620000000000250,EUR,matched,engine,65.23,65.23,65.23,0.00
adyen,TXN-104852,ORD-504852,SALE,8620000000000902,EUR,matched,engine,65.23,65.23,65.23,0.00
adyen,TXN-104364,ORD-504364,SALE,8620000000000414,EUR,matched,engine,5.43,5.43,5.43,0.00
adyen,TXN-104107,ORD-504107,SALE,8620000000000157,USD,matched,engine,9.99,9.99,9.99,0.00
adyen,TXN-104873,ORD-504873,SALE,8620000000000923,EUR,matched_declined,engine,0.00,0.00,0.00,0.00
adyen,TXN-104102,ORD-504102,SALE,8620000000000152,EUR,matched,engine,27.17,27.17,27.17,0.00
adyen,TXN-104348,ORD-504348,SALE,8620000000000398,USD,matched,engine,59.99,59.99,59.99,0.00
adyen,TXN-103977,ORD-503977,SALE,8620000000000027,GBP,matched,engine,28.43,28.43,28.43,0.00
adyen,TXN-104721,ORD-504721,SALE,8620000000000771,GBP,matched,engine,11.62,11.62,11.62,0.00
adyen,TXN-104974,ORD-504974,SALE,8620000000001024,EUR,matched,engine,10.86,10.86,10.86,0.00
adyen,TXN-105060,ORD-505060,SALE,8620000000001110,EUR,matched,engine,65.23,65.23,65.23,0.00
adyen,TXN-104920,ORD-504920,SALE,8620000000000970,EUR,matched,engine,10.86,10.86,10.86,0.00
adyen,TXN-105240,ORD-505240,SALE,8620000000001290,EUR,matched,engine,10.86,10.86,10.86,0.00
adyen,TXN-104023,ORD-504023,SALE,8620000000000073,EUR,matched,engine,27.17,27.17,27.17,0.00
adyen,TXN-104418,ORD-504418,SALE,8620000000000468,EUR,matched_declined,engine,0.00,0.00,0.00,0.00
adyen,TXN-104743,ORD-504743,SALE,8620000000000793,USD,matched,engine,9.99,9.99,9.99,0.00
adyen,TXN-104678,ORD-504678,SALE,8620000000000728,EUR,matched,engine,10.86,10.86,10.86,0.00
adyen,TXN-104980,ORD-504980,SALE,8620000000001030,USD,matched,engine,24.99,24.99,24.99,0.00
adyen,TXN-105160,ORD-505160,SALE,8620000000001210,USD,matched,engine,9.99,9.99,9.99,0.00
adyen,TXN-104991,ORD-504991,SALE,8620000000001041,EUR,matched,engine,10.86,10.86,10.86,0.00
adyen,TXN-105339,ORD-505339,SALE,8620000000001389,EUR,matched,engine,65.23,65.23,65.23,0.00
adyen,TXN-104245,ORD-504245,SALE,8620000000000295,EUR,matched,engine,27.17,27.17,27.17,0.00
adyen,TXN-105322,ORD-505322,SALE,8620000000001372,EUR,matched,engine,10.86,10.86,10.86,0.00
adyen,TXN-104392,ORD-504392,SALE,8620000000000442,GBP,matched,engine,11.62,11.62,11.62,0.00
adyen,TXN-104043,ORD-504043,SALE,8620000000000093,EUR,matched,engine,10.86,10.86,10.86,0.00
adyen,TXN-104335,ORD-504335,SALE,8620000000000385,EUR,matched,engine,10.86,10.86,10.86,0.00
adyen,TXN-105234,ORD-505234,SALE,8620000000001284,USD,matched_declined,engine,0.00,0.00,0.00,0.00
adyen,TXN-104226,ORD-504226,SALE,8620000000000276,EUR,matched,engine,10.86,10.86,10.86,0.00
adyen,TXN-105490,ORD-505490,SALE,8620000000001540,USD,matched,engine,59.99,59.99,59.99,0.00
adyen,TXN-105087,ORD-505087,SALE,8620000000001137,EUR,matched,engine,10.86,10.86,10.86,0.00
adyen,TXN-104105,ORD-504105,SALE,8620000000000155,USD,matched,engine,59.99,59.99,59.99,0.00
adyen,TXN-105326,ORD-505326,SALE,8620000000001376,EUR,matched,engine,10.86,10.86,10.86,0.00
adyen,TXN-104429,ORD-504429,SALE,8620000000000479,EUR,matched,engine,10.86,10.86,10.86,0.00
adyen,TXN-105593,ORD-505593,SALE,8620000000001643,GBP,matched,engine,11.62,11.62,11.62,0.00
adyen,TXN-104229,ORD-504229,SALE,8620000000000279,GBP,matched,engine,11.62,11.62,11.62,0.00
adyen,TXN-104611,ORD-504611,SALE,8620000000000661,EUR,matched,engine,10.86,10.86,10.86,0.00
adyen,TXN-104860,ORD-504860,SALE,8620000000000910,GBP,matched,engine,11.62,11.62,11.62,0.00
adyen,TXN-105503,ORD-505503,SALE,8620000000001553,EUR,matched,engine,5.43,5.43,5.43,0.00
adyen,TXN-104262,ORD-504262,SALE,8620000000000312,GBP,matched,engine,11.62,11.62,11.62,0.00
adyen,TXN-104439,ORD-504439,SALE,8620000000000489,GBP,matched,engine,11.62,11.62,11.62,0.00
adyen,TXN-105098,ORD-505098,SALE,8620000000001148,EUR,matched,engine,10.86,10.86,10.86,0.00
adyen,TXN-104188,ORD-504188,SALE,8620000000000238,EUR,matched,engine,27.17,27.17,27.17,0.00
adyen,TXN-104651,ORD-504651,SALE,8620000000000701,EUR,matched,engine,10.86,10.86,10.86,0.00
adyen,TXN-105313,ORD-505313,SALE,8620000000001363,USD,matched,engine,24.99,24.99,24.99,0.00
adyen,TXN-105416,ORD-505416,SALE,8620000000001466,GBP,matched,engine,5.81,5.81,5.81,0.00
adyen,TXN-104791,ORD-504791,SALE,8620000000000841,EUR,matched,engine,65.23,65.23,65.23,0.00
adyen,TXN-104801,ORD-504801,SALE,8620000000000851,EUR,matched,engine,10.86,10.86,10.86,0.00
adyen,TXN-105118,ORD-505118,SALE,8620000000001168,EUR,matched,engine,65.23,65.23,65.23,0.00
adyen,TXN-105522,ORD-505522,SALE,8620000000001572,EUR,matched,engine,5.43,5.43,5.43,0.00
adyen,TXN-104577,ORD-504577,SALE,8620000000000627,EUR,matched,engine,10.86,10.86,10.86,0.00
adyen,TXN-104844,ORD-504844,SALE,8620000000000894,GBP,matched,engine,11.62,11.62,11.62,0.00
adyen,TXN-104062,ORD-504062,SALE,8620000000000112,USD,matched,engine,9.99,9.99,9.99,0.00
adyen,TXN-104256,ORD-504256,SALE,8620000000000306,EUR,matched,engine,10.86,10.86,10.86,0.00
adyen,TXN-104000,ORD-504000,SALE,8620000000000050,USD,matched,engine,9.99,9.99,9.99,0.00
adyen,TXN-105603,ORD-505603,SALE,8620000000001653,EUR,matched,engine,10.86,10.86,10.86,0.00
adyen,TXN-104018,ORD-504018,SALE,8620000000000068,EUR,matched,engine,10.86,10.86,10.86,0.00
adyen,TXN-104693,ORD-504693,SALE,8620000000000743,EUR,matched,engine,10.86,10.86,10.86,0.00
adyen,TXN-104098,ORD-504098,SALE,8620000000000148,USD,matched,engine,9.99,9.99,9.99,0.00
adyen,TXN-104935,ORD-504935,SALE,8620000000000985,EUR,matched_declined,engine,0.00,0.00,0.00,0.00
adyen,TXN-105163,ORD-505163,SALE,8620000000001213,EUR,matched_declined,engine,0.00,0.00,0.00,0.00
adyen,TXN-105430,ORD-505430,SALE,8620000000001480,EUR,matched,engine,65.23,65.23,65.23,0.00
adyen,TXN-105567,ORD-505567,SALE,8620000000001617,EUR,matched,engine,10.86,10.86,10.86,0.00
adyen,TXN-104401,ORD-504401,SALE,8620000000000451,EUR,matched,engine,10.86,10.86,10.86,0.00
adyen,TXN-104464,ORD-504464,SALE,8620000000000514,EUR,matched,engine,10.86,10.86,10.86,0.00
adyen,TXN-104872,ORD-504872,SALE,8620000000000922,GBP,matched,engine,11.62,11.62,11.62,0.00
adyen,TXN-104669,ORD-504669,SALE,8620000000000719,GBP,matched,engine,11.62,11.62,11.62,0.00
adyen,TXN-105571,ORD-505571,SALE,8620000000001621,EUR,matched,engine,65.23,65.23,65.23,0.00
adyen,TXN-104880,ORD-504880,SALE,8620000000000930,EUR,matched,engine,10.86,10.86,10.86,0.00
adyen,TXN-104452,ORD-504452,SALE,8620000000000502,EUR,matched,engine,5.43,5.43,5.43,0.00
adyen,TXN-104859,ORD-504859,SALE,8620000000000909,EUR,matched,engine,65.23,65.23,65.23,0.00
adyen,TXN-105170,ORD-505170,SALE,8620000000001220,EUR,matched,engine,10.86,10.86,10.86,0.00
adyen,TXN-105051,ORD-505051,SALE,8620000000001101,EUR,matched,engine,65.23,65.23,65.23,0.00
adyen,TXN-104174,ORD-504174,SALE,8620000000000224,EUR,matched,engine,10.86,10.86,10.86,0.00
adyen,TXN-104775,ORD-504775,SALE,8620000000000825,EUR,matched,engine,10.86,10.86,10.86,0.00
adyen,TXN-104222,ORD-504222,SALE,8620000000000272,EUR,matched,engine,27.17,27.17,27.17,0.00
adyen,TXN-105013,ORD-505013,SALE,8620000000001063,EUR,matched,engine,27.17,27.17,27.17,0.00
adyen,TXN-105441,ORD-505441,SALE,8620000000001491,GBP,matched,engine,11.62,11.62,11.62,0.00
adyen,TXN-104176,ORD-504176,SALE,8620000000000226,EUR,matched,engine,10.86,10.86,10.86,0.00
adyen,TXN-104748,ORD-504748,SALE,8620000000000798,USD,matched,engine,9.99,9.99,9.99,0.00
adyen,TXN-105392,ORD-505392,SALE,8620000000001442,EUR,matched,engine,5.43,5.43,5.43,0.00
adyen,TXN-107972,ORD-507798,SALE,8620000000001790,EUR,matched,engine,65.23,65.23,65.23,0.00
adyen,TXN-105458,ORD-505458,SALE,8620000000001508,EUR,matched,engine,65.23,65.23,65.23,0.00
adyen,TXN-104180,ORD-504180,SALE,8620000000000230,EUR,matched,engine,10.86,10.86,10.86,0.00
adyen,TXN-105554,ORD-505554,SALE,8620000000001604,EUR,matched_declined,engine,0.00,0.00,0.00,0.00
adyen,TXN-104986,ORD-504986,SALE,8620000000001036,GBP,matched,engine,11.62,11.62,11.62,0.00
adyen,TXN-104715,ORD-504715,SALE,8620000000000765,EUR,matched_declined,engine,0.00,0.00,0.00,0.00
adyen,TXN-104327,ORD-504327,SALE,8620000000000377,GBP,matched,engine,71.10,71.10,71.10,0.00
adyen,TXN-104884,ORD-504884,SALE,8620000000000934,EUR,matched,engine,65.23,65.23,65.23,0.00
adyen,TXN-105239,ORD-505239,SALE,8620000000001289,EUR,matched,engine,10.86,10.86,10.86,0.00
adyen,TXN-104217,ORD-504217,SALE,8620000000000267,USD,matched,engine,24.99,24.99,24.99,0.00
adyen,TXN-103966,ORD-503966,SALE,8620000000000016,EUR,matched,engine,65.23,65.23,65.23,0.00
adyen,TXN-104054,ORD-504054,SALE,8620000000000104,EUR,matched,engine,65.23,65.23,65.23,0.00
adyen,TXN-104784,ORD-504784,SALE,8620000000000834,EUR,matched,engine,10.86,10.86,10.86,0.00
adyen,TXN-105402,ORD-505402,SALE,8620000000001452,USD,matched,engine,24.99,24.99,24.99,0.00
adyen,TXN-105350,ORD-505350,SALE,8620000000001400,EUR,matched,engine,10.86,10.86,10.86,0.00
adyen,TXN-104909,ORD-504909,SALE,8620000000000959,USD,matched,engine,24.99,24.99,24.99,0.00
adyen,TXN-105325,ORD-505325,SALE,8620000000001375,EUR,matched,engine,65.23,65.23,65.23,0.00
adyen,TXN-104811,ORD-504811,SALE,8620000000000861,GBP,matched,engine,28.43,28.43,28.43,0.00
adyen,TXN-104345,ORD-504345,SALE,8620000000000395,EUR,matched_declined,engine,0.00,0.00,0.00,0.00
adyen,TXN-104513,ORD-504513,SALE,8620000000000563,EUR,matched,engine,5.43,5.43,5.43,0.00
adyen,TXN-104800,ORD-504800,SALE,8620000000000850,EUR,matched,engine,10.86,10.86,10.86,0.00
adyen,TXN-104701,ORD-504701,SALE,8620000000000751,GBP,matched,engine,28.43,28.43,28.43,0.00
adyen,TXN-104118,ORD-504118,SALE,8620000000000168,GBP,matched,engine,71.10,71.10,71.10,0.00
adyen,TXN-105614,ORD-505614,SALE,8620000000001664,EUR,matched,engine,10.86,10.86,10.86,0.00
adyen,TXN-105625,ORD-505625,SALE,8620000000001675,EUR,matched,engine,5.43,5.43,5.43,0.00
adyen,TXN-104363,ORD-504363,SALE,8620000000000413,EUR,matched,engine,10.86,10.86,10.86,0.00
adyen,TXN-104433,ORD-504433,SALE,8620000000000483,EUR,matched,engine,27.17,27.17,27.17,0.00
adyen,TXN-105298,ORD-505298,SALE,8620000000001348,EUR,matched,engine,10.86,10.86,10.86,0.00
adyen,TXN-105565,ORD-505565,SALE,8620000000001615,EUR,matched,engine,5.43,5.43,5.43,0.00
adyen,TXN-104313,ORD-504313,SALE,8620000000000363,USD,matched,engine,9.99,9.99,9.99,0.00
adyen,TXN-105312,ORD-505312,SALE,8620000000001362,EUR,matched_declined,engine,0.00,0.00,0.00,0.00
adyen,TXN-104809,ORD-504809,SALE,8620000000000859,EUR,matched,engine,10.86,10.86,10.86,0.00
adyen,TXN-104237,ORD-504237,SALE,8620000000000287,USD,matched,engine,9.99,9.99,9.99,0.00
adyen,TXN-104482,ORD-504482,SALE,8620000000000532,GBP,matched,engine,11.62,11.62,11.62,0.00
adyen,TXN-104657,ORD-504657,SALE,8620000000000707,EUR,matched,engine,10.86,10.86,10.86,0.00
adyen,TXN-104703,ORD-504703,SALE,8620000000000753,EUR,matched,engine,10.86,10.86,10.86,0.00
adyen,TXN-105382,ORD-505382,SALE,8620000000001432,EUR,matched,engine,10.86,10.86,10.86,0.00
adyen,TXN-104929,ORD-504929,SALE,8620000000000979,GBP,matched,engine,11.62,11.62,11.62,0.00
adyen,TXN-104428,ORD-504428,SALE,8620000000000478,EUR,matched,engine,5.43,5.43,5.43,0.00
adyen,TXN-105196,ORD-505196,SALE,8620000000001246,GBP,matched,engine,11.62,11.62,11.62,0.00
adyen,TXN-105576,ORD-505576,SALE,8620000000001626,EUR,matched,engine,10.86,10.86,10.86,0.00
adyen,TXN-105431,ORD-505431,SALE,8620000000001481,GBP,matched,engine,71.10,71.10,71.10,0.00
adyen,TXN-104677,ORD-504677,SALE,8620000000000727,USD,matched,engine,4.99,4.99,4.99,0.00
adyen,TXN-105257,ORD-505257,SALE,8620000000001307,EUR,matched_declined,engine,0.00,0.00,0.00,0.00
adyen,TXN-104722,ORD-504722,SALE,8620000000000772,EUR,matched,engine,10.86,10.86,10.86,0.00
adyen,TXN-104574,ORD-504574,SALE,8620000000000624,EUR,matched,engine,5.43,5.43,5.43,0.00
adyen,TXN-105447,ORD-505447,SALE,8620000000001497,EUR,matched,engine,65.23,65.23,65.23,0.00
adyen,TXN-104514,ORD-504514,SALE,8620000000000564,EUR,matched,engine,10.86,10.86,10.86,0.00
adyen,TXN-104888,ORD-504888,SALE,8620000000000938,GBP,matched,engine,11.62,11.62,11.62,0.00
adyen,TXN-104260,ORD-504260,SALE,8620000000000310,EUR,matched,engine,10.86,10.86,10.86,0.00
adyen,TXN-104853,ORD-504853,SALE,8620000000000903,EUR,matched,engine,10.86,10.86,10.86,0.00
adyen,TXN-105049,ORD-505049,SALE,8620000000001099,EUR,matched,engine,10.86,10.86,10.86,0.00
adyen,TXN-104813,ORD-504813,SALE,8620000000000863,EUR,matched,engine,5.43,5.43,5.43,0.00
adyen,TXN-105386,ORD-505386,SALE,8620000000001436,USD,matched,engine,9.99,9.99,9.99,0.00
adyen,TXN-104152,ORD-504152,SALE,8620000000000202,USD,matched,engine,9.99,9.99,9.99,0.00
adyen,TXN-104066,ORD-504066,SALE,8620000000000116,GBP,matched,engine,28.43,28.43,28.43,0.00
adyen,TXN-104537,ORD-504537,SALE,8620000000000587,EUR,matched,engine,10.86,10.86,10.86,0.00
adyen,TXN-104379,ORD-504379,SALE,8620000000000429,USD,matched,engine,9.99,9.99,9.99,0.00
adyen,TXN-104892,ORD-504892,SALE,8620000000000942,EUR,matched,engine,10.86,10.86,10.86,0.00
adyen,TXN-107889,ORD-504727,REFUND,8620000000000777,EUR,matched,engine,-27.17,-27.17,-27.17,0.00
adyen,TXN-104351,ORD-504351,SALE,8620000000000401,GBP,matched,engine,28.43,28.43,28.43,0.00
adyen,TXN-105131,ORD-505131,SALE,8620000000001181,USD,matched,engine,9.99,9.99,9.99,0.00
adyen,TXN-104541,ORD-504541,SALE,8620000000000591,USD,matched,engine,4.99,4.99,4.99,0.00
adyen,TXN-105220,ORD-505220,SALE,8620000000001270,EUR,matched,engine,10.86,10.86,10.86,0.00
adyen,TXN-104864,ORD-504864,SALE,8620000000000914,EUR,matched,engine,65.23,65.23,65.23,0.00
adyen,TXN-104616,ORD-504616,SALE,8620000000000666,EUR,matched,engine,10.86,10.86,10.86,0.00
adyen,TXN-104817,ORD-504817,SALE,8620000000000867,EUR,matched,engine,27.17,27.17,27.17,0.00
adyen,TXN-104321,ORD-504321,SALE,8620000000000371,EUR,matched,engine,10.86,10.86,10.86,0.00
adyen,TXN-105285,ORD-505285,SALE,8620000000001335,EUR,matched,engine,10.86,10.86,10.86,0.00
adyen,TXN-104396,ORD-504396,SALE,8620000000000446,GBP,matched,engine,11.62,11.62,11.62,0.00
adyen,TXN-105252,ORD-505252,SALE,8620000000001302,EUR,matched,engine,5.43,5.43,5.43,0.00
adyen,TXN-104153,ORD-504153,SALE,8620000000000203,EUR,matched,engine,5.43,5.43,5.43,0.00
adyen,TXN-104494,ORD-504494,SALE,8620000000000544,GBP,matched,engine,11.62,11.62,11.62,0.00
adyen,TXN-105601,ORD-505601,SALE,8620000000001651,EUR,matched,engine,10.86,10.86,10.86,0.00
adyen,TXN-104085,ORD-504085,SALE,8620000000000135,EUR,matched,engine,27.17,27.17,27.17,0.00
adyen,TXN-104832,ORD-504832,SALE,8620000000000882,EUR,matched,engine,27.17,27.17,27.17,0.00
adyen,TXN-104381,ORD-504381,SALE,8620000000000431,EUR,matched,engine,65.10,65.10,65.10,0.00
adyen,TXN-104820,ORD-504820,SALE,8620000000000870,EUR,matched,engine,27.12,27.12,27.12,0.00
adyen,TXN-104084,ORD-504084,SALE,8620000000000134,EUR,matched,engine,10.84,10.84,10.84,0.00
adyen,TXN-104382,ORD-504382,SALE,8620000000000432,EUR,matched,engine,10.84,10.84,10.84,0.00
adyen,TXN-104190,ORD-504190,SALE,8620000000000240,EUR,matched,engine,65.10,65.10,65.10,0.00
adyen,TXN-105588,ORD-505588,SALE,8620000000001638,EUR,matched,engine,65.10,65.10,65.10,0.00
adyen,TXN-105045,ORD-505045,SALE,8620000000001095,EUR,matched,engine,5.41,5.41,5.41,0.00
adyen,TXN-104854,ORD-504854,SALE,8620000000000904,EUR,matched,engine,27.12,27.12,27.12,0.00
adyen,TXN-104221,ORD-504221,SALE,8620000000000271,USD,matched,engine,24.99,24.99,24.99,0.00
adyen,TXN-105246,ORD-505246,SALE,8620000000001296,EUR,matched,engine,10.84,10.84,10.84,0.00
adyen,TXN-105473,ORD-505473,SALE,8620000000001523,USD,matched,engine,9.99,9.99,9.99,0.00
adyen,TXN-104511,ORD-504511,SALE,8620000000000561,GBP,matched,engine,71.01,71.01,71.01,0.00
adyen,TXN-104213,ORD-504213,SALE,8620000000000263,EUR,matched_declined,engine,0.00,0.00,0.00,0.00
adyen,TXN-104187,ORD-504187,SALE,8620000000000237,EUR,matched_declined,engine,0.00,0.00,0.00,0.00
adyen,TXN-104099,ORD-504099,SALE,8620000000000149,USD,matched_declined,engine,0.00,0.00,0.00,0.00
adyen,TXN-104666,ORD-504666,SALE,8620000000000716,EUR,matched,engine,5.41,5.41,5.41,0.00
adyen,TXN-104645,ORD-504645,SALE,8620000000000695,EUR,matched,engine,10.84,10.84,10.84,0.00
adyen,TXN-105454,ORD-505454,SALE,8620000000001504,USD,matched,engine,9.99,9.99,9.99,0.00
adyen,TXN-104481,ORD-504481,SALE,8620000000000531,EUR,matched,engine,10.84,10.84,10.84,0.00
adyen,TXN-105369,ORD-505369,SALE,8620000000001419,EUR,matched,engine,10.84,10.84,10.84,0.00
adyen,TXN-105587,ORD-505587,SALE,8620000000001637,GBP,matched,engine,11.61,11.61,11.61,0.00
adyen,TXN-104365,ORD-504365,SALE,8620000000000415,EUR,matched,engine,10.84,10.84,10.84,0.00
adyen,TXN-104559,ORD-504559,SALE,8620000000000609,USD,matched,engine,9.99,9.99,9.99,0.00
adyen,TXN-105467,ORD-505467,SALE,8620000000001517,USD,matched,engine,9.99,9.99,9.99,0.00
adyen,TXN-104756,ORD-504756,SALE,8620000000000806,EUR,matched,engine,10.84,10.84,10.84,0.00
adyen,TXN-105541,ORD-505541,SALE,8620000000001591,EUR,matched,engine,10.84,10.84,10.84,0.00
adyen,TXN-105515,ORD-505515,SALE,8620000000001565,EUR,matched,engine,27.12,27.12,27.12,0.00
adyen,TXN-104890,ORD-504890,SALE,8620000000000940,USD,matched,engine,24.99,24.99,24.99,0.00
adyen,TXN-104202,ORD-504202,SALE,8620000000000252,USD,matched,engine,59.99,59.99,59.99,0.00
adyen,TXN-104910,ORD-504910,SALE,8620000000000960,EUR,matched,engine,5.41,5.41,5.41,0.00
adyen,TXN-104475,ORD-504475,SALE,8620000000000525,GBP,matched,engine,11.61,11.61,11.61,0.00
adyen,TXN-105263,ORD-505263,SALE,8620000000001313,EUR,matched,engine,10.84,10.84,10.84,0.00
adyen,TXN-105040,ORD-505040,SALE,8620000000001090,USD,matched,engine,24.99,24.99,24.99,0.00
adyen,TXN-105291,ORD-505291,SALE,8620000000001341,EUR,matched,engine,27.12,27.12,27.12,0.00
adyen,TXN-107884,ORD-504513,REFUND,8620000000000563,EUR,matched,engine,-2.71,-2.71,-2.71,0.00
adyen,TXN-105608,ORD-505608,SALE,8620000000001658,EUR,matched,engine,27.12,27.12,27.12,0.00
adyen,TXN-105629,ORD-505629,SALE,8620000000001679,USD,matched,engine,59.99,59.99,59.99,0.00
adyen,TXN-104338,ORD-504338,SALE,8620000000000388,USD,matched,engine,9.99,9.99,9.99,0.00
adyen,TXN-104121,ORD-504121,SALE,8620000000000171,EUR,matched,engine,10.84,10.84,10.84,0.00
adyen,TXN-103998,ORD-503998,SALE,8620000000000048,EUR,matched,engine,65.10,65.10,65.10,0.00
adyen,TXN-105355,ORD-505355,SALE,8620000000001405,EUR,matched,engine,10.84,10.84,10.84,0.00
adyen,TXN-105451,ORD-505451,SALE,8620000000001501,GBP,matched,engine,5.80,5.80,5.80,0.00
adyen,TXN-105626,ORD-505626,SALE,8620000000001676,EUR,matched,engine,10.84,10.84,10.84,0.00
adyen,TXN-105562,ORD-505562,SALE,8620000000001612,GBP,matched,engine,11.61,11.61,11.61,0.00
adyen,TXN-105288,ORD-505288,SALE,8620000000001338,EUR,matched,engine,65.10,65.10,65.10,0.00
adyen,TXN-104228,ORD-504228,SALE,8620000000000278,EUR,matched,engine,10.84,10.84,10.84,0.00
adyen,TXN-104501,ORD-504501,SALE,8620000000000551,EUR,matched,engine,27.12,27.12,27.12,0.00
adyen,TXN-103995,ORD-503995,SALE,8620000000000045,EUR,matched,engine,65.10,65.10,65.10,0.00
adyen,TXN-105275,ORD-505275,SALE,8620000000001325,USD,matched,engine,9.99,9.99,9.99,0.00
adyen,TXN-104070,ORD-504070,SALE,8620000000000120,EUR,matched,engine,27.12,27.12,27.12,0.00
adyen,TXN-105556,ORD-505556,SALE,8620000000001606,EUR,matched,engine,10.84,10.84,10.84,0.00
adyen,TXN-104679,ORD-504679,SALE,8620000000000729,EUR,matched,engine,10.84,10.84,10.84,0.00
adyen,TXN-104218,ORD-504218,SALE,8620000000000268,EUR,matched,engine,10.84,10.84,10.84,0.00
adyen,TXN-104506,ORD-504506,SALE,8620000000000556,EUR,matched,engine,65.10,65.10,65.10,0.00
adyen,TXN-105363,ORD-505363,SALE,8620000000001413,EUR,matched_declined,engine,0.00,0.00,0.00,0.00
adyen,TXN-105066,ORD-505066,SALE,8620000000001116,EUR,matched,engine,65.10,65.10,65.10,0.00
adyen,TXN-104322,ORD-504322,SALE,8620000000000372,GBP,matched,engine,11.59,11.59,11.59,0.00
adyen,TXN-105266,ORD-505266,SALE,8620000000001316,EUR,matched,engine,10.86,10.86,10.86,0.00
adyen,TXN-105052,ORD-505052,SALE,8620000000001102,EUR,matched,engine,10.86,10.86,10.86,0.00
adyen,TXN-104081,ORD-504081,SALE,8620000000000131,GBP,matched,engine,28.36,28.36,28.36,0.00
adyen,TXN-105598,ORD-505598,SALE,8620000000001648,GBP,matched,engine,28.36,28.36,28.36,0.00
adyen,TXN-104252,ORD-504252,SALE,8620000000000302,EUR,matched,engine,27.15,27.15,27.15,0.00
adyen,TXN-104781,ORD-504781,SALE,8620000000000831,EUR,matched,engine,10.86,10.86,10.86,0.00
adyen,TXN-104029,ORD-504029,SALE,8620000000000079,USD,matched,engine,24.99,24.99,24.99,0.00
adyen,TXN-105207,ORD-505207,SALE,8620000000001257,EUR,matched,engine,10.86,10.86,10.86,0.00
adyen,TXN-105555,ORD-505555,SALE,8620000000001605,EUR,matched_declined,engine,0.00,0.00,0.00,0.00
adyen,TXN-104088,ORD-504088,SALE,8620000000000138,EUR,matched_declined,engine,0.00,0.00,0.00,0.00
adyen,TXN-105511,ORD-505511,SALE,8620000000001561,EUR,matched,engine,65.19,65.19,65.19,0.00
adyen,TXN-105479,ORD-505479,SALE,8620000000001529,EUR,matched,engine,10.86,10.86,10.86,0.00
adyen,TXN-105373,ORD-505373,SALE,8620000000001423,GBP,matched,engine,11.59,11.59,11.59,0.00
adyen,TXN-104675,ORD-504675,SALE,8620000000000725,EUR,matched,engine,10.86,10.86,10.86,0.00
adyen,TXN-105269,ORD-505269,SALE,8620000000001319,USD,matched,engine,9.99,9.99,9.99,0.00
adyen,TXN-104179,ORD-504179,SALE,8620000000000229,USD,matched,engine,59.99,59.99,59.99,0.00
adyen,TXN-104337,ORD-504337,SALE,8620000000000387,EUR,matched,engine,27.15,27.15,27.15,0.00
adyen,TXN-105280,ORD-505280,SALE,8620000000001330,EUR,matched,engine,10.86,10.86,10.86,0.00
adyen,TXN-104312,ORD-504312,SALE,8620000000000362,USD,matched,engine,9.99,9.99,9.99,0.00
adyen,TXN-105641,ORD-505641,SALE,8620000000001691,GBP,matched,engine,11.59,11.59,11.59,0.00
adyen,TXN-105471,ORD-505471,SALE,8620000000001521,EUR,matched,engine,10.86,10.86,10.86,0.00
adyen,TXN-105643,ORD-505643,SALE,8620000000001693,EUR,matched,engine,10.86,10.86,10.86,0.00
adyen,TXN-105145,ORD-505145,SALE,8620000000001195,EUR,matched,engine,10.86,10.86,10.86,0.00
adyen,TXN-105083,ORD-505083,SALE,8620000000001133,EUR,matched,engine,10.86,10.86,10.86,0.00
adyen,TXN-104231,ORD-504231,SALE,8620000000000281,EUR,matched,engine,10.86,10.86,10.86,0.00
adyen,TXN-105405,ORD-505405,SALE,8620000000001455,USD,matched,engine,9.99,9.99,9.99,0.00
adyen,TXN-104789,ORD-504789,SALE,8620000000000839,EUR,matched,engine,27.15,27.15,27.15,0.00
adyen,TXN-105492,ORD-505492,SALE,8620000000001542,EUR,matched,engine,10.86,10.86,10.86,0.00
adyen,TXN-104827,ORD-504827,SALE,8620000000000877,EUR,matched,engine,5.42,5.42,5.42,0.00
adyen,TXN-105409,ORD-505409,SALE,8620000000001459,EUR,matched,engine,10.86,10.86,10.86,0.00
adyen,TXN-104627,ORD-504627,SALE,8620000000000677,EUR,matched,engine,65.19,65.19,65.19,0.00
adyen,TXN-104978,ORD-504978,SALE,8620000000001028,EUR,matched,engine,65.19,65.19,65.19,0.00
adyen,TXN-105069,ORD-505069,SALE,8620000000001119,GBP,matched,engine,11.59,11.59,11.59,0.00
adyen,TXN-105378,ORD-505378,SALE,8620000000001428,EUR,matched,engine,65.19,65.19,65.19,0.00
adyen,TXN-105309,ORD-505309,SALE,8620000000001359,USD,matched,engine,24.99,24.99,24.99,0.00
adyen,TXN-104430,ORD-504430,SALE,8620000000000480,EUR,matched,engine,10.86,10.86,10.86,0.00
adyen,TXN-104690,ORD-504690,SALE,8620000000000740,EUR,matched,engine,10.86,10.86,10.86,0.00
adyen,TXN-104126,ORD-504126,SALE,8620000000000176,GBP,matched,engine,11.59,11.59,11.59,0.00
adyen,TXN-104157,ORD-504157,SALE,8620000000000207,USD,matched,engine,9.99,9.99,9.99,0.00
adyen,TXN-103992,ORD-503992,SALE,8620000000000042,EUR,matched,engine,10.86,10.86,10.86,0.00
adyen,TXN-105425,ORD-505425,SALE,8620000000001475,EUR,matched,engine,10.86,10.86,10.86,0.00
adyen,TXN-105384,ORD-505384,SALE,8620000000001434,GBP,matched,engine,70.91,70.91,70.91,0.00
adyen,TXN-104518,ORD-504518,SALE,8620000000000568,EUR,matched,engine,65.19,65.19,65.19,0.00
adyen,TXN-105544,ORD-505544,SALE,8620000000001594,EUR,matched,engine,65.19,65.19,65.19,0.00
adyen,TXN-105031,ORD-505031,SALE,8620000000001081,EUR,matched_declined,engine,0.00,0.00,0.00,0.00
adyen,TXN-104067,ORD-504067,SALE,8620000000000117,EUR,matched,engine,27.15,27.15,27.15,0.00
adyen,TXN-105323,ORD-505323,SALE,8620000000001373,EUR,matched,engine,10.86,10.86,10.86,0.00
adyen,TXN-105337,ORD-505337,SALE,8620000000001387,EUR,matched,engine,10.86,10.86,10.86,0.00
adyen,TXN-107875,ORD-504015,REFUND,8620000000000065,USD,matched,engine,-9.99,-9.99,-9.99,0.00
adyen,TXN-104159,ORD-504159,SALE,8620000000000209,GBP,matched,engine,11.59,11.59,11.59,0.00
adyen,TXN-104405,ORD-504405,SALE,8620000000000455,GBP,matched,engine,11.59,11.59,11.59,0.00
adyen,TXN-105628,ORD-505628,SALE,8620000000001678,USD,matched,engine,4.99,4.99,4.99,0.00
adyen,TXN-105019,ORD-505019,SALE,8620000000001069,EUR,matched,engine,5.42,5.42,5.42,0.00
adyen,TXN-105054,ORD-505054,SALE,8620000000001104,USD,matched,engine,9.99,9.99,9.99,0.00
adyen,TXN-104486,ORD-504486,SALE,8620000000000536,EUR,matched_declined,engine,0.00,0.00,0.00,0.00
adyen,TXN-103955,ORD-503955,SALE,8620000000000005,EUR,matched,engine,5.42,5.42,5.42,0.00
adyen,TXN-104981,ORD-504981,SALE,8620000000001031,EUR,matched,engine,10.86,10.86,10.86,0.00
adyen,TXN-105383,ORD-505383,SALE,8620000000001433,EUR,matched,engine,10.86,10.86,10.86,0.00
adyen,TXN-104930,ORD-504930,SALE,8620000000000980,USD,matched_declined,engine,0.00,0.00,0.00,0.00
adyen,TXN-104552,ORD-504552,SALE,8620000000000602,EUR,matched,engine,10.86,10.86,10.86,0.00
adyen,TXN-104687,ORD-504687,SALE,8620000000000737,GBP,matched,engine,5.79,5.79,5.79,0.00
adyen,TXN-105133,ORD-505133,SALE,8620000000001183,EUR,matched,engine,10.86,10.86,10.86,0.00
adyen,TXN-105185,ORD-505185,SALE,8620000000001235,EUR,matched,engine,10.86,10.86,10.86,0.00
adyen,TXN-104782,ORD-504782,SALE,8620000000000832,GBP,matched,engine,11.61,11.61,11.61,0.00
adyen,TXN-104287,ORD-504287,SALE,8620000000000337,EUR,matched,engine,10.87,10.87,10.87,0.00
adyen,TXN-105157,ORD-505157,SALE,8620000000001207,EUR,matched_declined,engine,0.00,0.00,0.00,0.00
adyen,TXN-105401,ORD-505401,SALE,8620000000001451,USD,matched,engine,24.99,24.99,24.99,0.00
adyen,TXN-105528,ORD-505528,SALE,8620000000001578,EUR,matched,engine,10.87,10.87,10.87,0.00
adyen,TXN-104545,ORD-504545,SALE,8620000000000595,EUR,matched,engine,27.18,27.18,27.18,0.00
adyen,TXN-105512,ORD-505512,SALE,8620000000001562,GBP,matched,engine,11.61,11.61,11.61,0.00
adyen,TXN-104665,ORD-504665,SALE,8620000000000715,EUR,matched,engine,10.87,10.87,10.87,0.00
adyen,TXN-105446,ORD-505446,SALE,8620000000001496,EUR,matched,engine,27.18,27.18,27.18,0.00
adyen,TXN-104664,ORD-504664,SALE,8620000000000714,EUR,matched,engine,10.87,10.87,10.87,0.00
adyen,TXN-104966,ORD-504966,SALE,8620000000001016,GBP,matched,engine,11.61,11.61,11.61,0.00
adyen,TXN-105546,ORD-505546,SALE,8620000000001596,EUR,matched_declined,engine,0.00,0.00,0.00,0.00
adyen,TXN-104707,ORD-504707,SALE,8620000000000757,USD,matched,engine,9.99,9.99,9.99,0.00
adyen,TXN-104162,ORD-504162,SALE,8620000000000212,EUR,matched,engine,27.18,27.18,27.18,0.00
adyen,TXN-107882,ORD-504478,REFUND,8620000000000528,EUR,matched,engine,-5.43,-5.43,-5.43,0.00
adyen,TXN-105139,ORD-505139,SALE,8620000000001189,USD,matched,engine,9.99,9.99,9.99,0.00
adyen,TXN-104339,ORD-504339,SALE,8620000000000389,USD,matched,engine,9.99,9.99,9.99,0.00
adyen,TXN-104343,ORD-504343,SALE,8620000000000393,EUR,matched_declined,engine,0.00,0.00,0.00,0.00
adyen,TXN-104424,ORD-504424,SALE,8620000000000474,EUR,matched,engine,10.87,10.87,10.87,0.00
adyen,TXN-104894,ORD-504894,SALE,8620000000000944,USD,matched,engine,59.99,59.99,59.99,0.00
adyen,TXN-104096,ORD-504096,SALE,8620000000000146,EUR,matched,engine,10.87,10.87,10.87,0.00
adyen,TXN-104876,ORD-504876,SALE,8620000000000926,EUR,matched,engine,27.18,27.18,27.18,0.00
adyen,TXN-104833,ORD-504833,SALE,8620000000000883,EUR,matched,engine,10.87,10.87,10.87,0.00
adyen,TXN-104013,ORD-504013,SALE,8620000000000063,EUR,matched,engine,10.87,10.87,10.87,0.00
adyen,TXN-105261,ORD-505261,SALE,8620000000001311,EUR,matched,engine,10.87,10.87,10.87,0.00
adyen,TXN-105030,ORD-505030,SALE,8620000000001080,EUR,matched,engine,27.18,27.18,27.18,0.00
adyen,TXN-104460,ORD-504460,SALE,8620000000000510,EUR,matched,engine,27.18,27.18,27.18,0.00
adyen,TXN-104488,ORD-504488,SALE,8620000000000538,EUR,matched,engine,10.87,10.87,10.87,0.00
adyen,TXN-105564,ORD-505564,SALE,8620000000001614,EUR,matched,engine,65.26,65.26,65.26,0.00
adyen,TXN-105028,ORD-505028,SALE,8620000000001078,GBP,matched,engine,11.61,11.61,11.61,0.00
adyen,TXN-104407,ORD-504407,SALE,8620000000000457,EUR,matched,engine,10.87,10.87,10.87,0.00
adyen,TXN-104123,ORD-504123,SALE,8620000000000173,GBP,matched,engine,11.61,11.61,11.61,0.00
adyen,TXN-105645,ORD-505645,SALE,8620000000001695,EUR,matched,engine,10.87,10.87,10.87,0.00
adyen,TXN-105142,ORD-505142,SALE,8620000000001192,USD,matched,engine,9.99,9.99,9.99,0.00
adyen,TXN-104503,ORD-504503,SALE,8620000000000553,EUR,matched,engine,5.43,5.43,5.43,0.00
adyen,TXN-104146,ORD-504146,SALE,8620000000000196,EUR,matched,engine,10.87,10.87,10.87,0.00
adyen,TXN-104767,ORD-504767,SALE,8620000000000817,EUR,matched,engine,65.26,65.26,65.26,0.00
adyen,TXN-104487,ORD-504487,SALE,8620000000000537,USD,matched,engine,9.99,9.99,9.99,0.00
adyen,TXN-104812,ORD-504812,SALE,8620000000000862,EUR,matched,engine,10.87,10.87,10.87,0.00
adyen,TXN-104988,ORD-504988,SALE,8620000000001038,EUR,matched,engine,10.87,10.87,10.87,0.00
adyen,TXN-104842,ORD-504842,SALE,8620000000000892,EUR,matched,engine,65.26,65.26,65.26,0.00
adyen,TXN-104989,ORD-504989,SALE,8620000000001039,EUR,matched,engine,10.87,10.87,10.87,0.00
adyen,TXN-104216,ORD-504216,SALE,8620000000000266,USD,matched,engine,9.99,9.99,9.99,0.00
adyen,TXN-104265,ORD-504265,SALE,8620000000000315,EUR,matched,engine,10.87,10.87,10.87,0.00
adyen,TXN-107907,ORD-505638,REFUND,8620000000001688,EUR,matched,engine,-27.18,-27.18,-27.18,0.00
adyen,TXN-105437,ORD-505437,SALE,8620000000001487,EUR,matched,engine,27.18,27.18,27.18,0.00
adyen,TXN-105573,ORD-505573,SALE,8620000000001623,USD,matched,engine,9.99,9.99,9.99,0.00
adyen,TXN-104485,ORD-504485,SALE,8620000000000535,USD,matched,engine,59.99,59.99,59.99,0.00
adyen,TXN-104035,ORD-504035,SALE,8620000000000085,USD,matched,engine,24.99,24.99,24.99,0.00
adyen,TXN-105001,ORD-505001,SALE,8620000000001051,EUR,matched,engine,27.18,27.18,27.18,0.00
adyen,TXN-104578,ORD-504578,SALE,8620000000000628,EUR,matched,engine,27.18,27.18,27.18,0.00
adyen,TXN-104225,ORD-504225,SALE,8620000000000275,EUR,matched,engine,10.87,10.87,10.87,0.00
adyen,TXN-103971,ORD-503971,SALE,8620000000000021,EUR,matched,engine,5.43,5.43,5.43,0.00
adyen,TXN-105140,ORD-505140,SALE,8620000000001190,EUR,matched,engine,10.87,10.87,10.87,0.00
adyen,TXN-105096,ORD-505096,SALE,8620000000001146,GBP,matched,engine,11.61,11.61,11.61,0.00
adyen,TXN-104855,ORD-504855,SALE,8620000000000905,USD,matched,engine,9.99,9.99,9.99,0.00
adyen,TXN-104305,ORD-504305,SALE,8620000000000355,EUR,matched,engine,10.87,10.87,10.87,0.00
adyen,TXN-104350,ORD-504350,SALE,8620000000000400,USD,matched,engine,9.99,9.99,9.99,0.00
adyen,TXN-104104,ORD-504104,SALE,8620000000000154,USD,matched,engine,24.99,24.99,24.99,0.00
adyen,TXN-104006,ORD-504006,SALE,8620000000000056,EUR,matched,engine,10.87,10.87,10.87,0.00
adyen,TXN-105225,ORD-505225,SALE,8620000000001275,USD,matched,engine,9.99,9.99,9.99,0.00
adyen,TXN-104156,ORD-504156,SALE,8620000000000206,EUR,matched_declined,engine,0.00,0.00,0.00,0.00
adyen,TXN-105600,ORD-505600,SALE,8620000000001650,EUR,matched,engine,10.88,10.88,10.88,0.00
adyen,TXN-104047,ORD-504047,SALE,8620000000000097,EUR,matched,engine,10.88,10.88,10.88,0.00
adyen,TXN-104572,ORD-504572,SALE,8620000000000622,EUR,matched,engine,5.44,5.44,5.44,0.00
adyen,TXN-104315,ORD-504315,SALE,8620000000000365,USD,matched,engine,24.99,24.99,24.99,0.00
adyen,TXN-104109,ORD-504109,SALE,8620000000000159,EUR,matched,engine,27.23,27.23,27.23,0.00
adyen,TXN-105020,ORD-505020,SALE,8620000000001070,GBP,matched,engine,71.10,71.10,71.10,0.00
adyen,TXN-104334,ORD-504334,SALE,8620000000000384,EUR,matched,engine,10.88,10.88,10.88,0.00
adyen,TXN-105078,ORD-505078,SALE,8620000000001128,EUR,matched,engine,10.88,10.88,10.88,0.00
adyen,TXN-104453,ORD-504453,SALE,8620000000000503,EUR,matched,engine,10.88,10.88,10.88,0.00
adyen,TXN-107899,ORD-505087,REFUND,8620000000001137,EUR,matched,engine,-10.88,-10.88,-10.88,0.00
adyen,TXN-104495,ORD-504495,SALE,8620000000000545,USD,matched,engine,59.99,59.99,59.99,0.00
adyen,TXN-105012,ORD-505012,SALE,8620000000001062,GBP,matched,engine,11.62,11.62,11.62,0.00
adyen,TXN-105470,ORD-505470,SALE,8620000000001520,GBP,matched,engine,28.43,28.43,28.43,0.00
adyen,TXN-104357,ORD-504357,SALE,8620000000000407,EUR,matched,engine,5.44,5.44,5.44,0.00
adyen,TXN-105466,ORD-505466,SALE,8620000000001516,GBP,matched,engine,11.62,11.62,11.62,0.00
adyen,TXN-104655,ORD-504655,SALE,8620000000000705,EUR,matched,engine,10.88,10.88,10.88,0.00
adyen,TXN-105057,ORD-505057,SALE,8620000000001107,EUR,matched,engine,10.88,10.88,10.88,0.00
adyen,TXN-104667,ORD-504667,SALE,8620000000000717,GBP,matched,engine,28.43,28.43,28.43,0.00
adyen,TXN-104039,ORD-504039,SALE,8620000000000089,EUR,matched,engine,10.88,10.88,10.88,0.00
adyen,TXN-105371,ORD-505371,SALE,8620000000001421,EUR,matched,engine,65.36,65.36,65.36,0.00
adyen,TXN-107966,ORD-507792,SALE,8620000000001785,EUR,amount_mismatch,provider,65.36,39.21,39.21,-26.15
adyen,TXN-104918,ORD-504918,SALE,8620000000000968,EUR,matched,engine,65.36,65.36,65.36,0.00
adyen,TXN-104751,ORD-504751,SALE,8620000000000801,EUR,matched,engine,10.88,10.88,10.88,0.00
adyen,TXN-105632,ORD-505632,SALE,8620000000001682,USD,matched,engine,9.99,9.99,9.99,0.00
adyen,TXN-104830,ORD-504830,SALE,8620000000000880,EUR,matched,engine,10.88,10.88,10.88,0.00
adyen,TXN-104970,ORD-504970,SALE,8620000000001020,GBP,matched,engine,28.43,28.43,28.43,0.00
adyen,TXN-104384,ORD-504384,SALE,8620000000000434,EUR,matched,engine,65.36,65.36,65.36,0.00
adyen,TXN-104818,ORD-504818,SALE,8620000000000868,EUR,matched,engine,10.88,10.88,10.88,0.00
adyen,TXN-104765,ORD-504765,SALE,8620000000000815,EUR,matched,engine,10.88,10.88,10.88,0.00
adyen,TXN-105032,ORD-505032,SALE,8620000000001082,EUR,matched,engine,27.23,27.23,27.23,0.00
adyen,TXN-105489,ORD-505489,SALE,8620000000001539,EUR,matched,engine,10.88,10.88,10.88,0.00
adyen,TXN-104246,ORD-504246,SALE,8620000000000296,EUR,matched,engine,65.36,65.36,65.36,0.00
adyen,TXN-104444,ORD-504444,SALE,8620000000000494,GBP,matched_declined,engine,0.00,0.00,0.00,0.00
adyen,TXN-105277,ORD-505277,SALE,8620000000001327,EUR,matched,engine,10.88,10.88,10.88,0.00
adyen,TXN-104758,ORD-504758,SALE,8620000000000808,USD,matched,engine,9.99,9.99,9.99,0.00
adyen,TXN-104570,ORD-504570,SALE,8620000000000620,EUR,matched,engine,10.88,10.88,10.88,0.00
adyen,TXN-105029,ORD-505029,SALE,8620000000001079,EUR,matched,engine,10.88,10.88,10.88,0.00
adyen,TXN-104750,ORD-504750,SALE,8620000000000800,EUR,matched,engine,10.88,10.88,10.88,0.00
adyen,TXN-104689,ORD-504689,SALE,8620000000000739,USD,matched,engine,9.99,9.99,9.99,0.00
adyen,TXN-105361,ORD-505361,SALE,8620000000001411,EUR,matched,engine,10.88,10.88,10.88,0.00
adyen,TXN-105485,ORD-505485,SALE,8620000000001535,EUR,matched,engine,10.88,10.88,10.88,0.00
adyen,TXN-105527,ORD-505527,SALE,8620000000001577,EUR,matched,engine,10.88,10.88,10.88,0.00
adyen,TXN-104713,ORD-504713,SALE,8620000000000763,EUR,matched,engine,10.88,10.88,10.88,0.00
adyen,TXN-105605,ORD-505605,SALE,8620000000001655,GBP,matched,engine,5.81,5.81,5.81,0.00
adyen,TXN-105622,ORD-505622,SALE,8620000000001672,GBP,matched,engine,11.62,11.62,11.62,0.00
adyen,TXN-104470,ORD-504470,SALE,8620000000000520,GBP,matched_declined,engine,0.00,0.00,0.00,0.00
adyen,TXN-104080,ORD-504080,SALE,8620000000000130,USD,matched,engine,4.99,4.99,4.99,0.00
adyen,TXN-105474,ORD-505474,SALE,8620000000001524,EUR,matched,engine,10.88,10.88,10.88,0.00
adyen,TXN-105631,ORD-505631,SALE,8620000000001681,EUR,matched,engine,5.44,5.44,5.44,0.00
adyen,TXN-104318,ORD-504318,SALE,8620000000000368,GBP,matched,engine,11.62,11.62,11.62,0.00
adyen,TXN-105381,ORD-505381,SALE,8620000000001431,EUR,matched,engine,27.23,27.23,27.23,0.00
adyen,TXN-104676,ORD-504676,SALE,8620000000000726,USD,matched,engine,9.99,9.99,9.99,0.00
adyen,TXN-104512,ORD-504512,SALE,8620000000000562,EUR,matched,engine,5.44,5.44,5.44,0.00
adyen,TXN-104324,ORD-504324,SALE,8620000000000374,USD,matched,engine,9.99,9.99,9.99,0.00
adyen,TXN-105331,ORD-505331,SALE,8620000000001381,EUR,matched,engine,65.36,65.36,65.36,0.00
adyen,TXN-104741,ORD-504741,SALE,8620000000000791,EUR,matched,engine,10.88,10.88,10.88,0.00
adyen,TXN-105440,ORD-505440,SALE,8620000000001490,EUR,matched,engine,10.88,10.88,10.88,0.00
adyen,TXN-104406,ORD-504406,SALE,8620000000000456,EUR,matched,engine,27.23,27.23,27.23,0.00
adyen,TXN-104969,ORD-504969,SALE,8620000000001019,EUR,matched,engine,10.88,10.88,10.88,0.00
adyen,TXN-105141,ORD-505141,SALE,8620000000001191,USD,matched,engine,24.99,24.99,24.99,0.00
adyen,TXN-104604,ORD-504604,SALE,8620000000000654,USD,matched_declined,engine,0.00,0.00,0.00,0.00
adyen,TXN-104502,ORD-504502,SALE,8620000000000552,USD,matched,engine,24.99,24.99,24.99,0.00
adyen,TXN-105038,ORD-505038,SALE,8620000000001088,USD,matched,engine,9.99,9.99,9.99,0.00
adyen,TXN-105644,ORD-505644,SALE,8620000000001694,USD,matched,engine,4.99,4.99,4.99,0.00
adyen,TXN-105014,ORD-505014,SALE,8620000000001064,EUR,matched_declined,engine,0.00,0.00,0.00,0.00
adyen,TXN-104431,ORD-504431,SALE,8620000000000481,EUR,matched,engine,10.88,10.88,10.88,0.00
adyen,TXN-104785,ORD-504785,SALE,8620000000000835,EUR,matched,engine,10.88,10.88,10.88,0.00
adyen,TXN-104730,ORD-504730,SALE,8620000000000780,EUR,matched,engine,5.44,5.44,5.44,0.00
adyen,TXN-104747,ORD-504747,SALE,8620000000000797,EUR,matched,engine,10.88,10.88,10.88,0.00
adyen,TXN-107874,ORD-503986,REFUND,8620000000000036,EUR,matched,engine,-10.88,-10.88,-10.88,0.00
adyen,TXN-107948,ORD-503951,CHARGEBACK,8620000000000001,EUR,matched,engine,-5.44,-5.44,-5.44,0.00
adyen,TXN-104419,ORD-504419,SALE,8620000000000469,USD,matched,engine,24.99,24.99,24.99,0.00
adyen,TXN-105360,ORD-505360,SALE,8620000000001410,GBP,matched,engine,71.10,71.10,71.10,0.00
adyen,TXN-103961,ORD-503961,SALE,8620000000000011,USD,matched,engine,9.99,9.99,9.99,0.00
adyen,TXN-105008,ORD-505008,SALE,8620000000001058,EUR,matched,engine,10.88,10.88,10.88,0.00
adyen,TXN-105359,ORD-505359,SALE,8620000000001409,USD,matched,engine,59.99,59.99,59.99,0.00
adyen,TXN-105165,ORD-505165,SALE,8620000000001215,USD,matched,engine,24.99,24.99,24.99,0.00
adyen,TXN-104607,ORD-504607,SALE,8620000000000657,EUR,matched,engine,10.88,10.88,10.88,0.00
adyen,TXN-104934,ORD-504934,SALE,8620000000000984,GBP,matched,engine,28.43,28.43,28.43,0.00
adyen,TXN-105514,ORD-505514,SALE,8620000000001564,EUR,matched,engine,10.88,10.88,10.88,0.00
adyen,TXN-104456,ORD-504456,SALE,8620000000000506,EUR,matched,engine,10.88,10.88,10.88,0.00
adyen,TXN-105153,ORD-505153,SALE,8620000000001203,GBP,matched,engine,28.43,28.43,28.43,0.00
adyen,TXN-105543,ORD-505543,SALE,8620000000001593,EUR,matched,engine,10.88,10.88,10.88,0.00
adyen,TXN-104757,ORD-504757,SALE,8620000000000807,USD,matched,engine,9.99,9.99,9.99,0.00
adyen,TXN-105026,ORD-505026,SALE,8620000000001076,EUR,matched,engine,27.23,27.23,27.23,0.00
adyen,TXN-105104,ORD-505104,SALE,8620000000001154,EUR,matched,engine,10.88,10.88,10.88,0.00
adyen,TXN-105335,ORD-505335,SALE,8620000000001385,EUR,matched,engine,10.88,10.88,10.88,0.00
adyen,TXN-104534,ORD-504534,SALE,8620000000000584,EUR,matched,engine,5.44,5.44,5.44,0.00
adyen,TXN-105000,ORD-505000,SALE,8620000000001050,USD,matched,engine,24.99,24.99,24.99,0.00
adyen,TXN-104184,ORD-504184,SALE,8620000000000234,EUR,matched,engine,10.88,10.88,10.88,0.00
adyen,TXN-105396,ORD-505396,SALE,8620000000001446,GBP,matched,engine,71.10,71.10,71.10,0.00
adyen,TXN-105545,ORD-505545,SALE,8620000000001595,EUR,matched,engine,65.36,65.36,65.36,0.00
adyen,TXN-105487,ORD-505487,SALE,8620000000001537,GBP,matched,engine,11.62,11.62,11.62,0.00
adyen,TXN-104164,ORD-504164,SALE,8620000000000214,EUR,matched,engine,10.88,10.88,10.88,0.00
adyen,TXN-105205,ORD-505205,SALE,8620000000001255,USD,matched,engine,24.99,24.99,24.99,0.00
adyen,TXN-104103,ORD-504103,SALE,8620000000000153,USD,matched,engine,4.99,4.99,4.99,0.00
adyen,TXN-104927,ORD-504927,SALE,8620000000000977,EUR,matched,engine,65.36,65.36,65.36,0.00
adyen,TXN-103962,ORD-503962,SALE,8620000000000012,EUR,matched,engine,10.88,10.88,10.88,0.00
adyen,TXN-104492,ORD-504492,SALE,8620000000000542,EUR,matched,engine,10.88,10.88,10.88,0.00
adyen,TXN-105121,ORD-505121,SALE,8620000000001171,EUR,matched,engine,5.44,5.44,5.44,0.00
adyen,TXN-105419,ORD-505419,SALE,8620000000001469,EUR,matched,engine,10.88,10.88,10.88,0.00
adyen,TXN-104661,ORD-504661,SALE,8620000000000711,EUR,matched,engine,10.88,10.88,10.88,0.00
adyen,TXN-104235,ORD-504235,SALE,8620000000000285,EUR,matched_declined,engine,0.00,0.00,0.00,0.00
adyen,TXN-105195,ORD-505195,SALE,8620000000001245,GBP,matched,engine,5.81,5.81,5.81,0.00
adyen,TXN-105245,ORD-505245,SALE,8620000000001295,EUR,matched,engine,5.44,5.44,5.44,0.00
adyen,TXN-104393,ORD-504393,SALE,8620000000000443,EUR,matched,engine,10.88,10.88,10.88,0.00
adyen,TXN-104553,ORD-504553,SALE,8620000000000603,EUR,matched,engine,5.44,5.44,5.44,0.00
adyen,TXN-104155,ORD-504155,SALE,8620000000000205,EUR,matched,engine,10.88,10.88,10.88,0.00
adyen,TXN-104906,ORD-504906,SALE,8620000000000956,GBP,matched,engine,11.62,11.62,11.62,0.00
adyen,TXN-104274,ORD-504274,SALE,8620000000000324,EUR,matched,engine,10.88,10.88,10.88,0.00
adyen,TXN-105082,ORD-505082,SALE,8620000000001132,USD,matched,engine,24.99,24.99,24.99,0.00
adyen,TXN-104016,ORD-504016,SALE,8620000000000066,EUR,matched,engine,10.88,10.88,10.88,0.00
adyen,TXN-104603,ORD-504603,SALE,8620000000000653,USD,matched,engine,9.99,9.99,9.99,0.00
adyen,TXN-104208,ORD-504208,SALE,8620000000000258,USD,matched,engine,59.99,59.99,59.99,0.00
adyen,TXN-104605,ORD-504605,SALE,8620000000000655,USD,matched,engine,9.99,9.99,9.99,0.00
adyen,TXN-104840,ORD-504840,SALE,8620000000000890,EUR,matched,engine,65.36,65.36,65.36,0.00
adyen,TXN-105295,ORD-505295,SALE,8620000000001345,EUR,matched,engine,65.36,65.36,65.36,0.00
adyen,TXN-105602,ORD-505602,SALE,8620000000001652,EUR,matched_declined,engine,0.00,0.00,0.00,0.00
adyen,TXN-104395,ORD-504395,SALE,8620000000000445,EUR,matched,engine,10.88,10.88,10.88,0.00
adyen,TXN-104205,ORD-504205,SALE,8620000000000255,EUR,matched,engine,5.44,5.44,5.44,0.00
adyen,TXN-104694,ORD-504694,SALE,8620000000000744,EUR,matched,engine,27.23,27.23,27.23,0.00
adyen,TXN-105333,ORD-505333,SALE,8620000000001383,GBP,matched,engine,5.81,5.81,5.81,0.00
adyen,TXN-104554,ORD-504554,SALE,8620000000000604,EUR,matched,engine,10.88,10.88,10.88,0.00
adyen,TXN-104003,ORD-504003,SALE,8620000000000053,EUR,matched,engine,65.36,65.36,65.36,0.00
adyen,TXN-105174,ORD-505174,SALE,8620000000001224,EUR,matched,engine,65.36,65.36,65.36,0.00
adyen,TXN-104777,ORD-504777,SALE,8620000000000827,EUR,matched,engine,10.88,10.88,10.88,0.00
adyen,TXN-104110,ORD-504110,SALE,8620000000000160,EUR,matched,engine,27.23,27.23,27.23,0.00
adyen,TXN-104958,ORD-504958,SALE,8620000000001008,EUR,matched_declined,engine,0.00,0.00,0.00,0.00
adyen,TXN-104582,ORD-504582,SALE,8620000000000632,USD,matched,engine,9.99,9.99,9.99,0.00
adyen,TXN-104332,ORD-504332,SALE,8620000000000382,EUR,matched,engine,10.88,10.88,10.88,0.00
adyen,TXN-104266,ORD-504266,SALE,8620000000000316,EUR,matched,engine,5.44,5.44,5.44,0.00
adyen,TXN-105283,ORD-505283,SALE,8620000000001333,GBP,matched,engine,5.81,5.81,5.81,0.00
adyen,TXN-104659,ORD-504659,SALE,8620000000000709,EUR,matched,engine,27.23,27.23,27.23,0.00
adyen,TXN-104151,ORD-504151,SALE,8620000000000201,GBP,matched,engine,28.43,28.43,28.43,0.00
adyen,TXN-105524,ORD-505524,SALE,8620000000001574,EUR,matched_declined,engine,0.00,0.00,0.00,0.00
adyen,TXN-105420,ORD-505420,SALE,8620000000001470,EUR,matched,engine,65.36,65.36,65.36,0.00
adyen,TXN-105561,ORD-505561,SALE,8620000000001611,EUR,matched,engine,10.88,10.88,10.88,0.00
adyen,TXN-104797,ORD-504797,SALE,8620000000000847,EUR,matched,engine,27.23,27.23,27.23,0.00
adyen,TXN-104916,ORD-504916,SALE,8620000000000966,EUR,matched,engine,27.23,27.23,27.23,0.00
adyen,TXN-104742,ORD-504742,SALE,8620000000000792,EUR,matched,engine,10.88,10.88,10.88,0.00
adyen,TXN-104131,ORD-504131,SALE,8620000000000181,EUR,matched_declined,engine,0.00,0.00,0.00,0.00
adyen,TXN-105435,ORD-505435,SALE,8620000000001485,EUR,matched,engine,10.88,10.88,10.88,0.00
adyen,TXN-105399,ORD-505399,SALE,8620000000001449,EUR,matched,engine,5.44,5.44,5.44,0.00
adyen,TXN-105173,ORD-505173,SALE,8620000000001223,USD,matched,engine,9.99,9.99,9.99,0.00
adyen,TXN-105648,ORD-505648,SALE,8620000000001698,EUR,matched_declined,engine,0.00,0.00,0.00,0.00
adyen,TXN-104528,ORD-504528,SALE,8620000000000578,EUR,matched,engine,27.23,27.23,27.23,0.00
adyen,TXN-104905,ORD-504905,SALE,8620000000000955,EUR,matched,engine,65.36,65.36,65.36,0.00
adyen,TXN-104445,ORD-504445,SALE,8620000000000495,EUR,matched,engine,10.88,10.88,10.88,0.00
adyen,TXN-105412,ORD-505412,SALE,8620000000001462,USD,matched,engine,59.99,59.99,59.99,0.00
adyen,TXN-104587,ORD-504587,SALE,8620000000000637,EUR,matched,engine,65.36,65.36,65.36,0.00
adyen,TXN-105289,ORD-505289,SALE,8620000000001339,EUR,matched,engine,10.88,10.88,10.88,0.00
adyen,TXN-104571,ORD-504571,SALE,8620000000000621,GBP,matched,engine,11.62,11.62,11.62,0.00
adyen,TXN-105609,ORD-505609,SALE,8620000000001659,EUR,matched,engine,65.36,65.36,65.36,0.00
adyen,TXN-104517,ORD-504517,SALE,8620000000000567,EUR,matched_declined,engine,0.00,0.00,0.00,0.00
adyen,TXN-104865,ORD-504865,SALE,8620000000000915,GBP,matched,engine,11.62,11.62,11.62,0.00
adyen,TXN-104960,ORD-504960,SALE,8620000000001010,EUR,matched,engine,5.44,5.44,5.44,0.00
adyen,TXN-105178,ORD-505178,SALE,8620000000001228,EUR,matched,engine,10.88,10.88,10.88,0.00
adyen,TXN-105404,ORD-505404,SALE,8620000000001454,EUR,matched,engine,10.88,10.88,10.88,0.00
adyen,TXN-104602,ORD-504602,SALE,8620000000000652,GBP,matched,engine,11.62,11.62,11.62,0.00
adyen,TXN-104895,ORD-504895,SALE,8620000000000945,EUR,matched,engine,10.88,10.88,10.88,0.00
adyen,TXN-104329,ORD-504329,SALE,8620000000000379,USD,matched,engine,9.99,9.99,9.99,0.00
adyen,TXN-104794,ORD-504794,SALE,8620000000000844,USD,matched,engine,24.99,24.99,24.99,0.00
adyen,TXN-104391,ORD-504391,SALE,8620000000000441,EUR,matched,engine,27.23,27.23,27.23,0.00
adyen,TXN-105070,ORD-505070,SALE,8620000000001120,EUR,matched,engine,27.23,27.23,27.23,0.00
adyen,TXN-104451,ORD-504451,SALE,8620000000000501,USD,matched,engine,9.99,9.99,9.99,0.00
adyen,TXN-104390,ORD-504390,SALE,8620000000000440,EUR,matched,engine,10.88,10.88,10.88,0.00
adyen,TXN-104849,ORD-504849,SALE,8620000000000899,EUR,matched,engine,10.88,10.88,10.88,0.00
adyen,TXN-105616,ORD-505616,SALE,8620000000001666,USD,matched,engine,59.99,59.99,59.99,0.00
adyen,TXN-105463,ORD-505463,SALE,8620000000001513,USD,matched,engine,59.99,59.99,59.99,0.00
adyen,TXN-104912,ORD-504912,SALE,8620000000000962,GBP,matched,engine,11.62,11.62,11.62,0.00
adyen,TXN-105623,ORD-505623,SALE,8620000000001673,EUR,matched,engine,27.23,27.23,27.23,0.00
adyen,TXN-105563,ORD-505563,SALE,8620000000001613,EUR,matched,engine,10.88,10.88,10.88,0.00
adyen,TXN-105348,ORD-505348,SALE,8620000000001398,EUR,matched,engine,10.88,10.88,10.88,0.00
adyen,TXN-104822,ORD-504822,SALE,8620000000000872,EUR,matched,engine,5.44,5.44,5.44,0.00
adyen,TXN-105117,ORD-505117,SALE,8620000000001167,EUR,matched,engine,10.88,10.88,10.88,0.00
adyen,TXN-104166,ORD-504166,SALE,8620000000000216,USD,matched,engine,9.99,9.99,9.99,0.00
adyen,TXN-104829,ORD-504829,SALE,8620000000000879,EUR,matched_declined,engine,0.00,0.00,0.00,0.00
adyen,TXN-104565,ORD-504565,SALE,8620000000000615,USD,matched,engine,9.99,9.99,9.99,0.00
adyen,TXN-104034,ORD-504034,SALE,8620000000000084,EUR,matched,engine,65.36,65.36,65.36,0.00
adyen,TXN-104870,ORD-504870,SALE,8620000000000920,USD,matched,engine,9.99,9.99,9.99,0.00
adyen,TXN-104374,ORD-504374,SALE,8620000000000424,EUR,matched,engine,5.44,5.44,5.44,0.00
adyen,TXN-104898,ORD-504898,SALE,8620000000000948,EUR,matched,engine,27.23,27.23,27.23,0.00
adyen,TXN-105366,ORD-505366,SALE,8620000000001416,GBP,matched,engine,28.43,28.43,28.43,0.00
adyen,TXN-104965,ORD-504965,SALE,8620000000001015,EUR,matched,engine,10.88,10.88,10.88,0.00
adyen,TXN-104847,ORD-504847,SALE,8620000000000897,USD,matched,engine,9.99,9.99,9.99,0.00
adyen,TXN-104575,ORD-504575,SALE,8620000000000625,EUR,matched,engine,27.23,27.23,27.23,0.00
adyen,TXN-104489,ORD-504489,SALE,8620000000000539,GBP,matched,engine,11.62,11.62,11.62,0.00
adyen,TXN-104745,ORD-504745,SALE,8620000000000795,USD,matched,engine,9.99,9.99,9.99,0.00
adyen,TXN-105201,ORD-505201,SALE,8620000000001251,EUR,matched_declined,engine,0.00,0.00,0.00,0.00
adyen,TXN-104360,ORD-504360,SALE,8620000000000410,EUR,matched,engine,10.88,10.88,10.88,0.00
adyen,TXN-105306,ORD-505306,SALE,8620000000001356,EUR,matched,engine,10.88,10.88,10.88,0.00
adyen,TXN-104072,ORD-504072,SALE,8620000000000122,USD,matched,engine,59.99,59.99,59.99,0.00
adyen,TXN-104139,ORD-504139,SALE,8620000000000189,GBP,matched,engine,28.43,28.43,28.43,0.00
adyen,TXN-104215,ORD-504215,SALE,8620000000000265,EUR,matched,engine,10.88,10.88,10.88,0.00
adyen,TXN-107949,ORD-503952,CHARGEBACK,8620000000000002,EUR,matched,engine,-27.23,-27.23,-27.23,0.00
adyen,TXN-105315,ORD-505315,SALE,8620000000001365,USD,matched,engine,4.99,4.99,4.99,0.00
adyen,TXN-104620,ORD-504620,SALE,8620000000000670,EUR,matched_declined,engine,0.00,0.00,0.00,0.00
adyen,TXN-104846,ORD-504846,SALE,8620000000000896,GBP,matched,engine,11.62,11.62,11.62,0.00
adyen,TXN-105155,ORD-505155,SALE,8620000000001205,USD,matched,engine,9.99,9.99,9.99,0.00
adyen,TXN-104536,ORD-504536,SALE,8620000000000586,GBP,matched,engine,28.43,28.43,28.43,0.00
adyen,TXN-104590,ORD-504590,SALE,8620000000000640,EUR,matched,engine,10.88,10.88,10.88,0.00
adyen,TXN-105633,ORD-505633,SALE,8620000000001683,EUR,matched,engine,5.44,5.44,5.44,0.00
adyen,TXN-107967,ORD-507793,SALE,8620000000001786,GBP,amount_mismatch,provider,28.43,14.22,14.22,-14.21
adyen,TXN-105553,ORD-505553,SALE,8620000000001603,EUR,matched,engine,5.44,5.44,5.44,0.00
adyen,TXN-105397,ORD-505397,SALE,8620000000001447,EUR,matched,engine,10.88,10.88,10.88,0.00
adyen,TXN-104913,ORD-504913,SALE,8620000000000963,EUR,matched,engine,10.88,10.88,10.88,0.00
adyen,TXN-105390,ORD-505390,SALE,8620000000001440,GBP,matched,engine,5.81,5.81,5.81,0.00
adyen,TXN-105606,ORD-505606,SALE,8620000000001656,EUR,matched,engine,10.88,10.88,10.88,0.00
adyen,TXN-104878,ORD-504878,SALE,8620000000000928,USD,matched,engine,9.99,9.99,9.99,0.00
adyen,TXN-103981,ORD-503981,SALE,8620000000000031,EUR,matched,engine,10.88,10.88,10.88,0.00
adyen,TXN-105212,ORD-505212,SALE,8620000000001262,USD,matched,engine,59.99,59.99,59.99,0.00
adyen,TXN-105126,ORD-505126,SALE,8620000000001176,USD,matched,engine,59.99,59.99,59.99,0.00
adyen,TXN-105227,ORD-505227,SALE,8620000000001277,USD,matched,engine,9.99,9.99,9.99,0.00
adyen,TXN-105647,ORD-505647,SALE,8620000000001697,GBP,matched,engine,11.62,11.62,11.62,0.00
adyen,TXN-104288,ORD-504288,SALE,8620000000000338,EUR,matched,engine,10.88,10.88,10.88,0.00
adyen,TXN-105198,ORD-505198,SALE,8620000000001248,EUR,matched,engine,10.88,10.88,10.88,0.00
adyen,TXN-105179,ORD-505179,SALE,8620000000001229,EUR,matched,engine,27.23,27.23,27.23,0.00
adyen,TXN-104415,ORD-504415,SALE,8620000000000465,USD,matched,engine,24.99,24.99,24.99,0.00
adyen,TXN-104010,ORD-504010,SALE,8620000000000060,GBP,matched,engine,71.10,71.10,71.10,0.00
adyen,TXN-104017,ORD-504017,SALE,8620000000000067,EUR,matched,engine,27.23,27.23,27.23,0.00
adyen,TXN-104128,ORD-504128,SALE,8620000000000178,EUR,matched,engine,10.88,10.88,10.88,0.00
adyen,TXN-105344,ORD-505344,SALE,8620000000001394,USD,matched,engine,24.99,24.99,24.99,0.00
adyen,TXN-105345,ORD-505345,SALE,8620000000001395,EUR,matched,engine,10.88,10.88,10.88,0.00
adyen,TXN-105081,ORD-505081,SALE,8620000000001131,USD,matched,engine,9.99,9.99,9.99,0.00
adyen,TXN-105025,ORD-505025,SALE,8620000000001075,USD,matched,engine,4.99,4.99,4.99,0.00
adyen,TXN-107893,ORD-504852,REFUND,8620000000000902,EUR,matched,engine,-65.36,-65.36,-65.36,0.00
adyen,TXN-104052,ORD-504052,SALE,8620000000000102,USD,matched,engine,9.99,9.99,9.99,0.00
adyen,TXN-104206,ORD-504206,SALE,8620000000000256,USD,matched,engine,9.99,9.99,9.99,0.00
adyen,TXN-105516,ORD-505516,SALE,8620000000001566,EUR,matched,engine,10.88,10.88,10.88,0.00
adyen,TXN-104705,ORD-504705,SALE,8620000000000755,USD,matched,engine,9.99,9.99,9.99,0.00
adyen,TXN-104271,ORD-504271,SALE,8620000000000321,GBP,matched,engine,5.81,5.81,5.81,0.00
adyen,TXN-105011,ORD-505011,SALE,8620000000001061,EUR,matched,engine,65.36,65.36,65.36,0.00
adyen,TXN-105607,ORD-505607,SALE,8620000000001657,GBP,matched_declined,engine,0.00,0.00,0.00,0.00
adyen,TXN-104280,ORD-504280,SALE,8620000000000330,EUR,matched,engine,10.88,10.88,10.88,0.00
adyen,TXN-104814,ORD-504814,SALE,8620000000000864,EUR,matched,engine,27.23,27.23,27.23,0.00
adyen,TXN-104423,ORD-504423,SALE,8620000000000473,EUR,matched,engine,10.88,10.88,10.88,0.00
adyen,TXN-105362,ORD-505362,SALE,8620000000001412,EUR,matched,engine,10.88,10.88,10.88,0.00
adyen,TXN-104926,ORD-504926,SALE,8620000000000976,GBP,matched,engine,11.62,11.62,11.62,0.00
adyen,TXN-104640,ORD-504640,SALE,8620000000000690,EUR,matched,engine,10.88,10.88,10.88,0.00
adyen,TXN-105319,ORD-505319,SALE,8620000000001369,EUR,matched,engine,65.36,65.36,65.36,0.00
adyen,TXN-104092,ORD-504092,SALE,8620000000000142,GBP,matched,engine,11.62,11.62,11.62,0.00
adyen,TXN-105445,ORD-505445,SALE,8620000000001495,GBP,matched_declined,engine,0.00,0.00,0.00,0.00
adyen,TXN-104309,ORD-504309,SALE,8620000000000359,EUR,matched,engine,10.88,10.88,10.88,0.00
adyen,TXN-104030,ORD-504030,SALE,8620000000000080,EUR,matched,engine,10.88,10.88,10.88,0.00
adyen,TXN-104399,ORD-504399,SALE,8620000000000449,EUR,matched,engine,27.22,27.22,27.22,0.00
adyen,TXN-105108,ORD-505108,SALE,8620000000001158,USD,matched,engine,9.99,9.99,9.99,0.00
adyen,TXN-104417,ORD-504417,SALE,8620000000000467,GBP,matched,engine,28.52,28.52,28.52,0.00
adyen,TXN-105518,ORD-505518,SALE,8620000000001568,EUR,matched,engine,10.88,10.88,10.88,0.00
adyen,TXN-105253,ORD-505253,SALE,8620000000001303,USD,matched,engine,24.99,24.99,24.99,0.00
adyen,TXN-105552,ORD-505552,SALE,8620000000001602,EUR,matched,engine,10.88,10.88,10.88,0.00
adyen,TXN-105004,ORD-505004,SALE,8620000000001054,GBP,matched,engine,28.52,28.52,28.52,0.00
adyen,TXN-104301,ORD-504301,SALE,8620000000000351,GBP,matched,engine,11.66,11.66,11.66,0.00
adyen,TXN-105215,ORD-505215,SALE,8620000000001265,EUR,matched,engine,65.35,65.35,65.35,0.00
adyen,TXN-105460,ORD-505460,SALE,8620000000001510,EUR,matched,engine,10.88,10.88,10.88,0.00
adyen,TXN-105097,ORD-505097,SALE,8620000000001147,EUR,matched,engine,10.88,10.88,10.88,0.00
adyen,TXN-104717,ORD-504717,SALE,8620000000000767,USD,matched,engine,9.99,9.99,9.99,0.00
adyen,TXN-103999,ORD-503999,SALE,8620000000000049,EUR,matched,engine,10.88,10.88,10.88,0.00
adyen,TXN-105624,ORD-505624,SALE,8620000000001674,EUR,matched,engine,10.88,10.88,10.88,0.00
adyen,TXN-104204,ORD-504204,SALE,8620000000000254,EUR,matched,engine,5.44,5.44,5.44,0.00
adyen,TXN-104592,ORD-504592,SALE,8620000000000642,EUR,matched,engine,10.88,10.88,10.88,0.00
adyen,TXN-105271,ORD-505271,SALE,8620000000001321,EUR,matched,engine,27.22,27.22,27.22,0.00
adyen,TXN-105259,ORD-505259,SALE,8620000000001309,EUR,matched,engine,27.22,27.22,27.22,0.00
adyen,TXN-104964,ORD-504964,SALE,8620000000001014,EUR,matched,engine,65.35,65.35,65.35,0.00
adyen,TXN-104654,ORD-504654,SALE,8620000000000704,EUR,matched,engine,5.44,5.44,5.44,0.00
adyen,TXN-105649,ORD-505649,SALE,8620000000001699,USD,matched,engine,24.99,24.99,24.99,0.00
adyen,TXN-103967,ORD-503967,SALE,8620000000000017,GBP,matched,engine,11.66,11.66,11.66,0.00
adyen,TXN-105443,ORD-505443,SALE,8620000000001493,EUR,matched,engine,10.88,10.88,10.88,0.00
adyen,TXN-104688,ORD-504688,SALE,8620000000000738,USD,matched,engine,9.99,9.99,9.99,0.00
adyen,TXN-104731,ORD-504731,SALE,8620000000000781,EUR,matched,engine,5.44,5.44,5.44,0.00
adyen,TXN-105639,ORD-505639,SALE,8620000000001689,USD,matched,engine,24.99,24.99,24.99,0.00
adyen,TXN-105547,ORD-505547,SALE,8620000000001597,EUR,matched_declined,engine,0.00,0.00,0.00,0.00
adyen,TXN-104472,ORD-504472,SALE,8620000000000522,EUR,matched_declined,engine,0.00,0.00,0.00,0.00
adyen,TXN-104002,ORD-504002,SALE,8620000000000052,EUR,matched,engine,10.88,10.88,10.88,0.00
adyen,TXN-107902,ORD-505313,REFUND,8620000000001363,USD,matched,engine,-24.99,-24.99,-24.99,0.00
adyen,TXN-104414,ORD-504414,SALE,8620000000000464,EUR,matched,engine,27.22,27.22,27.22,0.00
adyen,TXN-104652,ORD-504652,SALE,8620000000000702,GBP,matched,engine,71.31,71.31,71.31,0.00
adyen,TXN-104646,ORD-504646,SALE,8620000000000696,USD,matched,engine,9.99,9.99,9.99,0.00
adyen,TXN-105496,ORD-505496,SALE,8620000000001546,EUR,matched,engine,65.35,65.35,65.35,0.00
adyen,TXN-105407,ORD-505407,SALE,8620000000001457,EUR,matched,engine,10.88,10.88,10.88,0.00
adyen,TXN-105264,ORD-505264,SALE,8620000000001314,EUR,matched,engine,10.88,10.88,10.88,0.00
adyen,TXN-104561,ORD-504561,SALE,8620000000000611,EUR,matched,engine,65.35,65.35,65.35,0.00
adyen,TXN-104653,ORD-504653,SALE,8620000000000703,USD,matched,engine,9.99,9.99,9.99,0.00
adyen,TXN-105085,ORD-505085,SALE,8620000000001135,EUR,matched,engine,10.88,10.88,10.88,0.00
adyen,TXN-104349,ORD-504349,SALE,8620000000000399,EUR,matched,engine,65.35,65.35,65.35,0.00
adyen,TXN-104861,ORD-504861,SALE,8620000000000911,EUR,matched,engine,10.88,10.88,10.88,0.00
adyen,TXN-105432,ORD-505432,SALE,8620000000001482,EUR,matched,engine,5.44,5.44,5.44,0.00
adyen,TXN-104300,ORD-504300,SALE,8620000000000350,GBP,matched,engine,71.31,71.31,71.31,0.00
adyen,TXN-104723,ORD-504723,SALE,8620000000000773,GBP,matched,engine,11.66,11.66,11.66,0.00
adyen,TXN-104385,ORD-504385,SALE,8620000000000435,EUR,matched,engine,10.88,10.88,10.88,0.00
adyen,TXN-105472,ORD-505472,SALE,8620000000001522,EUR,matched_declined,engine,0.00,0.00,0.00,0.00
adyen,TXN-104467,ORD-504467,SALE,8620000000000517,EUR,matched_declined,engine,0.00,0.00,0.00,0.00
adyen,TXN-104931,ORD-504931,SALE,8620000000000981,EUR,matched,engine,10.88,10.88,10.88,0.00
adyen,TXN-104269,ORD-504269,SALE,8620000000000319,EUR,matched,engine,10.88,10.88,10.88,0.00
adyen,TXN-105353,ORD-505353,SALE,8620000000001403,GBP,matched,engine,28.52,28.52,28.52,0.00
adyen,TXN-104437,ORD-504437,SALE,8620000000000487,USD,matched,engine,4.99,4.99,4.99,0.00
adyen,TXN-104296,ORD-504296,SALE,8620000000000346,EUR,matched,engine,10.88,10.88,10.88,0.00
adyen,TXN-105477,ORD-505477,SALE,8620000000001527,EUR,matched_declined,engine,0.00,0.00,0.00,0.00
adyen,TXN-105125,ORD-505125,SALE,8620000000001175,EUR,matched,engine,65.35,65.35,65.35,0.00
adyen,TXN-104993,ORD-504993,SALE,8620000000001043,EUR,matched,engine,10.88,10.88,10.88,0.00
adyen,TXN-104984,ORD-504984,SALE,8620000000001034,EUR,matched,engine,10.88,10.88,10.88,0.00
adyen,TXN-105254,ORD-505254,SALE,8620000000001304,EUR,matched,engine,27.22,27.22,27.22,0.00
adyen,TXN-104951,ORD-504951,SALE,8620000000001001,USD,matched,engine,24.99,24.99,24.99,0.00
adyen,TXN-104480,ORD-504480,SALE,8620000000000530,EUR,matched_declined,engine,0.00,0.00,0.00,0.00
adyen,TXN-104691,ORD-504691,SALE,8620000000000741,GBP,matched,engine,11.62,11.62,11.62,0.00
adyen,TXN-105423,ORD-505423,SALE,8620000000001473,EUR,matched,engine,65.21,65.21,65.21,0.00
adyen,TXN-105203,ORD-505203,SALE,8620000000001253,EUR,matched,engine,65.21,65.21,65.21,0.00
adyen,TXN-105151,ORD-505151,SALE,8620000000001201,EUR,matched,engine,65.21,65.21,65.21,0.00
adyen,TXN-105464,ORD-505464,SALE,8620000000001514,USD,matched,engine,9.99,9.99,9.99,0.00
adyen,TXN-105233,ORD-505233,SALE,8620000000001283,EUR,matched,engine,10.86,10.86,10.86,0.00
adyen,TXN-104194,ORD-504194,SALE,8620000000000244,USD,matched,engine,9.99,9.99,9.99,0.00
adyen,TXN-105560,ORD-505560,SALE,8620000000001610,EUR,matched,engine,10.86,10.86,10.86,0.00
adyen,TXN-104462,ORD-504462,SALE,8620000000000512,EUR,matched,engine,10.86,10.86,10.86,0.00
adyen,TXN-105106,ORD-505106,SALE,8620000000001156,EUR,matched,engine,10.86,10.86,10.86,0.00
adyen,TXN-105549,ORD-505549,SALE,8620000000001599,EUR,matched,engine,10.86,10.86,10.86,0.00
adyen,TXN-104792,ORD-504792,SALE,8620000000000842,EUR,matched,engine,10.86,10.86,10.86,0.00
adyen,TXN-104660,ORD-504660,SALE,8620000000000710,GBP,matched,engine,11.62,11.62,11.62,0.00
adyen,TXN-104633,ORD-504633,SALE,8620000000000683,EUR,matched,engine,27.16,27.16,27.16,0.00
adyen,TXN-104497,ORD-504497,SALE,8620000000000547,EUR,matched,engine,27.16,27.16,27.16,0.00
adyen,TXN-104286,ORD-504286,SALE,8620000000000336,EUR,matched_declined,engine,0.00,0.00,0.00,0.00
adyen,TXN-104137,ORD-504137,SALE,8620000000000187,EUR,matched_declined,engine,0.00,0.00,0.00,0.00
adyen,TXN-105594,ORD-505594,SALE,8620000000001644,EUR,matched,engine,10.86,10.86,10.86,0.00
adyen,TXN-104125,ORD-504125,SALE,8620000000000175,USD,matched,engine,59.99,59.99,59.99,0.00
adyen,TXN-104841,ORD-504841,SALE,8620000000000891,EUR,matched,engine,65.21,65.21,65.21,0.00
adyen,TXN-105300,ORD-505300,SALE,8620000000001350,USD,matched,engine,59.99,59.99,59.99,0.00
adyen,TXN-104122,ORD-504122,SALE,8620000000000172,EUR,matched,engine,10.86,10.86,10.86,0.00
adyen,TXN-105357,ORD-505357,SALE,8620000000001407,GBP,matched,engine,11.62,11.62,11.62,0.00
adyen,TXN-104733,ORD-504733,SALE,8620000000000783,GBP,matched_declined,engine,0.00,0.00,0.00,0.00
adyen,TXN-104933,ORD-504933,SALE,8620000000000983,USD,matched,engine,59.99,59.99,59.99,0.00
adyen,TXN-105123,ORD-505123,SALE,8620000000001173,EUR,matched,engine,5.42,5.42,5.42,0.00
adyen,TXN-104500,ORD-504500,SALE,8620000000000550,USD,matched,engine,24.99,24.99,24.99,0.00
adyen,TXN-105238,ORD-505238,SALE,8620000000001288,EUR,matched,engine,10.86,10.86,10.86,0.00
adyen,TXN-104416,ORD-504416,SALE,8620000000000466,EUR,matched,engine,10.86,10.86,10.86,0.00
adyen,TXN-105592,ORD-505592,SALE,8620000000001642,USD,matched_declined,engine,0.00,0.00,0.00,0.00
adyen,TXN-104477,ORD-504477,SALE,8620000000000527,USD,matched,engine,9.99,9.99,9.99,0.00
adyen,TXN-104248,ORD-504248,SALE,8620000000000298,EUR,matched,engine,10.86,10.86,10.86,0.00
adyen,TXN-104961,ORD-504961,SALE,8620000000001011,EUR,matched,engine,10.86,10.86,10.86,0.00
adyen,TXN-104367,ORD-504367,SALE,8620000000000417,EUR,matched,engine,5.42,5.42,5.42,0.00
adyen,TXN-105569,ORD-505569,SALE,8620000000001619,EUR,matched,engine,10.86,10.86,10.86,0.00
adyen,TXN-105314,ORD-505314,SALE,8620000000001364,GBP,matched,engine,11.62,11.62,11.62,0.00
adyen,TXN-105210,ORD-505210,SALE,8620000000001260,EUR,matched,engine,10.86,10.86,10.86,0.00
adyen,TXN-105504,ORD-505504,SALE,8620000000001554,GBP,matched,engine,11.62,11.62,11.62,0.00
adyen,TXN-104891,ORD-504891,SALE,8620000000000941,EUR,matched,engine,10.86,10.86,10.86,0.00
adyen,TXN-105223,ORD-505223,SALE,8620000000001273,EUR,matched,engine,10.86,10.86,10.86,0.00
adyen,TXN-105650,ORD-505650,SALE,8620000000001700,GBP,matched,engine,11.62,11.62,11.62,0.00
adyen,TXN-104473,ORD-504473,SALE,8620000000000523,EUR,matched,engine,27.16,27.16,27.16,0.00
adyen,TXN-104900,ORD-504900,SALE,8620000000000950,EUR,matched,engine,10.86,10.86,10.86,0.00
adyen,TXN-104736,ORD-504736,SALE,8620000000000786,EUR,matched,engine,10.86,10.86,10.86,0.00
adyen,TXN-105535,ORD-505535,SALE,8620000000001585,EUR,matched_declined,engine,0.00,0.00,0.00,0.00
adyen,TXN-104567,ORD-504567,SALE,8620000000000617,EUR,matched,engine,5.42,5.42,5.42,0.00
adyen,TXN-105304,ORD-505304,SALE,8620000000001354,EUR,matched_declined,engine,0.00,0.00,0.00,0.00
adyen,TXN-105481,ORD-505481,SALE,8620000000001531,EUR,matched,engine,10.86,10.86,10.86,0.00
adyen,TXN-105585,ORD-505585,SALE,8620000000001635,GBP,matched,engine,11.62,11.62,11.62,0.00
adyen,TXN-104851,ORD-504851,SALE,8620000000000901,EUR,matched,engine,10.86,10.86,10.86,0.00
adyen,TXN-104425,ORD-504425,SALE,8620000000000475,EUR,matched,engine,65.21,65.21,65.21,0.00
adyen,TXN-104943,ORD-504943,SALE,8620000000000993,GBP,matched_declined,engine,0.00,0.00,0.00,0.00
adyen,TXN-104585,ORD-504585,SALE,8620000000000635,EUR,matched,engine,10.86,10.86,10.86,0.00
adyen,TXN-105374,ORD-505374,SALE,8620000000001424,EUR,matched,engine,10.86,10.86,10.86,0.00
adyen,TXN-103979,ORD-503979,SALE,8620000000000029,EUR,matched,engine,10.86,10.86,10.86,0.00
adyen,TXN-104373,ORD-504373,SALE,8620000000000423,EUR,matched,engine,10.83,10.83,10.83,0.00
adyen,TXN-105075,ORD-505075,SALE,8620000000001125,EUR,matched,engine,10.83,10.83,10.83,0.00
adyen,TXN-105190,ORD-505190,SALE,8620000000001240,EUR,matched,engine,27.09,27.09,27.09,0.00
adyen,TXN-105034,ORD-505034,SALE,8620000000001084,GBP,matched_declined,engine,0.00,0.00,0.00,0.00
adyen,TXN-105047,ORD-505047,SALE,8620000000001097,EUR,matched,engine,10.83,10.83,10.83,0.00
adyen,TXN-104012,ORD-504012,SALE,8620000000000062,EUR,matched,engine,27.09,27.09,27.09,0.00
adyen,TXN-104115,ORD-504115,SALE,8620000000000165,GBP,matched,engine,11.67,11.67,11.67,0.00
adyen,TXN-104236,ORD-504236,SALE,8620000000000286,EUR,matched,engine,10.83,10.83,10.83,0.00
adyen,TXN-104461,ORD-504461,SALE,8620000000000511,EUR,matched,engine,10.83,10.83,10.83,0.00
adyen,TXN-104100,ORD-504100,SALE,8620000000000150,EUR,matched,engine,10.83,10.83,10.83,0.00
adyen,TXN-104278,ORD-504278,SALE,8620000000000328,EUR,matched,engine,10.83,10.83,10.83,0.00
adyen,TXN-104761,ORD-504761,SALE,8620000000000811,GBP,matched,engine,11.67,11.67,11.67,0.00
adyen,TXN-105007,ORD-505007,SALE,8620000000001057,EUR,matched,engine,27.09,27.09,27.09,0.00
adyen,TXN-105379,ORD-505379,SALE,8620000000001429,EUR,matched,engine,10.83,10.83,10.83,0.00
adyen,TXN-104773,ORD-504773,SALE,8620000000000823,GBP,matched,engine,28.54,28.54,28.54,0.00
adyen,TXN-104631,ORD-504631,SALE,8620000000000681,EUR,matched,engine,27.09,27.09,27.09,0.00
adyen,TXN-105188,ORD-505188,SALE,8620000000001238,EUR,matched,engine,65.02,65.02,65.02,0.00
adyen,TXN-104728,ORD-504728,SALE,8620000000000778,USD,matched,engine,9.99,9.99,9.99,0.00
adyen,TXN-103975,ORD-503975,SALE,8620000000000025,USD,matched,engine,59.99,59.99,59.99,0.00
adyen,TXN-104073,ORD-504073,SALE,8620000000000123,EUR,matched,engine,65.02,65.02,65.02,0.00
adyen,TXN-105162,ORD-505162,SALE,8620000000001212,EUR,matched,engine,10.83,10.83,10.83,0.00
adyen,TXN-104114,ORD-504114,SALE,8620000000000164,USD,matched,engine,24.99,24.99,24.99,0.00
adyen,TXN-105611,ORD-505611,SALE,8620000000001661,EUR,matched,engine,65.02,65.02,65.02,0.00
adyen,TXN-107879,ORD-504260,REFUND,8620000000000310,EUR,matched,engine,-10.83,-10.83,-10.83,0.00
adyen,TXN-105299,ORD-505299,SALE,8620000000001349,USD,matched,engine,9.99,9.99,9.99,0.00
adyen,TXN-105003,ORD-505003,SALE,8620000000001053,EUR,matched,engine,10.83,10.83,10.83,0.00
adyen,TXN-105267,ORD-505267,SALE,8620000000001317,USD,matched,engine,9.99,9.99,9.99,0.00
adyen,TXN-107894,ORD-504892,REFUND,8620000000000942,EUR,matched,engine,-10.83,-10.83,-10.83,0.00
adyen,TXN-104203,ORD-504203,SALE,8620000000000253,EUR,matched,engine,10.83,10.83,10.83,0.00
adyen,TXN-107901,ORD-505185,REFUND,8620000000001235,EUR,matched,engine,-5.42,-5.42,-5.42,0.00
adyen,TXN-105248,ORD-505248,SALE,8620000000001298,EUR,matched,engine,10.83,10.83,10.83,0.00
adyen,TXN-105320,ORD-505320,SALE,8620000000001370,EUR,matched,engine,10.83,10.83,10.83,0.00
adyen,TXN-107973,ORD-507799,SALE,8620000000001791,USD,matched,engine,24.99,24.99,24.99,0.00
adyen,TXN-107892,ORD-504840,REFUND,8620000000000890,EUR,matched,engine,-65.02,-65.02,-65.02,0.00
adyen,TXN-104438,ORD-504438,SALE,8620000000000488,EUR,matched,engine,10.83,10.83,10.83,0.00
adyen,TXN-105483,ORD-505483,SALE,8620000000001533,EUR,matched,engine,10.83,10.83,10.83,0.00
adyen,TXN-104597,ORD-504597,SALE,8620000000000647,EUR,matched,engine,5.41,5.41,5.41,0.00
adyen,TXN-104634,ORD-504634,SALE,8620000000000684,GBP,matched,engine,11.67,11.67,11.67,0.00
adyen,TXN-105478,ORD-505478,SALE,8620000000001528,EUR,matched,engine,10.83,10.83,10.83,0.00
adyen,TXN-105370,ORD-505370,SALE,8620000000001420,USD,matched,engine,9.99,9.99,9.99,0.00
adyen,TXN-104824,ORD-504824,SALE,8620000000000874,USD,matched,engine,4.99,4.99,4.99,0.00
adyen,TXN-105372,ORD-505372,SALE,8620000000001422,EUR,matched_declined,engine,0.00,0.00,0.00,0.00
adyen,TXN-104899,ORD-504899,SALE,8620000000000949,EUR,matched,engine,10.83,10.83,10.83,0.00
adyen,TXN-104408,ORD-504408,SALE,8620000000000458,EUR,matched,engine,5.41,5.41,5.41,0.00
adyen,TXN-104682,ORD-504682,SALE,8620000000000732,USD,matched,engine,9.99,9.99,9.99,0.00
adyen,TXN-104823,ORD-504823,SALE,8620000000000873,GBP,matched,engine,11.67,11.67,11.67,0.00
adyen,TXN-104119,ORD-504119,SALE,8620000000000169,EUR,matched,engine,10.83,10.83,10.83,0.00
adyen,TXN-104446,ORD-504446,SALE,8620000000000496,EUR,matched,engine,10.83,10.83,10.83,0.00
adyen,TXN-105015,ORD-505015,SALE,8620000000001065,GBP,matched,engine,11.67,11.67,11.67,0.00
adyen,TXN-104009,ORD-504009,SALE,8620000000000059,USD,matched,engine,9.99,9.99,9.99,0.00
adyen,TXN-105459,ORD-505459,SALE,8620000000001509,EUR,matched,engine,10.83,10.83,10.83,0.00
adyen,TXN-104026,ORD-504026,SALE,8620000000000076,EUR,matched,engine,10.79,10.79,10.79,0.00
adyen,TXN-104850,ORD-504850,SALE,8620000000000900,EUR,matched,engine,64.80,64.80,64.80,0.00
adyen,TXN-104383,ORD-504383,SALE,8620000000000433,EUR,matched,engine,10.79,10.79,10.79,0.00
adyen,TXN-105284,ORD-505284,SALE,8620000000001334,GBP,matched,engine,28.50,28.50,28.50,0.00
adyen,TXN-104532,ORD-504532,SALE,8620000000000582,EUR,matched,engine,10.79,10.79,10.79,0.00
adyen,TXN-104612,ORD-504612,SALE,8620000000000662,EUR,matched,engine,26.99,26.99,26.99,0.00
adyen,TXN-105193,ORD-505193,SALE,8620000000001243,GBP,matched,engine,71.26,71.26,71.26,0.00
adyen,TXN-104948,ORD-504948,SALE,8620000000000998,EUR,matched,engine,10.79,10.79,10.79,0.00
adyen,TXN-105428,ORD-505428,SALE,8620000000001478,EUR,matched,engine,26.99,26.99,26.99,0.00
adyen,TXN-105132,ORD-505132,SALE,8620000000001182,EUR,matched,engine,10.79,10.79,10.79,0.00
adyen,TXN-105398,ORD-505398,SALE,8620000000001448,EUR,matched,engine,26.99,26.99,26.99,0.00
adyen,TXN-104780,ORD-504780,SALE,8620000000000830,EUR,matched,engine,26.99,26.99,26.99,0.00
adyen,TXN-104458,ORD-504458,SALE,8620000000000508,EUR,matched,engine,10.79,10.79,10.79,0.00
adyen,TXN-104448,ORD-504448,SALE,8620000000000498,GBP,matched,engine,71.26,71.26,71.26,0.00
adyen,TXN-104626,ORD-504626,SALE,8620000000000676,USD,matched,engine,9.99,9.99,9.99,0.00
adyen,TXN-105274,ORD-505274,SALE,8620000000001324,GBP,matched,engine,11.65,11.65,11.65,0.00
adyen,TXN-105414,ORD-505414,SALE,8620000000001464,EUR,matched,engine,26.99,26.99,26.99,0.00
adyen,TXN-105308,ORD-505308,SALE,8620000000001358,EUR,matched,engine,10.79,10.79,10.79,0.00
adyen,TXN-104695,ORD-504695,SALE,8620000000000745,EUR,matched,engine,5.39,5.39,5.39,0.00
adyen,TXN-105073,ORD-505073,SALE,8620000000001123,EUR,matched,engine,10.79,10.79,10.79,0.00
adyen,TXN-104127,ORD-504127,SALE,8620000000000177,EUR,matched_declined,engine,0.00,0.00,0.00,0.00
adyen,TXN-104996,ORD-504996,SALE,8620000000001046,GBP,matched,engine,11.65,11.65,11.65,0.00
adyen,TXN-104422,ORD-504422,SALE,8620000000000472,USD,matched_declined,engine,0.00,0.00,0.00,0.00
adyen,TXN-105199,ORD-505199,SALE,8620000000001249,USD,matched,engine,9.99,9.99,9.99,0.00
adyen,TXN-104962,ORD-504962,SALE,8620000000001012,EUR,matched,engine,10.79,10.79,10.79,0.00
adyen,TXN-104267,ORD-504267,SALE,8620000000000317,EUR,matched,engine,64.80,64.80,64.80,0.00
adyen,TXN-104251,ORD-504251,SALE,8620000000000301,EUR,matched_declined,engine,0.00,0.00,0.00,0.00
adyen,TXN-104656,ORD-504656,SALE,8620000000000706,USD,matched,engine,9.99,9.99,9.99,0.00
adyen,TXN-105495,ORD-505495,SALE,8620000000001545,USD,matched,engine,9.99,9.99,9.99,0.00
adyen,TXN-104420,ORD-504420,SALE,8620000000000470,GBP,matched,engine,11.65,11.65,11.65,0.00
adyen,TXN-104031,ORD-504031,SALE,8620000000000081,USD,matched,engine,59.99,59.99,59.99,0.00
adyen,TXN-104038,ORD-504038,SALE,8620000000000088,EUR,matched,engine,5.39,5.39,5.39,0.00
adyen,TXN-104711,ORD-504711,SALE,8620000000000761,EUR,matched,engine,10.79,10.79,10.79,0.00
adyen,TXN-104558,ORD-504558,SALE,8620000000000608,EUR,matched,engine,26.99,26.99,26.99,0.00
adyen,TXN-104698,ORD-504698,SALE,8620000000000748,EUR,matched,engine,10.79,10.79,10.79,0.00
adyen,TXN-104826,ORD-504826,SALE,8620000000000876,GBP,matched,engine,11.65,11.65,11.65,0.00
adyen,TXN-105456,ORD-505456,SALE,8620000000001506,USD,matched,engine,24.99,24.99,24.99,0.00
adyen,TXN-105181,ORD-505181,SALE,8620000000001231,GBP,matched,engine,28.50,28.50,28.50,0.00
adyen,TXN-104623,ORD-504623,SALE,8620000000000673,USD,matched,engine,9.99,9.99,9.99,0.00
adyen,TXN-104087,ORD-504087,SALE,8620000000000137,EUR,matched,engine,10.79,10.79,10.79,0.00
adyen,TXN-105583,ORD-505583,SALE,8620000000001633,EUR,matched,engine,10.79,10.79,10.79,0.00
adyen,TXN-104668,ORD-504668,SALE,8620000000000718,EUR,matched,engine,10.79,10.79,10.79,0.00
adyen,TXN-104615,ORD-504615,SALE,8620000000000665,EUR,matched,engine,26.99,26.99,26.99,0.00
adyen,TXN-104101,ORD-504101,SALE,8620000000000151,USD,matched,engine,59.99,59.99,59.99,0.00
adyen,TXN-104372,ORD-504372,SALE,8620000000000422,EUR,matched,engine,10.79,10.79,10.79,0.00
adyen,TXN-104923,ORD-504923,SALE,8620000000000973,EUR,matched,engine,26.99,26.99,26.99,0.00
adyen,TXN-104952,ORD-504952,SALE,8620000000001002,USD,matched,engine,59.99,59.99,59.99,0.00
adyen,TXN-104610,ORD-504610,SALE,8620000000000660,USD,matched,engine,9.99,9.99,9.99,0.00
adyen,TXN-105041,ORD-505041,SALE,8620000000001091,EUR,matched,engine,64.80,64.80,64.80,0.00
adyen,TXN-104562,ORD-504562,SALE,8620000000000612,EUR,matched,engine,10.79,10.79,10.79,0.00
adyen,TXN-105506,ORD-505506,SALE,8620000000001556,EUR,matched,engine,26.99,26.99,26.99,0.00
adyen,TXN-104994,ORD-504994,SALE,8620000000001044,EUR,matched_declined,engine,0.00,0.00,0.00,0.00
adyen,TXN-104642,ORD-504642,SALE,8620000000000692,EUR,matched_declined,engine,0.00,0.00,0.00,0.00
adyen,TXN-105231,ORD-505231,SALE,8620000000001281,EUR,matched,engine,10.79,10.79,10.79,0.00
adyen,TXN-104298,ORD-504298,SALE,8620000000000348,EUR,matched,engine,64.80,64.80,64.80,0.00
adyen,TXN-105250,ORD-505250,SALE,8620000000001300,USD,matched,engine,4.99,4.99,4.99,0.00
adyen,TXN-104182,ORD-504182,SALE,8620000000000232,GBP,matched,engine,71.26,71.26,71.26,0.00
adyen,TXN-105570,ORD-505570,SALE,8620000000001620,GBP,matched,engine,11.65,11.65,11.65,0.00
adyen,TXN-104624,ORD-504624,SALE,8620000000000674,EUR,matched,engine,10.79,10.79,10.79,0.00
adyen,TXN-105615,ORD-505615,SALE,8620000000001665,EUR,matched,engine,10.79,10.79,10.79,0.00
adyen,TXN-104786,ORD-504786,SALE,8620000000000836,EUR,matched,engine,64.80,64.80,64.80,0.00
adyen,TXN-105228,ORD-505228,SALE,8620000000001278,EUR,matched,engine,10.79,10.79,10.79,0.00
adyen,TXN-104032,ORD-504032,SALE,8620000000000082,EUR,matched_declined,engine,0.00,0.00,0.00,0.00
adyen,TXN-104576,ORD-504576,SALE,8620000000000626,EUR,matched,engine,5.39,5.39,5.39,0.00
adyen,TXN-104483,ORD-504483,SALE,8620000000000533,EUR,matched,engine,10.79,10.79,10.79,0.00
adyen,TXN-105429,ORD-505429,SALE,8620000000001479,GBP,matched,engine,28.50,28.50,28.50,0.00
adyen,TXN-104436,ORD-504436,SALE,8620000000000486,GBP,matched,engine,28.50,28.50,28.50,0.00
adyen,TXN-104317,ORD-504317,SALE,8620000000000367,EUR,matched,engine,26.99,26.99,26.99,0.00
adyen,TXN-105006,ORD-505006,SALE,8620000000001056,EUR,matched,engine,10.79,10.79,10.79,0.00
adyen,TXN-104917,ORD-504917,SALE,8620000000000967,EUR,matched,engine,10.79,10.79,10.79,0.00
adyen,TXN-104270,ORD-504270,SALE,8620000000000320,USD,matched,engine,9.99,9.99,9.99,0.00
adyen,TXN-105010,ORD-505010,SALE,8620000000001060,USD,matched,engine,9.99,9.99,9.99,0.00
adyen,TXN-105017,ORD-505017,SALE,8620000000001067,EUR,matched,engine,26.99,26.99,26.99,0.00
adyen,TXN-104858,ORD-504858,SALE,8620000000000908,EUR,matched,engine,10.79,10.79,10.79,0.00
adyen,TXN-104227,ORD-504227,SALE,8620000000000277,GBP,matched,engine,11.67,11.67,11.67,0.00
adyen,TXN-104533,ORD-504533,SALE,8620000000000583,EUR,matched,engine,10.79,10.79,10.79,0.00
adyen,TXN-103985,ORD-503985,SALE,8620000000000035,EUR,matched,engine,10.79,10.79,10.79,0.00
adyen,TXN-104167,ORD-504167,SALE,8620000000000217,USD,matched,engine,9.99,9.99,9.99,0.00
adyen,TXN-104273,ORD-504273,SALE,8620000000000323,EUR,matched,engine,10.79,10.79,10.79,0.00
adyen,TXN-105191,ORD-505191,SALE,8620000000001241,GBP,matched,engine,5.83,5.83,5.83,0.00
adyen,TXN-105352,ORD-505352,SALE,8620000000001402,EUR,matched,engine,10.79,10.79,10.79,0.00
adyen,TXN-104198,ORD-504198,SALE,8620000000000248,GBP,matched,engine,71.37,71.37,71.37,0.00
adyen,TXN-104708,ORD-504708,SALE,8620000000000758,GBP,matched,engine,11.67,11.67,11.67,0.00
adyen,TXN-105276,ORD-505276,SALE,8620000000001326,EUR,matched,engine,10.79,10.79,10.79,0.00
adyen,TXN-104479,ORD-504479,SALE,8620000000000529,EUR,matched,engine,64.79,64.79,64.79,0.00
adyen,TXN-104644,ORD-504644,SALE,8620000000000694,EUR,matched,engine,10.79,10.79,10.79,0.00
adyen,TXN-104843,ORD-504843,SALE,8620000000000893,USD,matched,engine,9.99,9.99,9.99,0.00
adyen,TXN-105169,ORD-505169,SALE,8620000000001219,EUR,matched,engine,10.79,10.79,10.79,0.00
adyen,TXN-104901,ORD-504901,SALE,8620000000000951,USD,matched,engine,59.99,59.99,59.99,0.00
adyen,TXN-104599,ORD-504599,SALE,8620000000000649,USD,matched,engine,24.99,24.99,24.99,0.00
adyen,TXN-105498,ORD-505498,SALE,8620000000001548,EUR,matched,engine,26.99,26.99,26.99,0.00
adyen,TXN-105171,ORD-505171,SALE,8620000000001221,EUR,matched,engine,10.79,10.79,10.79,0.00
adyen,TXN-105433,ORD-505433,SALE,8620000000001483,USD,matched,engine,24.99,24.99,24.99,0.00
adyen,TXN-104683,ORD-504683,SALE,8620000000000733,EUR,matched,engine,10.79,10.79,10.79,0.00
adyen,TXN-104968,ORD-504968,SALE,8620000000001018,USD,matched,engine,59.99,59.99,59.99,0.00
adyen,TXN-104759,ORD-504759,SALE,8620000000000809,USD,matched,engine,4.99,4.99,4.99,0.00
adyen,TXN-105457,ORD-505457,SALE,8620000000001507,USD,matched,engine,24.99,24.99,24.99,0.00
adyen,TXN-104725,ORD-504725,SALE,8620000000000775,EUR,matched,engine,64.79,64.79,64.79,0.00
adyen,TXN-104835,ORD-504835,SALE,8620000000000885,EUR,matched,engine,10.79,10.79,10.79,0.00
adyen,TXN-104816,ORD-504816,SALE,8620000000000866,EUR,matched,engine,10.79,10.79,10.79,0.00
adyen,TXN-105465,ORD-505465,SALE,8620000000001515,EUR,matched,engine,10.79,10.79,10.79,0.00
adyen,TXN-103990,ORD-503990,SALE,8620000000000040,EUR,matched,engine,10.79,10.79,10.79,0.00
adyen,TXN-104493,ORD-504493,SALE,8620000000000543,EUR,matched,engine,64.79,64.79,64.79,0.00
adyen,TXN-104060,ORD-504060,SALE,8620000000000110,EUR,matched,engine,10.79,10.79,10.79,0.00
adyen,TXN-105237,ORD-505237,SALE,8620000000001287,EUR,matched,engine,10.79,10.79,10.79,0.00
adyen,TXN-104752,ORD-504752,SALE,8620000000000802,USD,matched,engine,9.99,9.99,9.99,0.00
adyen,TXN-105164,ORD-505164,SALE,8620000000001214,USD,matched,engine,9.99,9.99,9.99,0.00
adyen,TXN-104776,ORD-504776,SALE,8620000000000826,EUR,matched,engine,26.99,26.99,26.99,0.00
adyen,TXN-104342,ORD-504342,SALE,8620000000000392,EUR,matched,engine,10.79,10.79,10.79,0.00
adyen,TXN-107891,ORD-504809,REFUND,8620000000000859,EUR,matched,engine,-5.40,-5.40,-5.40,0.00
adyen,TXN-104915,ORD-504915,SALE,8620000000000965,GBP,matched,engine,11.67,11.67,11.67,0.00
adyen,TXN-104904,ORD-504904,SALE,8620000000000954,EUR,matched,engine,26.99,26.99,26.99,0.00
adyen,TXN-104024,ORD-504024,SALE,8620000000000074,GBP,matched,engine,28.54,28.54,28.54,0.00
adyen,TXN-105469,ORD-505469,SALE,8620000000001519,EUR,matched,engine,26.99,26.99,26.99,0.00
adyen,TXN-104191,ORD-504191,SALE,8620000000000241,EUR,matched,engine,10.79,10.79,10.79,0.00
adyen,TXN-105027,ORD-505027,SALE,8620000000001077,EUR,matched,engine,10.79,10.79,10.79,0.00
adyen,TXN-105268,ORD-505268,SALE,8620000000001318,EUR,matched,engine,10.79,10.79,10.79,0.00
adyen,TXN-104290,ORD-504290,SALE,8620000000000340,EUR,matched,engine,26.99,26.99,26.99,0.00
adyen,TXN-104362,ORD-504362,SALE,8620000000000412,EUR,matched,engine,10.79,10.79,10.79,0.00
adyen,TXN-105116,ORD-505116,SALE,8620000000001166,EUR,matched,engine,10.79,10.79,10.79,0.00
adyen,TXN-105346,ORD-505346,SALE,8620000000001396,EUR,matched,engine,64.79,64.79,64.79,0.00
adyen,TXN-104714,ORD-504714,SALE,8620000000000764,USD,matched,engine,9.99,9.99,9.99,0.00
adyen,TXN-104140,ORD-504140,SALE,8620000000000190,EUR,matched,engine,5.39,5.39,5.39,0.00
adyen,TXN-104902,ORD-504902,SALE,8620000000000952,EUR,matched,engine,10.79,10.79,10.79,0.00
adyen,TXN-104885,ORD-504885,SALE,8620000000000935,USD,matched,engine,59.99,59.99,59.99,0.00
adyen,TXN-105249,ORD-505249,SALE,8620000000001299,USD,matched,engine,24.99,24.99,24.99,0.00
adyen,TXN-104285,ORD-504285,SALE,8620000000000335,EUR,matched,engine,10.79,10.79,10.79,0.00
adyen,TXN-105089,ORD-505089,SALE,8620000000001139,USD,matched,engine,24.99,24.99,24.99,0.00
adyen,TXN-104724,ORD-504724,SALE,8620000000000774,EUR,matched,engine,5.39,5.39,5.39,0.00
adyen,TXN-104522,ORD-504522,SALE,8620000000000572,EUR,matched,engine,10.79,10.79,10.79,0.00
adyen,TXN-105476,ORD-505476,SALE,8620000000001526,EUR,matched,engine,64.79,64.79,64.79,0.00
adyen,TXN-104699,ORD-504699,SALE,8620000000000749,EUR,matched,engine,64.79,64.79,64.79,0.00
adyen,TXN-104199,ORD-504199,SALE,8620000000000249,EUR,matched,engine,10.79,10.79,10.79,0.00
adyen,TXN-104172,ORD-504172,SALE,8620000000000222,USD,matched_declined,engine,0.00,0.00,0.00,0.00
adyen,TXN-104535,ORD-504535,SALE,8620000000000585,USD,matched,engine,9.99,9.99,9.99,0.00
adyen,TXN-104409,ORD-504409,SALE,8620000000000459,EUR,matched,engine,5.39,5.39,5.39,0.00
adyen,TXN-105177,ORD-505177,SALE,8620000000001227,USD,matched,engine,24.99,24.99,24.99,0.00
adyen,TXN-104941,ORD-504941,SALE,8620000000000991,EUR,matched,engine,10.79,10.79,10.79,0.00
adyen,TXN-105122,ORD-505122,SALE,8620000000001172,GBP,matched,engine,11.67,11.67,11.67,0.00
adyen,TXN-104402,ORD-504402,SALE,8620000000000452,EUR,matched,engine,10.79,10.79,10.79,0.00
adyen,TXN-104992,ORD-504992,SALE,8620000000001042,EUR,matched,engine,10.79,10.79,10.79,0.00
adyen,TXN-105064,ORD-505064,SALE,8620000000001114,USD,matched,engine,9.99,9.99,9.99,0.00
adyen,TXN-105035,ORD-505035,SALE,8620000000001085,GBP,matched,engine,11.67,11.67,11.67,0.00
adyen,TXN-105415,ORD-505415,SALE,8620000000001465,EUR,matched,engine,10.79,10.79,10.79,0.00
adyen,TXN-105224,ORD-505224,SALE,8620000000001274,EUR,matched,engine,26.99,26.99,26.99,0.00
adyen,TXN-104649,ORD-504649,SALE,8620000000000699,EUR,matched,engine,10.79,10.79,10.79,0.00
adyen,TXN-105434,ORD-505434,SALE,8620000000001484,EUR,matched_declined,engine,0.00,0.00,0.00,0.00
adyen,TXN-104544,ORD-504544,SALE,8620000000000594,EUR,matched,engine,26.99,26.99,26.99,0.00
adyen,TXN-104507,ORD-504507,SALE,8620000000000557,EUR,matched,engine,10.79,10.79,10.79,0.00
adyen,TXN-104075,ORD-504075,SALE,8620000000000125,EUR,matched,engine,10.79,10.79,10.79,0.00
adyen,TXN-104173,ORD-504173,SALE,8620000000000223,EUR,matched_declined,engine,0.00,0.00,0.00,0.00
adyen,TXN-105094,ORD-505094,SALE,8620000000001144,EUR,matched,engine,10.79,10.79,10.79,0.00
adyen,TXN-105630,ORD-505630,SALE,8620000000001680,USD,matched,engine,4.99,4.99,4.99,0.00
adyen,TXN-105358,ORD-505358,SALE,8620000000001408,EUR,matched,engine,10.79,10.79,10.79,0.00
adyen,TXN-104550,ORD-504550,SALE,8620000000000600,EUR,matched,engine,10.79,10.79,10.79,0.00
adyen,TXN-105293,ORD-505293,SALE,8620000000001343,GBP,matched,engine,11.67,11.67,11.67,0.00
adyen,TXN-104336,ORD-504336,SALE,8620000000000386,USD,matched,engine,9.99,9.99,9.99,0.00
adyen,TXN-104340,ORD-504340,SALE,8620000000000390,EUR,matched,engine,5.39,5.39,5.39,0.00
adyen,TXN-104319,ORD-504319,SALE,8620000000000369,EUR,matched,engine,5.39,5.39,5.39,0.00
adyen,TXN-104619,ORD-504619,SALE,8620000000000669,GBP,matched,engine,11.67,11.67,11.67,0.00
adyen,TXN-104426,ORD-504426,SALE,8620000000000476,EUR,matched,engine,5.39,5.39,5.39,0.00
adyen,TXN-104697,ORD-504697,SALE,8620000000000747,EUR,matched,engine,10.79,10.79,10.79,0.00
adyen,TXN-105136,ORD-505136,SALE,8620000000001186,EUR,matched,engine,10.79,10.79,10.79,0.00
adyen,TXN-103991,ORD-503991,SALE,8620000000000041,EUR,matched,engine,10.79,10.79,10.79,0.00
adyen,TXN-105595,ORD-505595,SALE,8620000000001645,EUR,matched,engine,10.79,10.79,10.79,0.00
adyen,TXN-105391,ORD-505391,SALE,8620000000001441,EUR,matched,engine,10.79,10.79,10.79,0.00
adyen,TXN-104997,ORD-504997,SALE,8620000000001047,EUR,matched,engine,10.79,10.79,10.79,0.00
adyen,TXN-105450,ORD-505450,SALE,8620000000001500,USD,matched,engine,59.99,59.99,59.99,0.00
adyen,TXN-105493,ORD-505493,SALE,8620000000001543,EUR,matched,engine,26.99,26.99,26.99,0.00
adyen,TXN-104680,ORD-504680,SALE,8620000000000730,EUR,matched,engine,10.79,10.79,10.79,0.00
adyen,TXN-104975,ORD-504975,SALE,8620000000001025,EUR,matched,engine,64.79,64.79,64.79,0.00
adyen,TXN-104995,ORD-504995,SALE,8620000000001045,EUR,matched,engine,10.79,10.79,10.79,0.00
adyen,TXN-104939,ORD-504939,SALE,8620000000000989,GBP,matched,engine,11.67,11.67,11.67,0.00
adyen,TXN-104932,ORD-504932,SALE,8620000000000982,EUR,matched,engine,26.99,26.99,26.99,0.00
adyen,TXN-104432,ORD-504432,SALE,8620000000000482,EUR,matched,engine,10.79,10.79,10.79,0.00
adyen,TXN-104606,ORD-504606,SALE,8620000000000656,GBP,matched,engine,71.37,71.37,71.37,0.00
adyen,TXN-104753,ORD-504753,SALE,8620000000000803,EUR,matched,engine,10.79,10.79,10.79,0.00
adyen,TXN-104234,ORD-504234,SALE,8620000000000284,EUR,matched,engine,26.99,26.99,26.99,0.00
adyen,TXN-104442,ORD-504442,SALE,8620000000000492,EUR,matched,engine,10.79,10.79,10.79,0.00
adyen,TXN-104770,ORD-504770,SALE,8620000000000820,EUR,matched,engine,26.99,26.99,26.99,0.00
adyen,TXN-105517,ORD-505517,SALE,8620000000001567,USD,matched_declined,engine,0.00,0.00,0.00,0.00
adyen,TXN-104787,ORD-504787,SALE,8620000000000837,EUR,matched,engine,26.99,26.99,26.99,0.00
adyen,TXN-104404,ORD-504404,SALE,8620000000000454,GBP,matched,engine,11.67,11.67,11.67,0.00
adyen,TXN-104639,ORD-504639,SALE,8620000000000689,EUR,matched,engine,10.79,10.79,10.79,0.00
adyen,TXN-104788,ORD-504788,SALE,8620000000000838,EUR,matched,engine,26.99,26.99,26.99,0.00
adyen,TXN-104049,ORD-504049,SALE,8620000000000099,EUR,matched,engine,10.79,10.79,10.79,0.00
adyen,TXN-104326,ORD-504326,SALE,8620000000000376,USD,matched,engine,9.99,9.99,9.99,0.00
adyen,TXN-105365,ORD-505365,SALE,8620000000001415,EUR,matched,engine,10.79,10.79,10.79,0.00
adyen,TXN-105462,ORD-505462,SALE,8620000000001512,EUR,matched,engine,5.39,5.39,5.39,0.00
adyen,TXN-104509,ORD-504509,SALE,8620000000000559,GBP,matched,engine,11.67,11.67,11.67,0.00
adyen,TXN-105290,ORD-505290,SALE,8620000000001340,EUR,matched,engine,26.99,26.99,26.99,0.00
adyen,TXN-107881,ORD-504436,REFUND,8620000000000486,GBP,matched,engine,-28.54,-28.54,-28.54,0.00
adyen,TXN-104793,ORD-504793,SALE,8620000000000843,USD,matched,engine,24.99,24.99,24.99,0.00
adyen,TXN-104412,ORD-504412,SALE,8620000000000462,USD,matched,engine,9.99,9.99,9.99,0.00
adyen,TXN-104254,ORD-504254,SALE,8620000000000304,EUR,matched,engine,10.79,10.79,10.79,0.00
adyen,TXN-103960,ORD-503960,SALE,8620000000000010,GBP,matched,engine,11.67,11.67,11.67,0.00
adyen,TXN-105367,ORD-505367,SALE,8620000000001417,EUR,matched,engine,10.79,10.79,10.79,0.00
adyen,TXN-104947,ORD-504947,SALE,8620000000000997,EUR,matched,engine,10.79,10.79,10.79,0.00
adyen,TXN-104238,ORD-504238,SALE,8620000000000288,USD,matched,engine,9.99,9.99,9.99,0.00
adyen,TXN-105406,ORD-505406,SALE,8620000000001456,EUR,matched,engine,26.99,26.99,26.99,0.00
adyen,TXN-105197,ORD-505197,SALE,8620000000001247,EUR,matched,engine,10.79,10.79,10.79,0.00
adyen,TXN-104897,ORD-504897,SALE,8620000000000947,EUR,matched,engine,10.79,10.79,10.79,0.00
adyen,TXN-104709,ORD-504709,SALE,8620000000000759,EUR,matched,engine,10.79,10.79,10.79,0.00
adyen,TXN-104766,ORD-504766,SALE,8620000000000816,EUR,matched,engine,26.99,26.99,26.99,0.00
adyen,TXN-104983,ORD-504983,SALE,8620000000001033,GBP,matched,engine,5.83,5.83,5.83,0.00
adyen,TXN-105100,ORD-505100,SALE,8620000000001150,EUR,matched,engine,10.79,10.79,10.79,0.00
adyen,TXN-104867,ORD-504867,SALE,8620000000000917,USD,matched_declined,engine,0.00,0.00,0.00,0.00
adyen,TXN-104868,ORD-504868,SALE,8620000000000918,EUR,matched,engine,10.79,10.79,10.79,0.00
adyen,TXN-104825,ORD-504825,SALE,8620000000000875,USD,matched,engine,9.99,9.99,9.99,0.00
adyen,TXN-104134,ORD-504134,SALE,8620000000000184,USD,matched,engine,9.99,9.99,9.99,0.00
adyen,TXN-104398,ORD-504398,SALE,8620000000000448,EUR,matched,engine,26.99,26.99,26.99,0.00
adyen,TXN-104658,ORD-504658,SALE,8620000000000708,EUR,matched,engine,26.99,26.99,26.99,0.00
adyen,TXN-104600,ORD-504600,SALE,8620000000000650,EUR,matched,engine,10.79,10.79,10.79,0.00
adyen,TXN-105586,ORD-505586,SALE,8620000000001636,USD,matched,engine,59.99,59.99,59.99,0.00
adyen,TXN-105411,ORD-505411,SALE,8620000000001461,GBP,matched,engine,11.67,11.67,11.67,0.00
adyen,TXN-104516,ORD-504516,SALE,8620000000000566,EUR,matched,engine,26.99,26.99,26.99,0.00
adyen,TXN-104971,ORD-504971,SALE,8620000000001021,EUR,matched,engine,10.79,10.79,10.79,0.00
adyen,TXN-105095,ORD-505095,SALE,8620000000001145,EUR,matched,engine,5.39,5.39,5.39,0.00
adyen,TXN-104387,ORD-504387,SALE,8620000000000437,EUR,matched,engine,64.79,64.79,64.79,0.00
adyen,TXN-105243,ORD-505243,SALE,8620000000001293,EUR,matched,engine,10.79,10.79,10.79,0.00
adyen,TXN-105617,ORD-505617,SALE,8620000000001667,EUR,matched,engine,10.79,10.79,10.79,0.00
adyen,TXN-104116,ORD-504116,SALE,8620000000000166,USD,matched,engine,9.99,9.99,9.99,0.00
adyen,TXN-104025,ORD-504025,SALE,8620000000000075,EUR,matched_declined,engine,0.00,0.00,0.00,0.00
adyen,TXN-104520,ORD-504520,SALE,8620000000000570,EUR,matched,engine,26.99,26.99,26.99,0.00
adyen,TXN-104106,ORD-504106,SALE,8620000000000156,GBP,matched,engine,71.37,71.37,71.37,0.00
adyen,TXN-105388,ORD-505388,SALE,8620000000001438,EUR,matched,engine,10.79,10.79,10.79,0.00
adyen,TXN-107968,ORD-507794,SALE,8620000000001787,EUR,period_cutoff,engine,10.79,0.00,10.79,0.00
adyen,TXN-104719,ORD-504719,SALE,8620000000000769,EUR,matched_declined,engine,0.00,0.00,0.00,0.00
adyen,TXN-104581,ORD-504581,SALE,8620000000000631,EUR,matched,engine,10.79,10.79,10.79,0.00
adyen,TXN-105149,ORD-505149,SALE,8620000000001199,EUR,matched,engine,64.79,64.79,64.79,0.00
adyen,TXN-105551,ORD-505551,SALE,8620000000001601,GBP,matched,engine,28.54,28.54,28.54,0.00
adyen,TXN-104160,ORD-504160,SALE,8620000000000210,GBP,matched,engine,11.67,11.67,11.67,0.00
adyen,TXN-104821,ORD-504821,SALE,8620000000000871,EUR,matched,engine,27.07,27.07,27.07,0.00
adyen,TXN-104937,ORD-504937,SALE,8620000000000987,USD,matched,engine,9.99,9.99,9.99,0.00
adyen,TXN-104671,ORD-504671,SALE,8620000000000721,EUR,matched,engine,10.82,10.82,10.82,0.00
adyen,TXN-103987,ORD-503987,SALE,8620000000000037,EUR,matched,engine,10.82,10.82,10.82,0.00
adyen,TXN-104141,ORD-504141,SALE,8620000000000191,EUR,matched,engine,10.82,10.82,10.82,0.00
adyen,TXN-104380,ORD-504380,SALE,8620000000000430,EUR,matched,engine,10.82,10.82,10.82,0.00
adyen,TXN-103970,ORD-503970,SALE,8620000000000020,EUR,matched,engine,10.82,10.82,10.82,0.00
adyen,TXN-107885,ORD-504562,REFUND,8620000000000612,EUR,matched,engine,-10.82,-10.82,-10.82,0.00
adyen,TXN-105610,ORD-505610,SALE,8620000000001660,EUR,matched,engine,10.82,10.82,10.82,0.00
adyen,TXN-105018,ORD-505018,SALE,8620000000001068,EUR,matched,engine,27.07,27.07,27.07,0.00
adyen,TXN-105005,ORD-505005,SALE,8620000000001055,EUR,matched_declined,engine,0.00,0.00,0.00,0.00
adyen,TXN-105642,ORD-505642,SALE,8620000000001692,USD,matched,engine,9.99,9.99,9.99,0.00
adyen,TXN-104976,ORD-504976,SALE,8620000000001026,EUR,matched_declined,engine,0.00,0.00,0.00,0.00
adyen,TXN-104807,ORD-504807,SALE,8620000000000857,USD,matched_declined,engine,0.00,0.00,0.00,0.00
adyen,TXN-104734,ORD-504734,SALE,8620000000000784,EUR,matched_declined,engine,0.00,0.00,0.00,0.00
adyen,TXN-104063,ORD-504063,SALE,8620000000000113,EUR,matched,engine,5.41,5.41,5.41,0.00
adyen,TXN-105591,ORD-505591,SALE,8620000000001641,GBP,matched,engine,11.67,11.67,11.67,0.00
adyen,TXN-105090,ORD-505090,SALE,8620000000001140,GBP,matched,engine,28.55,28.55,28.55,0.00
adyen,TXN-107887,ORD-504666,REFUND,8620000000000716,EUR,matched,engine,-5.41,-5.41,-5.41,0.00
adyen,TXN-105468,ORD-505468,SALE,8620000000001518,EUR,matched,engine,10.82,10.82,10.82,0.00
adyen,TXN-103982,ORD-503982,SALE,8620000000000032,EUR,matched,engine,10.82,10.82,10.82,0.00
adyen,TXN-104692,ORD-504692,SALE,8620000000000742,GBP,matched,engine,5.83,5.83,5.83,0.00
adyen,TXN-104956,ORD-504956,SALE,8620000000001006,GBP,matched_declined,engine,0.00,0.00,0.00,0.00
adyen,TXN-104946,ORD-504946,SALE,8620000000000996,EUR,matched_declined,engine,0.00,0.00,0.00,0.00
adyen,TXN-104376,ORD-504376,SALE,8620000000000426,USD,matched_declined,engine,0.00,0.00,0.00,0.00
adyen,TXN-107895,ORD-504971,REFUND,8620000000001021,EUR,matched,engine,-5.42,-5.42,-5.42,0.00
adyen,TXN-105513,ORD-505513,SALE,8620000000001563,EUR,matched,engine,27.07,27.07,27.07,0.00
adyen,TXN-105301,ORD-505301,SALE,8620000000001351,GBP,matched,engine,11.67,11.67,11.67,0.00
adyen,TXN-103993,ORD-503993,SALE,8620000000000043,EUR,matched,engine,10.82,10.82,10.82,0.00
adyen,TXN-104526,ORD-504526,SALE,8620000000000576,EUR,matched,engine,10.82,10.82,10.82,0.00
adyen,TXN-104001,ORD-504001,SALE,8620000000000051,GBP,matched,engine,11.67,11.67,11.67,0.00
adyen,TXN-105114,ORD-505114,SALE,8620000000001164,EUR,matched,engine,10.82,10.82,10.82,0.00
adyen,TXN-103976,ORD-503976,SALE,8620000000000026,USD,matched,engine,9.99,9.99,9.99,0.00
adyen,TXN-105062,ORD-505062,SALE,8620000000001112,EUR,matched,engine,10.82,10.82,10.82,0.00
adyen,TXN-104555,ORD-504555,SALE,8620000000000605,GBP,matched,engine,11.67,11.67,11.67,0.00
adyen,TXN-105109,ORD-505109,SALE,8620000000001159,EUR,matched,engine,64.98,64.98,64.98,0.00
adyen,TXN-105022,ORD-505022,SALE,8620000000001072,EUR,matched_declined,engine,0.00,0.00,0.00,0.00
adyen,TXN-105305,ORD-505305,SALE,8620000000001355,USD,matched,engine,24.99,24.99,24.99,0.00
adyen,TXN-104041,ORD-504041,SALE,8620000000000091,USD,matched,engine,59.99,59.99,59.99,0.00
adyen,TXN-104359,ORD-504359,SALE,8620000000000409,USD,matched,engine,9.99,9.99,9.99,0.00
adyen,TXN-105214,ORD-505214,SALE,8620000000001264,GBP,matched,engine,11.67,11.67,11.67,0.00
adyen,TXN-104465,ORD-504465,SALE,8620000000000515,USD,matched,engine,9.99,9.99,9.99,0.00
adyen,TXN-104921,ORD-504921,SALE,8620000000000971,EUR,matched,engine,10.82,10.82,10.82,0.00
adyen,TXN-104272,ORD-504272,SALE,8620000000000322,EUR,matched,engine,27.07,27.07,27.07,0.00
adyen,TXN-104292,ORD-504292,SALE,8620000000000342,USD,matched,engine,9.99,9.99,9.99,0.00
adyen,TXN-104591,ORD-504591,SALE,8620000000000641,EUR,matched,engine,10.82,10.82,10.82,0.00
adyen,TXN-105482,ORD-505482,SALE,8620000000001532,GBP,matched,engine,28.55,28.55,28.55,0.00
adyen,TXN-105286,ORD-505286,SALE,8620000000001336,GBP,matched,engine,11.67,11.67,11.67,0.00
adyen,TXN-105037,ORD-505037,SALE,8620000000001087,EUR,matched_declined,engine,0.00,0.00,0.00,0.00
adyen,TXN-104388,ORD-504388,SALE,8620000000000438,USD,matched_declined,engine,0.00,0.00,0.00,0.00
adyen,TXN-105115,ORD-505115,SALE,8620000000001165,EUR,matched,engine,27.07,27.07,27.07,0.00
adyen,TXN-107873,ORD-503960,REFUND,8620000000000010,GBP,matched,engine,-11.67,-11.67,-11.67,0.00
adyen,TXN-104219,ORD-504219,SALE,8620000000000269,EUR,matched,engine,64.98,64.98,64.98,0.00
adyen,TXN-104325,ORD-504325,SALE,8620000000000375,GBP,matched,engine,11.67,11.67,11.67,0.00
adyen,TXN-104774,ORD-504774,SALE,8620000000000824,EUR,matched,engine,10.82,10.82,10.82,0.00
adyen,TXN-105107,ORD-505107,SALE,8620000000001157,USD,matched,engine,9.99,9.99,9.99,0.00
adyen,TXN-104491,ORD-504491,SALE,8620000000000541,EUR,matched,engine,5.41,5.41,5.41,0.00
adyen,TXN-105410,ORD-505410,SALE,8620000000001460,EUR,matched,engine,10.82,10.82,10.82,0.00
adyen,TXN-104601,ORD-504601,SALE,8620000000000651,EUR,matched,engine,27.07,27.07,27.07,0.00
adyen,TXN-104519,ORD-504519,SALE,8620000000000569,GBP,matched,engine,28.55,28.55,28.55,0.00
adyen,TXN-104882,ORD-504882,SALE,8620000000000932,USD,matched,engine,59.99,59.99,59.99,0.00
adyen,TXN-105343,ORD-505343,SALE,8620000000001393,EUR,matched,engine,10.82,10.82,10.82,0.00
adyen,TXN-103983,ORD-503983,SALE,8620000000000033,EUR,matched,engine,10.82,10.82,10.82,0.00
adyen,TXN-105499,ORD-505499,SALE,8620000000001549,EUR,matched_declined,engine,0.00,0.00,0.00,0.00
adyen,TXN-104111,ORD-504111,SALE,8620000000000161,EUR,matched_declined,engine,0.00,0.00,0.00,0.00
adyen,TXN-104196,ORD-504196,SALE,8620000000000246,EUR,matched,engine,27.07,27.07,27.07,0.00
adyen,TXN-105453,ORD-505453,SALE,8620000000001503,EUR,matched,engine,10.82,10.82,10.82,0.00
adyen,TXN-105242,ORD-505242,SALE,8620000000001292,GBP,matched,engine,11.67,11.67,11.67,0.00
adyen,TXN-105189,ORD-505189,SALE,8620000000001239,GBP,matched,engine,11.67,11.67,11.67,0.00
adyen,TXN-104036,ORD-504036,SALE,8620000000000086,EUR,matched,engine,27.03,27.03,27.03,0.00
adyen,TXN-104618,ORD-504618,SALE,8620000000000668,GBP,matched,engine,71.63,71.63,71.63,0.00
adyen,TXN-105461,ORD-505461,SALE,8620000000001511,EUR,matched_declined,engine,0.00,0.00,0.00,0.00
adyen,TXN-104145,ORD-504145,SALE,8620000000000195,USD,matched,engine,9.99,9.99,9.99,0.00
adyen,TXN-105533,ORD-505533,SALE,8620000000001583,EUR,matched,engine,10.80,10.80,10.80,0.00
adyen,TXN-105439,ORD-505439,SALE,8620000000001489,EUR,matched,engine,64.88,64.88,64.88,0.00
adyen,TXN-105530,ORD-505530,SALE,8620000000001580,EUR,matched,engine,10.80,10.80,10.80,0.00
adyen,TXN-105619,ORD-505619,SALE,8620000000001669,EUR,matched_declined,engine,0.00,0.00,0.00,0.00
adyen,TXN-105574,ORD-505574,SALE,8620000000001624,EUR,matched,engine,64.88,64.88,64.88,0.00
adyen,TXN-104037,ORD-504037,SALE,8620000000000087,USD,matched,engine,9.99,9.99,9.99,0.00
adyen,TXN-107880,ORD-504359,REFUND,8620000000000409,USD,matched,engine,-5.00,-5.00,-5.00,0.00
adyen,TXN-104440,ORD-504440,SALE,8620000000000490,EUR,matched,engine,64.88,64.88,64.88,0.00
adyen,TXN-105092,ORD-505092,SALE,8620000000001142,USD,matched,engine,59.99,59.99,59.99,0.00
adyen,TXN-104685,ORD-504685,SALE,8620000000000735,EUR,matched_declined,engine,0.00,0.00,0.00,0.00
adyen,TXN-105523,ORD-505523,SALE,8620000000001573,EUR,matched,engine,27.03,27.03,27.03,0.00
adyen,TXN-104836,ORD-504836,SALE,8620000000000886,USD,matched_declined,engine,0.00,0.00,0.00,0.00
adyen,TXN-104778,ORD-504778,SALE,8620000000000828,EUR,matched,engine,10.80,10.80,10.80,0.00
adyen,TXN-105055,ORD-505055,SALE,8620000000001105,USD,matched,engine,24.99,24.99,24.99,0.00
adyen,TXN-105579,ORD-505579,SALE,8620000000001629,EUR,matched_declined,engine,0.00,0.00,0.00,0.00
adyen,TXN-104953,ORD-504953,SALE,8620000000001003,USD,matched,engine,9.99,9.99,9.99,0.00
adyen,TXN-104091,ORD-504091,SALE,8620000000000141,EUR,matched,engine,10.80,10.80,10.80,0.00
adyen,TXN-104195,ORD-504195,SALE,8620000000000245,EUR,matched,engine,10.80,10.80,10.80,0.00
adyen,TXN-103965,ORD-503965,SALE,8620000000000015,EUR,matched,engine,10.80,10.80,10.80,0.00
adyen,TXN-104108,ORD-504108,SALE,8620000000000158,EUR,matched,engine,27.03,27.03,27.03,0.00
adyen,TXN-104051,ORD-504051,SALE,8620000000000101,EUR,matched_declined,engine,0.00,0.00,0.00,0.00
adyen,TXN-105438,ORD-505438,SALE,8620000000001488,EUR,matched,engine,10.80,10.80,10.80,0.00
adyen,TXN-104990,ORD-504990,SALE,8620000000001040,EUR,matched,engine,64.88,64.88,64.88,0.00
adyen,TXN-104247,ORD-504247,SALE,8620000000000297,GBP,matched,engine,71.63,71.63,71.63,0.00
adyen,TXN-104008,ORD-504008,SALE,8620000000000058,GBP,matched,engine,11.71,11.71,11.71,0.00
adyen,TXN-104883,ORD-504883,SALE,8620000000000933,EUR,matched,engine,10.80,10.80,10.80,0.00
adyen,TXN-105061,ORD-505061,SALE,8620000000001111,USD,matched,engine,9.99,9.99,9.99,0.00
adyen,TXN-104613,ORD-504613,SALE,8620000000000663,USD,matched,engine,9.99,9.99,9.99,0.00
adyen,TXN-104455,ORD-504455,SALE,8620000000000505,EUR,matched,engine,10.80,10.80,10.80,0.00
adyen,TXN-105330,ORD-505330,SALE,8620000000001380,EUR,matched,engine,10.80,10.80,10.80,0.00
adyen,TXN-104443,ORD-504443,SALE,8620000000000493,EUR,matched,engine,5.40,5.40,5.40,0.00
adyen,TXN-104253,ORD-504253,SALE,8620000000000303,USD,matched,engine,24.99,24.99,24.99,0.00
adyen,TXN-103959,ORD-503959,SALE,8620000000000009,EUR,matched,engine,10.80,10.80,10.80,0.00
adyen,TXN-104258,ORD-504258,SALE,8620000000000308,EUR,matched,engine,10.80,10.80,10.80,0.00
adyen,TXN-105120,ORD-505120,SALE,8620000000001170,USD,matched,engine,4.99,4.99,4.99,0.00
adyen,TXN-105389,ORD-505389,SALE,8620000000001439,EUR,matched,engine,64.88,64.88,64.88,0.00
adyen,TXN-105042,ORD-505042,SALE,8620000000001092,GBP,matched,engine,11.71,11.71,11.71,0.00
adyen,TXN-105294,ORD-505294,SALE,8620000000001344,USD,matched,engine,9.99,9.99,9.99,0.00
adyen,TXN-107905,ORD-505624,REFUND,8620000000001674,EUR,matched,engine,-10.80,-10.80,-10.80,0.00
adyen,TXN-104044,ORD-504044,SALE,8620000000000094,GBP,matched,engine,11.71,11.71,11.71,0.00
adyen,TXN-105380,ORD-505380,SALE,8620000000001430,EUR,matched,engine,10.80,10.80,10.80,0.00
adyen,TXN-105449,ORD-505449,SALE,8620000000001499,USD,matched,engine,59.99,59.99,59.99,0.00
adyen,TXN-104268,ORD-504268,SALE,8620000000000318,EUR,matched_declined,engine,0.00,0.00,0.00,0.00
adyen,TXN-104738,ORD-504738,SALE,8620000000000788,EUR,matched,engine,10.80,10.80,10.80,0.00
adyen,TXN-104625,ORD-504625,SALE,8620000000000675,EUR,matched,engine,5.40,5.40,5.40,0.00
adyen,TXN-105044,ORD-505044,SALE,8620000000001094,EUR,matched,engine,10.80,10.80,10.80,0.00
adyen,TXN-104887,ORD-504887,SALE,8620000000000937,GBP,matched,engine,11.71,11.71,11.71,0.00
adyen,TXN-104306,ORD-504306,SALE,8620000000000356,EUR,matched,engine,64.88,64.88,64.88,0.00
adyen,TXN-105584,ORD-505584,SALE,8620000000001634,USD,matched,engine,9.99,9.99,9.99,0.00
adyen,TXN-104866,ORD-504866,SALE,8620000000000916,GBP,matched,engine,11.71,11.71,11.71,0.00
adyen,TXN-104320,ORD-504320,SALE,8620000000000370,EUR,matched,engine,10.80,10.80,10.80,0.00
adyen,TXN-105021,ORD-505021,SALE,8620000000001071,EUR,matched,engine,10.80,10.80,10.80,0.00
adyen,TXN-107969,ORD-507795,SALE,8620000000001788,EUR,matched,engine,10.80,10.80,10.80,0.00
adyen,TXN-107970,ORD-507796,SALE,8620000000001789,EUR,matched,engine,10.80,10.80,10.80,0.00
adyen,,,,8620000000001794,EUR,missing_in_engine,provider,0.00,10.86,10.86,10.86
adyen,,,,8620000000001792,EUR,missing_in_engine,provider,0.00,-64.79,-64.79,-64.79
google_play,TXN-107217,ORD-507217,SALE,2026-06-01 07:28:46 sub_annual,USD,matched,engine,59.99,59.99,59.99,0.00
google_play,TXN-107016,ORD-507016,SALE,2026-06-01 08:35:01 sub_monthly,USD,matched,engine,9.99,9.99,9.99,0.00
google_play,TXN-107329,ORD-507329,SALE,2026-06-01 07:53:08 sub_monthly,USD,matched,engine,9.99,9.99,9.99,0.00
google_play,TXN-107086,ORD-507086,SALE,2026-06-01 10:15:41 sub_monthly,USD,matched,engine,9.99,9.99,9.99,0.00
google_play,TXN-107264,ORD-507264,SALE,2026-06-01 10:20:42 sub_monthly,USD,matched,engine,9.99,9.99,9.99,0.00
google_play,TXN-107490,ORD-507490,SALE,2026-06-01 12:46:49 sub_quarterly,USD,matched,engine,24.99,24.99,24.99,0.00
google_play,TXN-107229,ORD-507229,SALE,2026-06-01 12:23:16 sub_quarterly,USD,matched,engine,24.99,24.99,24.99,0.00
google_play,TXN-107418,ORD-507418,SALE,2026-06-01 12:13:21 sub_quarterly,USD,matched,engine,24.99,24.99,24.99,0.00
google_play,TXN-107337,ORD-507337,SALE,2026-06-01 13:29:38 sub_quarterly,EUR,matched,engine,27.28,27.28,27.28,0.00
google_play,TXN-107408,ORD-507408,SALE,2026-06-01 12:55:38 sub_monthly,USD,matched,engine,9.99,9.99,9.99,0.00
google_play,TXN-107228,ORD-507228,SALE,2026-06-01 14:22:15 coach_addon,USD,matched,engine,4.99,4.99,4.99,0.00
google_play,TXN-107111,ORD-507111,SALE,2026-06-01 14:23:43 sub_annual,USD,matched,engine,59.99,59.99,59.99,0.00
google_play,TXN-107082,ORD-507082,SALE,2026-06-01 16:00:14 sub_monthly,BRL,matched,engine,6.44,6.44,6.44,0.00
google_play,TXN-107129,ORD-507129,SALE,2026-06-01 15:49:22 sub_quarterly,EUR,matched,engine,27.28,27.28,27.28,0.00
google_play,TXN-107215,ORD-507215,SALE,2026-06-01 16:02:53 sub_annual,USD,matched,engine,59.99,59.99,59.99,0.00
google_play,TXN-107526,ORD-507526,SALE,2026-06-01 16:13:20 coach_addon,EUR,matched,engine,5.45,5.45,5.45,0.00
google_play,TXN-107651,ORD-507651,SALE,2026-06-01 16:48:19 coach_addon,BRL,matched,engine,3.12,3.12,3.12,0.00
google_play,TXN-107285,ORD-507285,SALE,2026-06-01 16:54:23 sub_monthly,USD,matched,engine,9.99,9.99,9.99,0.00
google_play,TXN-107589,ORD-507589,SALE,2026-06-01 17:36:32 sub_monthly,USD,matched,engine,9.99,9.99,9.99,0.00
google_play,TXN-107550,ORD-507550,SALE,2026-06-01 18:58:26 sub_monthly,EUR,matched,engine,10.91,10.91,10.91,0.00
google_play,TXN-107386,ORD-507386,SALE,2026-06-01 18:35:54 sub_monthly,USD,matched,engine,9.99,9.99,9.99,0.00
google_play,TXN-107434,ORD-507434,SALE,2026-06-01 19:03:11 sub_monthly,EUR,matched,engine,10.91,10.91,10.91,0.00
google_play,TXN-107169,ORD-507169,SALE,2026-06-01 20:08:39 sub_quarterly,GBP,matched,engine,28.25,28.25,28.25,0.00
google_play,TXN-107613,ORD-507613,SALE,2026-06-02 08:41:15 sub_monthly,MXN,matched,engine,7.09,7.09,7.09,0.00
google_play,TXN-107621,ORD-507621,SALE,2026-06-02 08:40:36 sub_monthly,EUR,matched,engine,10.95,10.95,10.95,0.00
google_play,TXN-107635,ORD-507635,SALE,2026-06-02 07:36:14 sub_monthly,BRL,matched,engine,6.42,6.42,6.42,0.00
google_play,TXN-107268,ORD-507268,SALE,2026-06-02 08:02:50 sub_annual,EUR,matched,engine,65.75,65.75,65.75,0.00
google_play,TXN-107019,ORD-507019,SALE,2026-06-02 08:49:47 sub_monthly,GBP,matched,engine,11.54,11.54,11.54,0.00
google_play,TXN-107401,ORD-507401,SALE,2026-06-02 10:28:37 sub_quarterly,USD,matched,engine,24.99,24.99,24.99,0.00
google_play,TXN-107501,ORD-507501,SALE,2026-06-02 09:58:47 sub_monthly,USD,matched,engine,9.99,9.99,9.99,0.00
google_play,TXN-107481,ORD-507481,SALE,2026-06-02 11:40:18 sub_monthly,EUR,matched,engine,10.95,10.95,10.95,0.00
google_play,TXN-107083,ORD-507083,SALE,2026-06-02 12:27:44 sub_monthly,GBP,matched,engine,11.54,11.54,11.54,0.00
google_play,TXN-107375,ORD-507375,SALE,2026-06-02 11:41:40 sub_monthly,USD,matched,engine,9.99,9.99,9.99,0.00
google_play,TXN-107407,ORD-507407,SALE,2026-06-02 11:54:05 sub_annual,USD,matched,engine,59.99,59.99,59.99,0.00
google_play,TXN-107180,ORD-507180,SALE,2026-06-02 12:30:32 sub_monthly,USD,matched,engine,9.99,9.99,9.99,0.00
google_play,TXN-107299,ORD-507299,SALE,2026-06-02 12:51:05 sub_quarterly,BRL,matched,engine,16.54,16.54,16.54,0.00
google_play,TXN-107563,ORD-507563,SALE,2026-06-02 12:24:29 sub_monthly,BRL,matched,engine,6.42,6.42,6.42,0.00
google_play,TXN-107266,ORD-507266,SALE,2026-06-02 15:18:26 coach_addon,EUR,matched,engine,5.47,5.47,5.47,0.00
google_play,TXN-107110,ORD-507110,SALE,2026-06-02 16:09:51 sub_quarterly,USD,matched,engine,24.99,24.99,24.99,0.00
google_play,TXN-107681,ORD-507681,SALE,2026-06-02 15:23:08 sub_monthly,EUR,matched,engine,10.95,10.95,10.95,0.00
google_play,TXN-107136,ORD-507136,SALE,2026-06-02 16:17:43 sub_monthly,USD,matched,engine,9.99,9.99,9.99,0.00
google_play,TXN-107049,ORD-507049,SALE,2026-06-02 16:23:58 sub_annual,USD,matched,engine,59.99,59.99,59.99,0.00
google_play,TXN-107427,ORD-507427,SALE,2026-06-02 16:25:22 sub_monthly,USD,matched,engine,9.99,9.99,9.99,0.00
google_play,TXN-107042,ORD-507042,SALE,2026-06-02 16:07:40 sub_monthly,EUR,matched,engine,10.95,10.95,10.95,0.00
google_play,TXN-107511,ORD-507511,SALE,2026-06-02 17:56:23 sub_monthly,USD,matched,engine,9.99,9.99,9.99,0.00
google_play,TXN-107066,ORD-507066,SALE,2026-06-02 17:30:19 sub_annual,EUR,matched,engine,65.75,65.75,65.75,0.00
google_play,TXN-107734,ORD-507734,SALE,2026-06-02 19:28:00 sub_monthly,USD,matched,engine,9.99,9.99,9.99,0.00
google_play,TXN-107088,ORD-507088,SALE,2026-06-02 18:58:38 sub_quarterly,MXN,matched,engine,18.09,18.09,18.09,0.00
google_play,TXN-107721,ORD-507721,SALE,2026-06-03 07:14:16 sub_quarterly,USD,matched,engine,24.99,24.99,24.99,0.00
google_play,TXN-107009,ORD-507009,SALE,2026-06-03 07:43:30 sub_quarterly,BRL,matched,engine,16.57,16.57,16.57,0.00
google_play,TXN-107524,ORD-507524,SALE,2026-06-03 09:15:53 sub_quarterly,GBP,matched,engine,28.20,28.20,28.20,0.00
google_play,TXN-107637,ORD-507637,SALE,2026-06-03 09:46:27 sub_monthly,BRL,matched,engine,6.43,6.43,6.43,0.00
google_play,TXN-107246,ORD-507246,SALE,2026-06-03 13:02:41 sub_monthly,GBP,matched,engine,11.53,11.53,11.53,0.00
google_play,TXN-107263,ORD-507263,SALE,2026-06-03 14:10:14 sub_monthly,EUR,matched,engine,10.94,10.94,10.94,0.00
google_play,TXN-107137,ORD-507137,SALE,2026-06-03 13:52:25 sub_quarterly,BRL,matched,engine,16.57,16.57,16.57,0.00
google_play,TXN-107368,ORD-507368,SALE,2026-06-03 14:10:12 sub_quarterly,BRL,matched,engine,16.57,16.57,16.57,0.00
google_play,TXN-107539,ORD-507539,SALE,2026-06-03 13:10:46 sub_quarterly,MXN,matched,engine,18.15,18.15,18.15,0.00
google_play,TXN-107588,ORD-507588,SALE,2026-06-03 14:28:19 sub_monthly,MXN,matched,engine,7.12,7.12,7.12,0.00
google_play,TXN-107093,ORD-507093,SALE,2026-06-03 15:48:46 sub_monthly,GBP,matched,engine,11.53,11.53,11.53,0.00
google_play,TXN-107675,ORD-507675,SALE,2026-06-03 15:22:04 sub_quarterly,BRL,matched,engine,16.57,16.57,16.57,0.00
google_play,TXN-106981,ORD-506981,SALE,2026-06-03 16:01:04 sub_monthly,USD,matched,engine,9.99,9.99,9.99,0.00
google_play,TXN-107120,ORD-507120,SALE,2026-06-03 16:10:06 sub_quarterly,BRL,matched,engine,16.57,16.57,16.57,0.00
google_play,TXN-106990,ORD-506990,SALE,2026-06-03 17:11:12 coach_addon,EUR,matched,engine,5.46,5.46,5.46,0.00
google_play,TXN-107492,ORD-507492,SALE,2026-06-03 17:00:45 sub_annual,EUR,matched,engine,65.67,65.67,65.67,0.00
google_play,TXN-107560,ORD-507560,SALE,2026-06-03 17:10:43 sub_annual,EUR,matched,engine,65.67,65.67,65.67,0.00
google_play,TXN-107305,ORD-507305,SALE,2026-06-03 17:59:27 sub_monthly,USD,matched,engine,9.99,9.99,9.99,0.00
google_play,TXN-107381,ORD-507381,SALE,2026-06-03 18:57:01 sub_quarterly,EUR,matched,engine,27.35,27.35,27.35,0.00
google_play,TXN-107650,ORD-507650,SALE,2026-06-03 18:43:30 sub_monthly,MXN,matched,engine,7.12,7.12,7.12,0.00
google_play,TXN-107198,ORD-507198,SALE,2026-06-03 18:02:00 sub_monthly,EUR,matched,engine,10.94,10.94,10.94,0.00
google_play,TXN-107286,ORD-507286,SALE,2026-06-03 19:20:23 sub_annual,BRL,matched,engine,36.84,36.84,36.84,0.00
google_play,TXN-107333,ORD-507333,SALE,2026-06-03 19:45:40 sub_monthly,USD,matched,engine,9.99,9.99,9.99,0.00
google_play,TXN-107218,ORD-507218,SALE,2026-06-03 19:41:41 sub_monthly,GBP,matched,engine,11.53,11.53,11.53,0.00
google_play,TXN-107417,ORD-507417,SALE,2026-06-03 20:19:16 sub_quarterly,EUR,matched,engine,27.35,27.35,27.35,0.00
google_play,TXN-107731,ORD-507731,SALE,2026-06-04 08:15:19 sub_monthly,EUR,matched,engine,10.91,10.91,10.91,0.00
google_play,TXN-107048,ORD-507048,SALE,2026-06-04 08:24:06 sub_annual,USD,matched,engine,59.99,59.99,59.99,0.00
google_play,TXN-107112,ORD-507112,SALE,2026-06-04 11:31:01 sub_quarterly,BRL,matched,engine,16.63,16.63,16.63,0.00
google_play,TXN-107296,ORD-507296,SALE,2026-06-04 11:44:20 sub_annual,EUR,matched,engine,65.51,65.51,65.51,0.00
google_play,TXN-107421,ORD-507421,SALE,2026-06-04 13:27:19 sub_monthly,EUR,matched,engine,10.91,10.91,10.91,0.00
google_play,TXN-107301,ORD-507301,SALE,2026-06-04 13:29:41 sub_quarterly,GBP,matched,engine,28.28,28.28,28.28,0.00
google_play,TXN-107220,ORD-507220,SALE,2026-06-04 14:16:04 sub_quarterly,EUR,matched,engine,27.29,27.29,27.29,0.00
google_play,TXN-107483,ORD-507483,SALE,2026-06-04 12:50:36 sub_monthly,GBP,matched,engine,11.56,11.56,11.56,0.00
google_play,TXN-107555,ORD-507555,SALE,2026-06-04 14:17:50 coach_addon,GBP,matched,engine,5.78,5.78,5.78,0.00
google_play,TXN-107667,ORD-507667,SALE,2026-06-04 13:37:26 sub_monthly,BRL,matched,engine,6.45,6.45,6.45,0.00
google_play,TXN-107602,ORD-507602,SALE,2026-06-04 14:13:15 sub_quarterly,MXN,matched,engine,18.12,18.12,18.12,0.00
google_play,TXN-107265,ORD-507265,SALE,2026-06-04 14:30:05 sub_monthly,GBP,matched,engine,11.56,11.56,11.56,0.00
google_play,TXN-107027,ORD-507027,SALE,2026-06-04 14:45:15 sub_quarterly,USD,matched,engine,24.99,24.99,24.99,0.00
google_play,TXN-107282,ORD-507282,SALE,2026-06-04 14:27:17 sub_quarterly,USD,matched,engine,24.99,24.99,24.99,0.00
google_play,TXN-107288,ORD-507288,SALE,2026-06-04 15:17:42 sub_quarterly,USD,matched,engine,24.99,24.99,24.99,0.00
google_play,TXN-107594,ORD-507594,SALE,2026-06-04 15:14:46 coach_addon,BRL,matched,engine,3.13,3.13,3.13,0.00
google_play,TXN-107270,ORD-507270,SALE,2026-06-04 16:46:55 sub_monthly,EUR,matched,engine,10.91,10.91,10.91,0.00
google_play,TXN-107344,ORD-507344,SALE,2026-06-04 17:02:47 sub_annual,BRL,matched,engine,36.97,36.97,36.97,0.00
google_play,TXN-107568,ORD-507568,SALE,2026-06-04 17:32:24 sub_monthly,EUR,matched,engine,10.91,10.91,10.91,0.00
google_play,TXN-107130,ORD-507130,SALE,2026-06-04 17:47:29 sub_quarterly,GBP,matched,engine,28.28,28.28,28.28,0.00
google_play,TXN-107189,ORD-507189,SALE,2026-06-04 18:15:40 sub_annual,EUR,matched,engine,65.51,65.51,65.51,0.00
google_play,TXN-107371,ORD-507371,SALE,2026-06-04 18:05:46 sub_monthly,GBP,matched,engine,11.56,11.56,11.56,0.00
google_play,TXN-107443,ORD-507443,SALE,2026-06-04 19:15:09 sub_monthly,USD,matched,engine,9.99,9.99,9.99,0.00
google_play,TXN-107133,ORD-507133,SALE,2026-06-05 08:03:11 sub_annual,EUR,matched,engine,65.67,65.67,65.67,0.00
google_play,TXN-107021,ORD-507021,SALE,2026-06-05 08:00:10 sub_monthly,USD,matched,engine,9.99,9.99,9.99,0.00
google_play,TXN-107328,ORD-507328,SALE,2026-06-05 08:56:39 sub_monthly,BRL,matched,engine,6.45,6.45,6.45,0.00
google_play,TXN-107507,ORD-507507,SALE,2026-06-05 08:30:20 sub_quarterly,BRL,matched,engine,16.61,16.61,16.61,0.00
google_play,TXN-107698,ORD-507698,SALE,2026-06-05 08:45:44 sub_annual,USD,matched,engine,59.99,59.99,59.99,0.00
google_play,TXN-107428,ORD-507428,SALE,2026-06-05 08:15:37 sub_monthly,USD,matched,engine,9.99,9.99,9.99,0.00
google_play,TXN-107516,ORD-507516,SALE,2026-06-05 09:33:11 sub_monthly,USD,matched,engine,9.99,9.99,9.99,0.00
google_play,TXN-107235,ORD-507235,SALE,2026-06-05 11:13:33 coach_addon,GBP,matched,engine,5.79,5.79,5.79,0.00
google_play,TXN-106985,ORD-506985,SALE,2026-06-05 11:05:40 sub_annual,EUR,matched,engine,65.67,65.67,65.67,0.00
google_play,TXN-107438,ORD-507438,SALE,2026-06-05 11:13:45 sub_monthly,USD,matched,engine,9.99,9.99,9.99,0.00
google_play,TXN-107193,ORD-507193,SALE,2026-06-05 11:33:41 sub_annual,EUR,matched,engine,65.67,65.67,65.67,0.00
google_play,TXN-107571,ORD-507571,SALE,2026-06-05 11:45:48 sub_annual,EUR,matched,engine,65.67,65.67,65.67,0.00
google_play,TXN-107200,ORD-507200,SALE,2026-06-05 12:45:40 coach_addon,MXN,matched,engine,3.25,3.25,3.25,0.00
google_play,TXN-107034,ORD-507034,SALE,2026-06-05 12:32:04 sub_monthly,USD,matched,engine,9.99,9.99,9.99,0.00
google_play,TXN-107339,ORD-507339,SALE,2026-06-05 12:34:05 sub_annual,MXN,matched,engine,43.95,43.95,43.95,0.00
google_play,TXN-107442,ORD-507442,SALE,2026-06-05 13:21:50 coach_addon,MXN,matched,engine,3.25,3.25,3.25,0.00
google_play,TXN-107411,ORD-507411,SALE,2026-06-05 13:27:40 sub_monthly,BRL,matched,engine,6.45,6.45,6.45,0.00
google_play,TXN-107298,ORD-507298,SALE,2026-06-05 15:20:53 sub_monthly,USD,matched,engine,9.99,9.99,9.99,0.00
google_play,TXN-107451,ORD-507451,SALE,2026-06-05 14:40:13 sub_monthly,EUR,matched,engine,10.94,10.94,10.94,0.00
google_play,TXN-107585,ORD-507585,SALE,2026-06-05 15:50:59 sub_annual,USD,matched,engine,59.99,59.99,59.99,0.00
google_play,TXN-107293,ORD-507293,SALE,2026-06-05 15:51:37 sub_monthly,USD,matched,engine,9.99,9.99,9.99,0.00
google_play,TXN-107396,ORD-507396,SALE,2026-06-05 16:20:43 sub_monthly,USD,matched,engine,9.99,9.99,9.99,0.00
google_play,TXN-107151,ORD-507151,SALE,2026-06-05 17:31:09 coach_addon,USD,matched,engine,4.99,4.99,4.99,0.00
google_play,TXN-107279,ORD-507279,SALE,2026-06-05 17:10:15 sub_quarterly,BRL,matched,engine,16.61,16.61,16.61,0.00
google_play,TXN-107168,ORD-507168,SALE,2026-06-05 16:30:50 sub_annual,USD,matched,engine,59.99,59.99,59.99,0.00
google_play,TXN-107250,ORD-507250,SALE,2026-06-05 17:10:36 sub_monthly,MXN,matched,engine,7.10,7.10,7.10,0.00
google_play,TXN-107595,ORD-507595,SALE,2026-06-05 18:16:49 sub_monthly,GBP,matched,engine,11.58,11.58,11.58,0.00
google_play,TXN-107433,ORD-507433,SALE,2026-06-05 18:56:43 sub_monthly,USD,matched,engine,9.99,9.99,9.99,0.00
google_play,TXN-107449,ORD-507449,SALE,2026-06-05 18:56:43 sub_annual,EUR,matched,engine,65.67,65.67,65.67,0.00
google_play,TXN-107537,ORD-507537,SALE,2026-06-05 19:11:28 coach_addon,USD,matched,engine,4.99,4.99,4.99,0.00
google_play,TXN-107364,ORD-507364,SALE,2026-06-05 19:19:57 sub_quarterly,BRL,matched,engine,16.61,16.61,16.61,0.00
google_play,TXN-107046,ORD-507046,SALE,2026-06-05 19:07:38 sub_quarterly,USD,matched,engine,24.99,24.99,24.99,0.00
google_play,TXN-107172,ORD-507172,SALE,2026-06-05 19:11:07 sub_monthly,EUR,matched,engine,10.94,10.94,10.94,0.00
google_play,TXN-107365,ORD-507365,SALE,2026-06-06 07:55:46 coach_addon,MXN,matched,engine,3.25,3.25,3.25,0.00
google_play,TXN-107432,ORD-507432,SALE,2026-06-06 07:26:27 sub_monthly,MXN,matched,engine,7.10,7.10,7.10,0.00
google_play,TXN-107702,ORD-507702,SALE,2026-06-06 07:48:29 sub_quarterly,USD,matched,engine,24.99,24.99,24.99,0.00
google_play,TXN-107373,ORD-507373,SALE,2026-06-06 09:06:53 coach_addon,USD,matched,engine,4.99,4.99,4.99,0.00
google_play,TXN-107311,ORD-507311,SALE,2026-06-06 09:03:47 sub_monthly,USD,matched,engine,9.99,9.99,9.99,0.00
google_play,TXN-107281,ORD-507281,SALE,2026-06-06 09:18:25 coach_addon,USD,matched,engine,4.99,4.99,4.99,0.00
google_play,TXN-107171,ORD-507171,SALE,2026-06-06 09:10:01 sub_monthly,USD,matched,engine,9.99,9.99,9.99,0.00
google_play,TXN-107604,ORD-507604,SALE,2026-06-06 09:55:48 sub_quarterly,EUR,matched,engine,27.36,27.36,27.36,0.00
google_play,TXN-107570,ORD-507570,SALE,2026-06-06 11:01:05 sub_monthly,BRL,matched,engine,6.45,6.45,6.45,0.00
google_play,TXN-107320,ORD-507320,SALE,2026-06-06 11:41:34 sub_monthly,USD,matched,engine,9.99,9.99,9.99,0.00
google_play,TXN-107234,ORD-507234,SALE,2026-06-06 11:39:53 sub_monthly,USD,matched,engine,9.99,9.99,9.99,0.00
google_play,TXN-107590,ORD-507590,SALE,2026-06-06 12:10:24 sub_quarterly,USD,matched,engine,24.99,24.99,24.99,0.00
google_play,TXN-107308,ORD-507308,SALE,2026-06-06 12:29:06 sub_quarterly,GBP,matched,engine,28.34,28.34,28.34,0.00
google_play,TXN-107233,ORD-507233,SALE,2026-06-06 13:36:49 sub_annual,EUR,matched,engine,65.67,65.67,65.67,0.00
google_play,TXN-107379,ORD-507379,SALE,2026-06-06 13:07:47 sub_annual,BRL,matched,engine,36.92,36.92,36.92,0.00
google_play,TXN-107725,ORD-507725,SALE,2026-06-06 13:09:59 sub_monthly,EUR,matched,engine,10.94,10.94,10.94,0.00
google_play,TXN-107703,ORD-507703,SALE,2026-06-06 13:07:53 sub_monthly,EUR,matched,engine,10.94,10.94,10.94,0.00
google_play,TXN-107419,ORD-507419,SALE,2026-06-06 14:21:12 sub_monthly,GBP,matched,engine,11.58,11.58,11.58,0.00
google_play,TXN-107276,ORD-507276,SALE,2026-06-06 14:32:11 coach_addon,USD,matched,engine,4.99,4.99,4.99,0.00
google_play,TXN-107529,ORD-507529,SALE,2026-06-06 14:06:52 sub_monthly,GBP,matched,engine,11.58,11.58,11.58,0.00
google_play,TXN-107221,ORD-507221,SALE,2026-06-06 15:20:51 sub_quarterly,USD,matched,engine,24.99,24.99,24.99,0.00
google_play,TXN-107147,ORD-507147,SALE,2026-06-06 16:49:33 sub_monthly,EUR,matched,engine,10.94,10.94,10.94,0.00
google_play,TXN-107077,ORD-507077,SALE,2026-06-06 16:22:10 sub_annual,USD,matched,engine,59.99,59.99,59.99,0.00
google_play,TXN-107158,ORD-507158,SALE,2026-06-06 16:10:49 sub_monthly,MXN,matched,engine,7.10,7.10,7.10,0.00
google_play,TXN-107528,ORD-507528,SALE,2026-06-06 17:42:50 sub_quarterly,USD,matched,engine,24.99,24.99,24.99,0.00
google_play,TXN-107139,ORD-507139,SALE,2026-06-06 17:14:56 sub_monthly,GBP,matched,engine,11.58,11.58,11.58,0.00
google_play,TXN-107382,ORD-507382,SALE,2026-06-06 18:06:11 sub_annual,EUR,matched,engine,65.67,65.67,65.67,0.00
google_play,TXN-107556,ORD-507556,SALE,2026-06-06 17:48:12 sub_monthly,GBP,matched,engine,11.58,11.58,11.58,0.00
google_play,TXN-107357,ORD-507357,SALE,2026-06-06 18:22:05 sub_monthly,GBP,matched,engine,11.58,11.58,11.58,0.00
google_play,TXN-107476,ORD-507476,SALE,2026-06-06 19:02:30 sub_quarterly,USD,matched,engine,24.99,24.99,24.99,0.00
google_play,TXN-107648,ORD-507648,SALE,2026-06-06 18:53:29 sub_monthly,USD,matched,engine,9.99,9.99,9.99,0.00
google_play,TXN-107100,ORD-507100,SALE,2026-06-06 19:08:30 sub_quarterly,GBP,matched,engine,28.34,28.34,28.34,0.00
google_play,TXN-107597,ORD-507597,SALE,2026-06-06 19:12:46 sub_monthly,USD,matched,engine,9.99,9.99,9.99,0.00
google_play,TXN-107716,ORD-507716,SALE,2026-06-07 07:58:26 sub_monthly,BRL,matched,engine,6.45,6.45,6.45,0.00
google_play,TXN-107390,ORD-507390,SALE,2026-06-07 10:08:02 sub_monthly,EUR,matched,engine,10.94,10.94,10.94,0.00
google_play,TXN-107143,ORD-507143,SALE,2026-06-07 10:08:58 sub_monthly,GBP,matched,engine,11.58,11.58,11.58,0.00
google_play,TXN-107487,ORD-507487,SALE,2026-06-07 09:29:16 sub_monthly,MXN,matched,engine,7.10,7.10,7.10,0.00
google_play,TXN-107008,ORD-507008,SALE,2026-06-07 09:32:19 sub_quarterly,GBP,matched,engine,28.34,28.34,28.34,0.00
google_play,TXN-107666,ORD-507666,SALE,2026-06-07 10:41:45 sub_monthly,EUR,matched,engine,10.94,10.94,10.94,0.00
google_play,TXN-107574,ORD-507574,SALE,2026-06-07 11:57:16 sub_monthly,EUR,matched,engine,10.94,10.94,10.94,0.00
google_play,TXN-107430,ORD-507430,SALE,2026-06-07 11:25:50 sub_monthly,GBP,matched,engine,11.58,11.58,11.58,0.00
google_play,TXN-107327,ORD-507327,SALE,2026-06-07 11:29:04 sub_annual,EUR,matched,engine,65.67,65.67,65.67,0.00
google_play,TXN-107640,ORD-507640,SALE,2026-06-07 12:50:07 sub_monthly,EUR,matched,engine,10.94,10.94,10.94,0.00
google_play,TXN-107056,ORD-507056,SALE,2026-06-07 13:37:40 sub_quarterly,USD,matched,engine,24.99,24.99,24.99,0.00
google_play,TXN-107342,ORD-507342,SALE,2026-06-07 14:17:15 sub_monthly,GBP,matched,engine,11.58,11.58,11.58,0.00
google_play,TXN-107366,ORD-507366,SALE,2026-06-07 12:58:12 sub_monthly,MXN,matched,engine,7.10,7.10,7.10,0.00
google_play,TXN-107644,ORD-507644,SALE,2026-06-07 14:33:44 coach_addon,BRL,matched,engine,3.12,3.12,3.12,0.00
google_play,TXN-107050,ORD-507050,SALE,2026-06-07 14:37:56 sub_monthly,EUR,matched,engine,10.94,10.94,10.94,0.00
google_play,TXN-107624,ORD-507624,SALE,2026-06-07 13:31:58 coach_addon,EUR,matched,engine,5.46,5.46,5.46,0.00
google_play,TXN-107156,ORD-507156,SALE,2026-06-07 13:52:37 coach_addon,EUR,matched,engine,5.46,5.46,5.46,0.00
google_play,TXN-107306,ORD-507306,SALE,2026-06-07 14:49:53 sub_monthly,MXN,matched,engine,7.10,7.10,7.10,0.00
google_play,TXN-107614,ORD-507614,SALE,2026-06-07 15:00:48 sub_monthly,EUR,matched,engine,10.94,10.94,10.94,0.00
google_play,TXN-107152,ORD-507152,SALE,2026-06-07 16:53:42 sub_monthly,BRL,matched,engine,6.45,6.45,6.45,0.00
google_play,TXN-107203,ORD-507203,SALE,2026-06-07 16:33:45 sub_quarterly,USD,matched,engine,24.99,24.99,24.99,0.00
google_play,TXN-107671,ORD-507671,SALE,2026-06-07 19:39:17 sub_monthly,BRL,matched,engine,6.45,6.45,6.45,0.00
google_play,TXN-107610,ORD-507610,SALE,2026-06-07 20:06:18 sub_monthly,GBP,matched,engine,11.58,11.58,11.58,0.00
google_play,TXN-107067,ORD-507067,SALE,2026-06-07 19:55:59 sub_monthly,USD,matched,engine,9.99,9.99,9.99,0.00
google_play,TXN-107194,ORD-507194,SALE,2026-06-07 20:19:21 sub_quarterly,MXN,matched,engine,18.10,18.10,18.10,0.00
google_play,TXN-107225,ORD-507225,SALE,2026-06-08 07:59:26 sub_monthly,MXN,matched,engine,7.11,7.11,7.11,0.00
google_play,TXN-107545,ORD-507545,SALE,2026-06-08 09:44:57 sub_quarterly,USD,matched,engine,24.99,24.99,24.99,0.00
google_play,TXN-107257,ORD-507257,SALE,2026-06-08 10:11:06 sub_monthly,USD,matched,engine,9.99,9.99,9.99,0.00
google_play,TXN-107040,ORD-507040,SALE,2026-06-08 09:46:16 sub_monthly,USD,matched,engine,9.99,9.99,9.99,0.00
google_play,TXN-107592,ORD-507592,SALE,2026-06-08 10:52:47 sub_quarterly,BRL,matched,engine,16.58,16.58,16.58,0.00
google_play,TXN-107166,ORD-507166,SALE,2026-06-08 11:23:45 sub_quarterly,EUR,matched,engine,27.26,27.26,27.26,0.00
google_play,TXN-107312,ORD-507312,SALE,2026-06-08 10:35:19 sub_monthly,GBP,matched,engine,11.60,11.60,11.60,0.00
google_play,TXN-107603,ORD-507603,SALE,2026-06-08 10:22:37 sub_quarterly,EUR,matched,engine,27.26,27.26,27.26,0.00
google_play,TXN-107462,ORD-507462,SALE,2026-06-08 10:54:16 sub_quarterly,USD,matched,engine,24.99,24.99,24.99,0.00
google_play,TXN-107729,ORD-507729,SALE,2026-06-08 12:45:59 sub_monthly,USD,matched,engine,9.99,9.99,9.99,0.00
google_play,TXN-107094,ORD-507094,SALE,2026-06-08 13:56:21 coach_addon,USD,matched,engine,4.99,4.99,4.99,0.00
google_play,TXN-107678,ORD-507678,SALE,2026-06-08 14:57:21 sub_annual,EUR,matched,engine,65.45,65.45,65.45,0.00
google_play,TXN-107944,ORD-507637,REFUND,2026-06-08 14:51:27 sub_monthly,BRL,matched,engine,-6.44,-6.44,-6.44,0.00
google_play,TXN-107011,ORD-507011,SALE,2026-06-08 15:37:36 sub_quarterly,USD,matched,engine,24.99,24.99,24.99,0.00
google_play,TXN-107039,ORD-507039,SALE,2026-06-08 16:58:16 sub_monthly,EUR,matched,engine,10.90,10.90,10.90,0.00
google_play,TXN-107569,ORD-507569,SALE,2026-06-08 16:27:01 sub_annual,EUR,matched,engine,65.45,65.45,65.45,0.00
google_play,TXN-107695,ORD-507695,SALE,2026-06-08 17:19:20 sub_monthly,USD,matched,engine,9.99,9.99,9.99,0.00
google_play,TXN-107003,ORD-507003,SALE,2026-06-08 18:54:20 sub_quarterly,BRL,matched,engine,16.58,16.58,16.58,0.00
google_play,TXN-107416,ORD-507416,SALE,2026-06-08 17:48:52 sub_quarterly,USD,matched,engine,24.99,24.99,24.99,0.00
google_play,TXN-107654,ORD-507654,SALE,2026-06-08 18:26:01 sub_monthly,EUR,matched,engine,10.90,10.90,10.90,0.00
google_play,TXN-107606,ORD-507606,SALE,2026-06-08 18:16:40 sub_quarterly,EUR,matched,engine,27.26,27.26,27.26,0.00
google_play,TXN-107318,ORD-507318,SALE,2026-06-08 19:13:42 sub_quarterly,USD,matched,engine,24.99,24.99,24.99,0.00
google_play,TXN-107424,ORD-507424,SALE,2026-06-09 07:20:24 sub_monthly,EUR,matched,engine,10.93,10.93,10.93,0.00
google_play,TXN-107054,ORD-507054,SALE,2026-06-09 09:00:56 coach_addon,MXN,matched,engine,3.26,3.26,3.26,0.00
google_play,TXN-107723,ORD-507723,SALE,2026-06-09 10:00:11 coach_addon,EUR,matched,engine,5.46,5.46,5.46,0.00
google_play,TXN-107559,ORD-507559,SALE,2026-06-09 08:50:27 coach_addon,USD,matched,engine,4.99,4.99,4.99,0.00
google_play,TXN-107657,ORD-507657,SALE,2026-06-09 09:49:42 sub_monthly,BRL,matched,engine,6.44,6.44,6.44,0.00
google_play,TXN-107095,ORD-507095,SALE,2026-06-09 10:42:40 sub_monthly,EUR,matched,engine,10.93,10.93,10.93,0.00
google_play,TXN-107547,ORD-507547,SALE,2026-06-09 10:09:07 sub_quarterly,EUR,matched,engine,27.34,27.34,27.34,0.00
google_play,TXN-107101,ORD-507101,SALE,2026-06-09 11:25:32 sub_monthly,USD,matched,engine,9.99,9.99,9.99,0.00
google_play,TXN-107022,ORD-507022,SALE,2026-06-09 12:07:34 sub_monthly,USD,matched,engine,9.99,9.99,9.99,0.00
google_play,TXN-107015,ORD-507015,SALE,2026-06-09 13:00:53 sub_quarterly,BRL,matched,engine,16.60,16.60,16.60,0.00
google_play,TXN-107406,ORD-507406,SALE,2026-06-09 12:23:28 sub_annual,USD,matched,engine,59.99,59.99,59.99,0.00
google_play,TXN-107041,ORD-507041,SALE,2026-06-09 12:38:25 sub_monthly,MXN,matched,engine,7.13,7.13,7.13,0.00
google_play,TXN-107125,ORD-507125,SALE,2026-06-09 14:00:31 sub_monthly,BRL,matched,engine,6.44,6.44,6.44,0.00
google_play,TXN-107051,ORD-507051,SALE,2026-06-09 13:50:12 sub_monthly,BRL,matched,engine,6.44,6.44,6.44,0.00
google_play,TXN-107936,ORD-507333,REFUND,2026-06-09 13:20:40 sub_monthly,USD,matched,engine,-9.99,-9.99,-9.99,0.00
google_play,TXN-107601,ORD-507601,SALE,2026-06-09 14:02:40 coach_addon,BRL,matched,engine,3.12,3.12,3.12,0.00
google_play,TXN-106996,ORD-506996,SALE,2026-06-09 15:08:53 sub_monthly,USD,matched,engine,9.99,9.99,9.99,0.00
google_play,TXN-107426,ORD-507426,SALE,2026-06-09 15:17:24 sub_monthly,MXN,matched,engine,7.13,7.13,7.13,0.00
google_play,TXN-107689,ORD-507689,SALE,2026-06-09 14:22:52 coach_addon,GBP,matched,engine,5.80,5.80,5.80,0.00
google_play,TXN-107087,ORD-507087,SALE,2026-06-09 15:34:35 coach_addon,BRL,matched,engine,3.12,3.12,3.12,0.00
google_play,TXN-107486,ORD-507486,SALE,2026-06-09 15:27:29 sub_monthly,USD,matched,engine,9.99,9.99,9.99,0.00
google_play,TXN-107513,ORD-507513,SALE,2026-06-09 15:03:40 coach_addon,USD,matched,engine,4.99,4.99,4.99,0.00
google_play,TXN-107145,ORD-507145,SALE,2026-06-09 16:04:17 sub_monthly,MXN,matched,engine,7.13,7.13,7.13,0.00
google_play,TXN-107363,ORD-507363,SALE,2026-06-09 15:16:03 sub_monthly,EUR,matched,engine,10.93,10.93,10.93,0.00
google_play,TXN-107436,ORD-507436,SALE,2026-06-09 15:20:46 sub_monthly,BRL,matched,engine,6.44,6.44,6.44,0.00
google_play,TXN-107403,ORD-507403,SALE,2026-06-09 16:12:40 sub_monthly,USD,matched,engine,9.99,9.99,9.99,0.00
google_play,TXN-107271,ORD-507271,SALE,2026-06-09 17:53:22 sub_monthly,GBP,matched,engine,11.62,11.62,11.62,0.00
google_play,TXN-107068,ORD-507068,SALE,2026-06-09 18:38:49 sub_monthly,USD,matched,engine,9.99,9.99,9.99,0.00
google_play,TXN-107726,ORD-507726,SALE,2026-06-09 17:55:54 sub_monthly,BRL,matched,engine,6.44,6.44,6.44,0.00
google_play,TXN-107000,ORD-507000,SALE,2026-06-09 18:50:51 sub_monthly,GBP,matched,engine,11.62,11.62,11.62,0.00
google_play,TXN-107515,ORD-507515,SALE,2026-06-09 19:48:27 sub_quarterly,USD,matched,engine,24.99,24.99,24.99,0.00
google_play,TXN-107349,ORD-507349,SALE,2026-06-09 18:48:58 sub_quarterly,MXN,matched,engine,18.19,18.19,18.19,0.00
google_play,TXN-107543,ORD-507543,SALE,2026-06-09 18:55:50 sub_annual,USD,matched,engine,59.99,59.99,59.99,0.00
google_play,TXN-107153,ORD-507153,SALE,2026-06-09 19:01:53 sub_quarterly,USD,matched,engine,24.99,24.99,24.99,0.00
google_play,TXN-107061,ORD-507061,SALE,2026-06-09 19:44:00 sub_annual,USD,matched,engine,59.99,59.99,59.99,0.00
google_play,TXN-107596,ORD-507596,SALE,2026-06-09 19:03:45 sub_monthly,GBP,matched,engine,11.62,11.62,11.62,0.00
google_play,TXN-107044,ORD-507044,SALE,2026-06-10 07:16:37 sub_quarterly,EUR,matched,engine,27.26,27.26,27.26,0.00
google_play,TXN-107623,ORD-507623,SALE,2026-06-10 09:20:09 sub_annual,MXN,matched,engine,44.34,44.34,44.34,0.00
google_play,TXN-107383,ORD-507383,SALE,2026-06-10 10:17:44 sub_quarterly,GBP,matched,engine,28.34,28.34,28.34,0.00
google_play,TXN-107356,ORD-507356,SALE,2026-06-10 10:34:16 sub_annual,BRL,matched,engine,38.09,38.09,38.09,0.00
google_play,TXN-107474,ORD-507474,SALE,2026-06-10 10:03:48 sub_quarterly,USD,matched,engine,24.99,24.99,24.99,0.00
google_play,TXN-107503,ORD-507503,SALE,2026-06-10 09:57:08 sub_monthly,BRL,matched,engine,6.65,6.65,6.65,0.00
google_play,TXN-107340,ORD-507340,SALE,2026-06-10 11:16:44 sub_quarterly,GBP,matched,engine,28.34,28.34,28.34,0.00
google_play,TXN-107541,ORD-507541,SALE,2026-06-10 11:33:59 sub_monthly,MXN,matched,engine,7.16,7.16,7.16,0.00
google_play,TXN-107605,ORD-507605,SALE,2026-06-10 11:44:45 sub_quarterly,BRL,matched,engine,17.13,17.13,17.13,0.00
google_play,TXN-107672,ORD-507672,SALE,2026-06-10 12:20:15 sub_monthly,BRL,matched,engine,6.65,6.65,6.65,0.00
google_play,TXN-107736,ORD-507736,SALE,2026-06-10 12:55:05 sub_quarterly,EUR,matched,engine,27.26,27.26,27.26,0.00
google_play,TXN-107458,ORD-507458,SALE,2026-06-10 13:10:48 sub_quarterly,GBP,matched,engine,28.34,28.34,28.34,0.00
google_play,TXN-107160,ORD-507160,SALE,2026-06-10 13:45:38 sub_monthly,EUR,matched,engine,10.90,10.90,10.90,0.00
google_play,TXN-106991,ORD-506991,SALE,2026-06-10 13:29:22 sub_monthly,BRL,matched,engine,6.65,6.65,6.65,0.00
google_play,TXN-107466,ORD-507466,SALE,2026-06-10 14:00:39 sub_annual,GBP,matched,engine,70.88,70.88,70.88,0.00
google_play,TXN-107933,ORD-507281,REFUND,2026-06-10 12:55:25 coach_addon,USD,matched,engine,-4.99,-4.99,-4.99,0.00
google_play,TXN-107309,ORD-507309,SALE,2026-06-10 14:36:30 sub_monthly,EUR,matched,engine,10.90,10.90,10.90,0.00
google_play,TXN-107202,ORD-507202,SALE,2026-06-10 15:40:15 sub_quarterly,BRL,matched,engine,17.13,17.13,17.13,0.00
google_play,TXN-107138,ORD-507138,SALE,2026-06-10 15:35:41 sub_annual,EUR,matched,engine,65.43,65.43,65.43,0.00
google_play,TXN-107187,ORD-507187,SALE,2026-06-10 15:15:23 sub_quarterly,MXN,matched,engine,18.26,18.26,18.26,0.00
google_play,TXN-106987,ORD-506987,SALE,2026-06-10 15:52:12 sub_monthly,USD,matched,engine,9.99,9.99,9.99,0.00
google_play,TXN-107251,ORD-507251,SALE,2026-06-10 17:20:05 sub_monthly,USD,matched,engine,9.99,9.99,9.99,0.00
google_play,TXN-107710,ORD-507710,SALE,2026-06-10 17:23:43 sub_monthly,BRL,matched,engine,6.65,6.65,6.65,0.00
google_play,TXN-107573,ORD-507573,SALE,2026-06-10 18:53:10 sub_annual,GBP,matched,engine,70.88,70.88,70.88,0.00
google_play,TXN-106995,ORD-506995,SALE,2026-06-10 18:25:01 sub_quarterly,USD,matched,engine,24.99,24.99,24.99,0.00
google_play,TXN-107643,ORD-507643,SALE,2026-06-10 18:55:28 coach_addon,USD,matched,engine,4.99,4.99,4.99,0.00
google_play,TXN-107115,ORD-507115,SALE,2026-06-10 20:20:36 sub_monthly,MXN,matched,engine,7.16,7.16,7.16,0.00
google_play,TXN-107533,ORD-507533,SALE,2026-06-11 08:12:15 sub_quarterly,MXN,matched,engine,18.20,18.20,18.20,0.00
google_play,TXN-107413,ORD-507413,SALE,2026-06-11 07:30:29 sub_monthly,BRL,matched,engine,6.47,6.47,6.47,0.00
google_play,TXN-107542,ORD-507542,SALE,2026-06-11 09:16:04 sub_quarterly,USD,matched,engine,24.99,24.99,24.99,0.00
google_play,TXN-107711,ORD-507711,SALE,2026-06-11 10:14:44 sub_annual,GBP,matched,engine,70.94,70.94,70.94,0.00
google_play,TXN-107546,ORD-507546,SALE,2026-06-11 09:36:02 sub_monthly,USD,matched,engine,9.99,9.99,9.99,0.00
google_play,TXN-107393,ORD-507393,SALE,2026-06-11 10:56:07 sub_monthly,USD,matched,engine,9.99,9.99,9.99,0.00
google_play,TXN-107091,ORD-507091,SALE,2026-06-11 13:15:24 sub_quarterly,GBP,matched,engine,28.37,28.37,28.37,0.00
google_play,TXN-107633,ORD-507633,SALE,2026-06-11 14:04:02 sub_annual,EUR,matched,engine,65.25,65.25,65.25,0.00
google_play,TXN-107230,ORD-507230,SALE,2026-06-11 14:37:57 coach_addon,GBP,matched,engine,5.79,5.79,5.79,0.00
google_play,TXN-107576,ORD-507576,SALE,2026-06-11 16:07:02 sub_monthly,USD,matched,engine,9.99,9.99,9.99,0.00
google_play,TXN-107564,ORD-507564,SALE,2026-06-11 16:02:28 sub_monthly,USD,matched,engine,9.99,9.99,9.99,0.00
google_play,TXN-107579,ORD-507579,SALE,2026-06-11 15:20:59 sub_quarterly,EUR,matched,engine,27.18,27.18,27.18,0.00
google_play,TXN-107081,ORD-507081,SALE,2026-06-11 17:03:15 sub_monthly,EUR,matched,engine,10.87,10.87,10.87,0.00
google_play,TXN-107370,ORD-507370,SALE,2026-06-11 18:02:39 sub_annual,USD,matched,engine,59.99,59.99,59.99,0.00
google_play,TXN-107289,ORD-507289,SALE,2026-06-11 18:02:21 sub_monthly,BRL,matched,engine,6.47,6.47,6.47,0.00
google_play,TXN-107663,ORD-507663,SALE,2026-06-11 18:00:14 sub_monthly,GBP,matched,engine,11.60,11.60,11.60,0.00
google_play,TXN-107460,ORD-507460,SALE,2026-06-11 19:47:58 sub_quarterly,USD,matched,engine,24.99,24.99,24.99,0.00
google_play,TXN-107733,ORD-507733,SALE,2026-06-12 08:36:22 sub_quarterly,BRL,matched,engine,16.62,16.62,16.62,0.00
google_play,TXN-107522,ORD-507522,SALE,2026-06-12 08:08:52 sub_annual,GBP,matched,engine,71.10,71.10,71.10,0.00
google_play,TXN-107104,ORD-507104,SALE,2026-06-12 08:11:29 sub_monthly,EUR,matched,engine,10.86,10.86,10.86,0.00
google_play,TXN-107646,ORD-507646,SALE,2026-06-12 09:19:36 sub_quarterly,USD,matched,engine,24.99,24.99,24.99,0.00
google_play,TXN-107177,ORD-507177,SALE,2026-06-12 09:15:09 sub_quarterly,EUR,matched,engine,27.17,27.17,27.17,0.00
google_play,TXN-107496,ORD-507496,SALE,2026-06-12 08:59:16 sub_monthly,USD,matched,engine,9.99,9.99,9.99,0.00
google_play,TXN-107472,ORD-507472,SALE,2026-06-12 10:40:49 coach_addon,BRL,matched,engine,3.12,3.12,3.12,0.00
google_play,TXN-107940,ORD-507559,REFUND,2026-06-12 09:56:27 coach_addon,USD,matched,engine,-4.99,-4.99,-4.99,0.00
google_play,TXN-107262,ORD-507262,SALE,2026-06-12 10:42:28 sub_quarterly,USD,matched,engine,24.99,24.99,24.99,0.00
google_play,TXN-107079,ORD-507079,SALE,2026-06-12 11:05:14 sub_monthly,BRL,matched,engine,6.45,6.45,6.45,0.00
google_play,TXN-107395,ORD-507395,SALE,2026-06-12 12:20:53 coach_addon,EUR,matched,engine,5.43,5.43,5.43,0.00
google_play,TXN-107026,ORD-507026,SALE,2026-06-12 13:25:56 sub_monthly,USD,matched,engine,9.99,9.99,9.99,0.00
google_play,TXN-107055,ORD-507055,SALE,2026-06-12 14:33:48 sub_quarterly,EUR,matched,engine,27.17,27.17,27.17,0.00
google_play,TXN-107505,ORD-507505,SALE,2026-06-12 15:10:28 sub_monthly,GBP,matched,engine,11.62,11.62,11.62,0.00
google_play,TXN-107448,ORD-507448,SALE,2026-06-12 15:52:45 sub_quarterly,BRL,matched,engine,16.62,16.62,16.62,0.00
google_play,TXN-107295,ORD-507295,SALE,2026-06-12 15:46:50 sub_quarterly,USD,matched,engine,24.99,24.99,24.99,0.00
google_play,TXN-107517,ORD-507517,SALE,2026-06-12 15:38:03 sub_quarterly,USD,matched,engine,24.99,24.99,24.99,0.00
google_play,TXN-107945,ORD-507678,REFUND,2026-06-12 15:27:21 sub_annual,EUR,matched,engine,-65.23,-65.23,-65.23,0.00
google_play,TXN-107052,ORD-507052,SALE,2026-06-12 15:58:12 sub_quarterly,USD,matched,engine,24.99,24.99,24.99,0.00
google_play,TXN-107102,ORD-507102,SALE,2026-06-12 17:42:01 sub_monthly,EUR,matched,engine,10.86,10.86,10.86,0.00
google_play,TXN-107013,ORD-507013,SALE,2026-06-12 18:07:35 sub_monthly,MXN,matched,engine,7.14,7.14,7.14,0.00
google_play,TXN-107717,ORD-507717,SALE,2026-06-12 18:03:16 sub_monthly,USD,matched,engine,9.99,9.99,9.99,0.00
google_play,TXN-107668,ORD-507668,SALE,2026-06-12 18:20:49 sub_annual,USD,matched,engine,59.99,59.99,59.99,0.00
google_play,TXN-107638,ORD-507638,SALE,2026-06-12 19:29:12 sub_annual,USD,matched,engine,59.99,59.99,59.99,0.00
google_play,TXN-107132,ORD-507132,SALE,2026-06-12 19:52:37 sub_monthly,MXN,matched,engine,7.14,7.14,7.14,0.00
google_play,TXN-107673,ORD-507673,SALE,2026-06-13 08:10:56 sub_monthly,USD,matched,engine,9.99,9.99,9.99,0.00
google_play,TXN-107423,ORD-507423,SALE,2026-06-13 08:37:54 sub_annual,USD,matched,engine,59.99,59.99,59.99,0.00
google_play,TXN-107053,ORD-507053,SALE,2026-06-13 08:08:44 sub_monthly,BRL,matched,engine,6.45,6.45,6.45,0.00
google_play,TXN-107359,ORD-507359,SALE,2026-06-13 09:51:28 sub_annual,EUR,matched,engine,65.23,65.23,65.23,0.00
google_play,TXN-107628,ORD-507628,SALE,2026-06-13 08:56:55 sub_annual,EUR,matched,engine,65.23,65.23,65.23,0.00
google_play,TXN-107099,ORD-507099,SALE,2026-06-13 10:25:35 sub_quarterly,EUR,matched,engine,27.17,27.17,27.17,0.00
google_play,TXN-107248,ORD-507248,SALE,2026-06-13 11:47:09 sub_annual,USD,matched,engine,59.99,59.99,59.99,0.00
google_play,TXN-107304,ORD-507304,SALE,2026-06-13 11:35:49 sub_quarterly,MXN,matched,engine,18.20,18.20,18.20,0.00
google_play,TXN-107693,ORD-507693,SALE,2026-06-13 10:35:44 sub_monthly,EUR,matched,engine,10.86,10.86,10.86,0.00
google_play,TXN-107477,ORD-507477,SALE,2026-06-13 12:35:01 sub_monthly,MXN,matched,engine,7.14,7.14,7.14,0.00
google_play,TXN-107463,ORD-507463,SALE,2026-06-13 13:33:42 sub_monthly,USD,matched,engine,9.99,9.99,9.99,0.00
google_play,TXN-107226,ORD-507226,SALE,2026-06-13 14:15:53 sub_annual,EUR,matched,engine,65.23,65.23,65.23,0.00
google_play,TXN-107164,ORD-507164,SALE,2026-06-13 13:12:09 sub_monthly,BRL,matched,engine,6.45,6.45,6.45,0.00
google_play,TXN-107277,ORD-507277,SALE,2026-06-13 13:55:59 sub_monthly,USD,matched,engine,9.99,9.99,9.99,0.00
google_play,TXN-107475,ORD-507475,SALE,2026-06-13 13:38:40 coach_addon,GBP,matched,engine,5.81,5.81,5.81,0.00
google_play,TXN-107676,ORD-507676,SALE,2026-06-13 13:54:52 sub_monthly,BRL,matched,engine,6.45,6.45,6.45,0.00
google_play,TXN-107400,ORD-507400,SALE,2026-06-13 14:16:50 sub_monthly,BRL,matched,engine,6.45,6.45,6.45,0.00
google_play,TXN-107686,ORD-507686,SALE,2026-06-13 14:02:05 sub_annual,EUR,matched,engine,65.23,65.23,65.23,0.00
google_play,TXN-107245,ORD-507245,SALE,2026-06-13 14:43:42 sub_annual,USD,matched,engine,59.99,59.99,59.99,0.00
google_play,TXN-107028,ORD-507028,SALE,2026-06-13 15:50:09 sub_monthly,USD,matched,engine,9.99,9.99,9.99,0.00
google_play,TXN-107536,ORD-507536,SALE,2026-06-13 16:44:17 sub_quarterly,USD,matched,engine,24.99,24.99,24.99,0.00
google_play,TXN-107554,ORD-507554,SALE,2026-06-13 18:21:54 sub_quarterly,BRL,matched,engine,16.62,16.62,16.62,0.00
google_play,TXN-107352,ORD-507352,SALE,2026-06-13 17:14:35 sub_annual,EUR,matched,engine,65.23,65.23,65.23,0.00
google_play,TXN-107551,ORD-507551,SALE,2026-06-13 17:42:50 sub_monthly,USD,matched,engine,9.99,9.99,9.99,0.00
google_play,TXN-106998,ORD-506998,SALE,2026-06-13 18:55:24 sub_quarterly,USD,matched,engine,24.99,24.99,24.99,0.00
google_play,TXN-107415,ORD-507415,SALE,2026-06-13 19:21:55 sub_annual,USD,matched,engine,59.99,59.99,59.99,0.00
google_play,TXN-107316,ORD-507316,SALE,2026-06-14 07:54:57 sub_annual,USD,matched,engine,59.99,59.99,59.99,0.00
google_play,TXN-107567,ORD-507567,SALE,2026-06-14 08:58:42 sub_monthly,USD,matched,engine,9.99,9.99,9.99,0.00
google_play,TXN-107345,ORD-507345,SALE,2026-06-14 11:53:15 coach_addon,EUR,matched,engine,5.43,5.43,5.43,0.00
google_play,TXN-107275,ORD-507275,SALE,2026-06-14 12:23:29 sub_monthly,USD,matched,engine,9.99,9.99,9.99,0.00
google_play,TXN-107336,ORD-507336,SALE,2026-06-14 13:01:42 sub_monthly,BRL,matched,engine,6.45,6.45,6.45,0.00
google_play,TXN-107508,ORD-507508,SALE,2026-06-14 13:24:57 sub_quarterly,EUR,matched,engine,27.17,27.17,27.17,0.00
google_play,TXN-107728,ORD-507728,SALE,2026-06-14 14:42:56 sub_monthly,MXN,matched,engine,7.14,7.14,7.14,0.00
google_play,TXN-107272,ORD-507272,SALE,2026-06-14 14:43:03 sub_quarterly,MXN,matched,engine,18.20,18.20,18.20,0.00
google_play,TXN-107398,ORD-507398,SALE,2026-06-14 14:48:54 sub_monthly,USD,matched,engine,9.99,9.99,9.99,0.00
google_play,TXN-107119,ORD-507119,SALE,2026-06-14 14:42:06 sub_monthly,BRL,matched,engine,6.45,6.45,6.45,0.00
google_play,TXN-107593,ORD-507593,SALE,2026-06-14 15:57:20 sub_quarterly,USD,matched,engine,24.99,24.99,24.99,0.00
google_play,TXN-107470,ORD-507470,SALE,2026-06-14 15:54:04 sub_monthly,GBP,matched,engine,11.62,11.62,11.62,0.00
google_play,TXN-107519,ORD-507519,SALE,2026-06-14 15:58:11 sub_quarterly,USD,matched,engine,24.99,24.99,24.99,0.00
google_play,TXN-107175,ORD-507175,SALE,2026-06-14 16:27:26 coach_addon,USD,matched,engine,4.99,4.99,4.99,0.00
google_play,TXN-107142,ORD-507142,SALE,2026-06-14 16:41:38 sub_monthly,GBP,matched,engine,11.62,11.62,11.62,0.00
google_play,TXN-107170,ORD-507170,SALE,2026-06-14 17:04:20 sub_annual,USD,matched,engine,59.99,59.99,59.99,0.00
google_play,TXN-107616,ORD-507616,SALE,2026-06-14 18:39:23 sub_annual,USD,matched,engine,59.99,59.99,59.99,0.00
google_play,TXN-107070,ORD-507070,SALE,2026-06-14 19:02:47 sub_monthly,GBP,matched,engine,11.62,11.62,11.62,0.00
google_play,TXN-107658,ORD-507658,SALE,2026-06-14 19:31:38 sub_monthly,USD,matched,engine,9.99,9.99,9.99,0.00
google_play,TXN-107683,ORD-507683,SALE,2026-06-14 20:16:12 sub_monthly,USD,matched,engine,9.99,9.99,9.99,0.00
google_play,TXN-107512,ORD-507512,SALE,2026-06-14 19:16:00 sub_monthly,GBP,matched,engine,11.62,11.62,11.62,0.00
google_play,TXN-107211,ORD-507211,SALE,2026-06-15 09:03:26 sub_monthly,BRL,matched,engine,6.46,6.46,6.46,0.00
google_play,TXN-107114,ORD-507114,SALE,2026-06-15 09:54:31 sub_annual,EUR,matched,engine,65.10,65.10,65.10,0.00
google_play,TXN-107473,ORD-507473,SALE,2026-06-15 09:53:17 sub_monthly,USD,matched,engine,9.99,9.99,9.99,0.00
google_play,TXN-107032,ORD-507032,SALE,2026-06-15 10:18:43 sub_monthly,USD,matched,engine,9.99,9.99,9.99,0.00
google_play,TXN-107144,ORD-507144,SALE,2026-06-15 10:17:13 sub_quarterly,USD,matched,engine,24.99,24.99,24.99,0.00
google_play,TXN-107459,ORD-507459,SALE,2026-06-15 12:36:49 sub_monthly,GBP,matched,engine,11.61,11.61,11.61,0.00
google_play,TXN-107237,ORD-507237,SALE,2026-06-15 12:14:00 coach_addon,BRL,matched,engine,3.13,3.13,3.13,0.00
google_play,TXN-107025,ORD-507025,SALE,2026-06-15 11:27:22 sub_annual,EUR,matched,engine,65.10,65.10,65.10,0.00
google_play,TXN-107018,ORD-507018,SALE,2026-06-15 14:35:17 coach_addon,EUR,matched,engine,5.41,5.41,5.41,0.00
google_play,TXN-107343,ORD-507343,SALE,2026-06-15 14:39:55 sub_monthly,EUR,matched,engine,10.84,10.84,10.84,0.00
google_play,TXN-107482,ORD-507482,SALE,2026-06-15 15:14:40 sub_annual,USD,matched,engine,59.99,59.99,59.99,0.00
google_play,TXN-107199,ORD-507199,SALE,2026-06-15 15:48:55 sub_monthly,USD,matched,engine,9.99,9.99,9.99,0.00
google_play,TXN-107704,ORD-507704,SALE,2026-06-15 17:28:30 sub_monthly,USD,matched,engine,9.99,9.99,9.99,0.00
google_play,TXN-107484,ORD-507484,SALE,2026-06-15 16:30:23 sub_annual,BRL,matched,engine,36.98,36.98,36.98,0.00
google_play,TXN-107521,ORD-507521,SALE,2026-06-15 16:28:14 coach_addon,EUR,matched,engine,5.41,5.41,5.41,0.00
google_play,TXN-107938,ORD-507363,REFUND,2026-06-15 17:11:03 sub_monthly,EUR,matched,engine,-10.84,-10.84,-10.84,0.00
google_play,TXN-107509,ORD-507509,SALE,2026-06-15 18:13:45 sub_annual,GBP,matched,engine,71.01,71.01,71.01,0.00
google_play,TXN-107684,ORD-507684,SALE,2026-06-15 18:45:51 sub_monthly,USD,matched,engine,9.99,9.99,9.99,0.00
google_play,TXN-107506,ORD-507506,SALE,2026-06-15 18:59:41 sub_quarterly,USD,matched,engine,24.99,24.99,24.99,0.00
google_play,TXN-107163,ORD-507163,SALE,2026-06-15 18:32:22 sub_annual,GBP,matched,engine,71.01,71.01,71.01,0.00
google_play,TXN-107549,ORD-507549,SALE,2026-06-15 19:07:40 sub_quarterly,BRL,matched,engine,16.63,16.63,16.63,0.00
google_play,TXN-107609,ORD-507609,SALE,2026-06-15 18:58:55 sub_quarterly,GBP,matched,engine,28.39,28.39,28.39,0.00
google_play,TXN-107465,ORD-507465,SALE,2026-06-15 18:53:25 sub_quarterly,GBP,matched,engine,28.39,28.39,28.39,0.00
google_play,TXN-107254,ORD-507254,SALE,2026-06-15 19:59:41 sub_annual,USD,matched,engine,59.99,59.99,59.99,0.00
google_play,TXN-107258,ORD-507258,SALE,2026-06-16 08:46:01 sub_monthly,EUR,matched,engine,10.86,10.86,10.86,0.00
google_play,TXN-107447,ORD-507447,SALE,2026-06-16 08:47:48 sub_monthly,USD,matched,engine,9.99,9.99,9.99,0.00
google_play,TXN-107252,ORD-507252,SALE,2026-06-16 08:28:42 sub_quarterly,EUR,matched,engine,27.15,27.15,27.15,0.00
google_play,TXN-107030,ORD-507030,SALE,2026-06-16 08:22:17 sub_quarterly,USD,matched,engine,24.99,24.99,24.99,0.00
google_play,TXN-107577,ORD-507577,SALE,2026-06-16 10:14:13 coach_addon,BRL,matched,engine,3.12,3.12,3.12,0.00
google_play,TXN-107669,ORD-507669,SALE,2026-06-16 09:11:10 sub_quarterly,MXN,matched,engine,18.17,18.17,18.17,0.00
google_play,TXN-107660,ORD-507660,SALE,2026-06-16 09:47:17 sub_monthly,MXN,matched,engine,7.13,7.13,7.13,0.00
google_play,TXN-107685,ORD-507685,SALE,2026-06-16 10:40:31 sub_quarterly,BRL,matched,engine,16.60,16.60,16.60,0.00
google_play,TXN-107012,ORD-507012,SALE,2026-06-16 10:34:38 sub_monthly,EUR,matched,engine,10.86,10.86,10.86,0.00
google_play,TXN-107389,ORD-507389,SALE,2026-06-16 10:45:03 coach_addon,USD,matched,engine,4.99,4.99,4.99,0.00
google_play,TXN-107730,ORD-507730,SALE,2026-06-16 11:21:39 sub_monthly,EUR,matched,engine,10.86,10.86,10.86,0.00
google_play,TXN-107412,ORD-507412,SALE,2026-06-16 09:47:20 sub_monthly,EUR,matched,engine,10.86,10.86,10.86,0.00
google_play,TXN-107468,ORD-507468,SALE,2026-06-16 10:23:37 sub_quarterly,EUR,matched,engine,27.15,27.15,27.15,0.00
google_play,TXN-107260,ORD-507260,SALE,2026-06-16 10:16:58 sub_quarterly,BRL,matched,engine,16.60,16.60,16.60,0.00
google_play,TXN-107701,ORD-507701,SALE,2026-06-16 10:22:23 sub_quarterly,BRL,matched,engine,16.60,16.60,16.60,0.00
google_play,TXN-107591,ORD-507591,SALE,2026-06-16 11:05:44 sub_monthly,BRL,matched,engine,6.45,6.45,6.45,0.00
google_play,TXN-107478,ORD-507478,SALE,2026-06-16 11:26:36 sub_monthly,USD,matched,engine,9.99,9.99,9.99,0.00
google_play,TXN-107680,ORD-507680,SALE,2026-06-16 12:22:54 sub_monthly,EUR,matched,engine,10.86,10.86,10.86,0.00
google_play,TXN-107652,ORD-507652,SALE,2026-06-16 12:54:04 sub_monthly,EUR,matched,engine,10.86,10.86,10.86,0.00
google_play,TXN-107688,ORD-507688,SALE,2026-06-16 13:01:59 sub_annual,USD,matched,engine,59.99,59.99,59.99,0.00
google_play,TXN-107154,ORD-507154,SALE,2026-06-16 16:07:46 sub_monthly,GBP,matched,engine,11.59,11.59,11.59,0.00
google_play,TXN-107323,ORD-507323,SALE,2026-06-16 16:09:39 sub_monthly,USD,matched,engine,9.99,9.99,9.99,0.00
google_play,TXN-107402,ORD-507402,SALE,2026-06-16 16:40:04 sub_annual,MXN,matched,engine,44.13,44.13,44.13,0.00
google_play,TXN-107241,ORD-507241,SALE,2026-06-16 18:19:48 sub_monthly,MXN,matched,engine,7.13,7.13,7.13,0.00
google_play,TXN-107121,ORD-507121,SALE,2026-06-16 19:50:35 coach_addon,GBP,matched,engine,5.79,5.79,5.79,0.00
google_play,TXN-107334,ORD-507334,SALE,2026-06-17 08:10:29 sub_quarterly,BRL,matched,engine,16.61,16.61,16.61,0.00
google_play,TXN-107006,ORD-507006,SALE,2026-06-17 09:24:37 sub_annual,BRL,matched,engine,36.93,36.93,36.93,0.00
google_play,TXN-107346,ORD-507346,SALE,2026-06-17 10:05:31 sub_monthly,USD,matched,engine,9.99,9.99,9.99,0.00
google_play,TXN-107974,ORD-507800,SALE,2026-06-17 09:21:00 sub_monthly,USD,matched,engine,9.99,9.99,9.99,0.00
google_play,TXN-107471,ORD-507471,SALE,2026-06-17 11:41:07 sub_quarterly,GBP,matched,engine,28.41,28.41,28.41,0.00
google_play,TXN-107975,ORD-507801,SALE,2026-06-17 11:13:00 sub_monthly,USD,matched,engine,9.99,9.99,9.99,0.00
google_play,TXN-107038,ORD-507038,SALE,2026-06-17 12:43:46 sub_monthly,BRL,matched,engine,6.45,6.45,6.45,0.00
google_play,TXN-107976,ORD-507802,SALE,2026-06-17 11:49:00 sub_monthly,USD,matched,engine,9.99,9.99,9.99,0.00
google_play,TXN-107058,ORD-507058,SALE,2026-06-17 11:36:59 sub_annual,USD,matched,engine,59.99,59.99,59.99,0.00
google_play,TXN-107259,ORD-507259,SALE,2026-06-17 12:37:46 coach_addon,BRL,matched,engine,3.12,3.12,3.12,0.00
google_play,TXN-107292,ORD-507292,SALE,2026-06-17 13:16:15 sub_monthly,GBP,matched,engine,11.61,11.61,11.61,0.00
google_play,TXN-107977,ORD-507803,SALE,2026-06-17 13:46:00 sub_monthly,USD,matched,engine,9.99,9.99,9.99,0.00
google_play,TXN-107208,ORD-507208,SALE,2026-06-17 13:24:56 sub_monthly,EUR,matched,engine,10.87,10.87,10.87,0.00
google_play,TXN-107978,ORD-507804,SALE,2026-06-17 14:30:00 sub_monthly,USD,matched,engine,9.99,9.99,9.99,0.00
google_play,TXN-107118,ORD-507118,SALE,2026-06-17 14:12:37 sub_monthly,USD,matched,engine,9.99,9.99,9.99,0.00
google_play,TXN-107979,ORD-507805,SALE,2026-06-17 14:20:00 sub_monthly,USD,matched,engine,9.99,9.99,9.99,0.00
google_play,TXN-107141,ORD-507141,SALE,2026-06-17 15:35:36 sub_monthly,USD,matched,engine,9.99,9.99,9.99,0.00
google_play,TXN-107518,ORD-507518,SALE,2026-06-17 16:19:31 sub_monthly,MXN,matched,engine,7.14,7.14,7.14,0.00
google_play,TXN-107362,ORD-507362,SALE,2026-06-17 17:32:48 coach_addon,EUR,matched,engine,5.43,5.43,5.43,0.00
google_play,TXN-106984,ORD-506984,SALE,2026-06-17 16:36:16 sub_quarterly,USD,matched,engine,24.99,24.99,24.99,0.00
google_play,TXN-107092,ORD-507092,SALE,2026-06-17 18:07:02 sub_quarterly,EUR,matched,engine,27.18,27.18,27.18,0.00
google_play,TXN-107636,ORD-507636,SALE,2026-06-17 17:11:09 sub_annual,EUR,matched,engine,65.26,65.26,65.26,0.00
google_play,TXN-107700,ORD-507700,SALE,2026-06-17 18:52:40 sub_annual,USD,matched,engine,59.99,59.99,59.99,0.00
google_play,TXN-107089,ORD-507089,SALE,2026-06-17 18:41:40 sub_monthly,USD,matched,engine,9.99,9.99,9.99,0.00
google_play,TXN-107338,ORD-507338,SALE,2026-06-17 19:26:12 sub_monthly,USD,matched,engine,9.99,9.99,9.99,0.00
google_play,TXN-107355,ORD-507355,SALE,2026-06-18 09:06:24 sub_monthly,EUR,matched,engine,10.88,10.88,10.88,0.00
google_play,TXN-107437,ORD-507437,SALE,2026-06-18 09:01:16 sub_monthly,USD,matched,engine,9.99,9.99,9.99,0.00
google_play,TXN-107622,ORD-507622,SALE,2026-06-18 09:20:13 sub_monthly,MXN,matched,engine,7.13,7.13,7.13,0.00
google_play,TXN-107392,ORD-507392,SALE,2026-06-18 10:09:24 sub_quarterly,USD,matched,engine,24.99,24.99,24.99,0.00
google_play,TXN-106999,ORD-506999,SALE,2026-06-18 10:43:18 sub_monthly,USD,matched,engine,9.99,9.99,9.99,0.00
google_play,TXN-107097,ORD-507097,SALE,2026-06-18 10:04:28 sub_quarterly,BRL,matched,engine,16.55,16.55,16.55,0.00
google_play,TXN-107457,ORD-507457,SALE,2026-06-18 11:31:48 sub_monthly,GBP,matched,engine,11.62,11.62,11.62,0.00
google_play,TXN-107440,ORD-507440,SALE,2026-06-18 12:53:36 sub_monthly,USD,matched,engine,9.99,9.99,9.99,0.00
google_play,TXN-107188,ORD-507188,SALE,2026-06-18 12:55:36 coach_addon,EUR,matched,engine,5.44,5.44,5.44,0.00
google_play,TXN-107738,ORD-507738,SALE,2026-06-18 13:23:30 sub_quarterly,USD,matched,engine,24.99,24.99,24.99,0.00
google_play,TXN-106997,ORD-506997,SALE,2026-06-18 13:05:51 coach_addon,EUR,matched,engine,5.44,5.44,5.44,0.00
google_play,TXN-107575,ORD-507575,SALE,2026-06-18 12:59:28 sub_quarterly,USD,matched,engine,24.99,24.99,24.99,0.00
google_play,TXN-107174,ORD-507174,SALE,2026-06-18 13:44:05 sub_monthly,USD,matched,engine,9.99,9.99,9.99,0.00
google_play,TXN-107317,ORD-507317,SALE,2026-06-18 13:58:38 sub_monthly,GBP,matched,engine,11.62,11.62,11.62,0.00
google_play,TXN-107453,ORD-507453,SALE,2026-06-18 14:24:26 sub_monthly,BRL,matched,engine,6.42,6.42,6.42,0.00
google_play,TXN-107479,ORD-507479,SALE,2026-06-18 16:21:04 sub_monthly,USD,matched,engine,9.99,9.99,9.99,0.00
google_play,TXN-107360,ORD-507360,SALE,2026-06-18 16:18:23 sub_annual,USD,matched,engine,59.99,59.99,59.99,0.00
google_play,TXN-107063,ORD-507063,SALE,2026-06-18 17:14:55 sub_monthly,MXN,matched,engine,7.13,7.13,7.13,0.00
google_play,TXN-107017,ORD-507017,SALE,2026-06-18 16:45:20 sub_monthly,EUR,matched,engine,10.88,10.88,10.88,0.00
google_play,TXN-107692,ORD-507692,SALE,2026-06-18 17:08:48 sub_annual,GBP,matched,engine,71.10,71.10,71.10,0.00
google_play,TXN-107674,ORD-507674,SALE,2026-06-18 17:48:10 sub_monthly,GBP,matched,engine,11.62,11.62,11.62,0.00
google_play,TXN-107694,ORD-507694,SALE,2026-06-18 18:42:26 sub_monthly,USD,matched,engine,9.99,9.99,9.99,0.00
google_play,TXN-107020,ORD-507020,SALE,2026-06-18 18:27:09 sub_monthly,USD,matched,engine,9.99,9.99,9.99,0.00
google_play,TXN-107561,ORD-507561,SALE,2026-06-18 18:39:28 sub_monthly,BRL,matched,engine,6.42,6.42,6.42,0.00
google_play,TXN-107297,ORD-507297,SALE,2026-06-18 19:40:24 sub_monthly,EUR,matched,engine,10.88,10.88,10.88,0.00
google_play,TXN-107649,ORD-507649,SALE,2026-06-19 07:38:40 sub_annual,GBP,matched,engine,71.10,71.10,71.10,0.00
google_play,TXN-107397,ORD-507397,SALE,2026-06-19 08:17:19 sub_quarterly,USD,matched,engine,24.99,24.99,24.99,0.00
google_play,TXN-107670,ORD-507670,SALE,2026-06-19 08:59:48 coach_addon,EUR,matched,engine,5.44,5.44,5.44,0.00
google_play,TXN-107480,ORD-507480,SALE,2026-06-19 09:52:21 sub_monthly,MXN,matched,engine,7.13,7.13,7.13,0.00
google_play,TXN-107236,ORD-507236,SALE,2026-06-19 10:49:33 sub_monthly,USD,matched,engine,9.99,9.99,9.99,0.00
google_play,TXN-107714,ORD-507714,SALE,2026-06-19 11:08:50 sub_monthly,USD,matched,engine,9.99,9.99,9.99,0.00
google_play,TXN-107085,ORD-507085,SALE,2026-06-19 11:10:53 sub_quarterly,USD,matched,engine,24.99,24.99,24.99,0.00
google_play,TXN-107377,ORD-507377,SALE,2026-06-19 12:22:19 sub_quarterly,USD,matched,engine,24.99,24.99,24.99,0.00
google_play,TXN-107409,ORD-507409,SALE,2026-06-19 12:11:31 sub_monthly,USD,matched,engine,9.99,9.99,9.99,0.00
google_play,TXN-107149,ORD-507149,SALE,2026-06-19 13:14:14 sub_monthly,GBP,matched,engine,11.62,11.62,11.62,0.00
google_play,TXN-107523,ORD-507523,SALE,2026-06-19 15:52:41 sub_quarterly,GBP,matched,engine,28.43,28.43,28.43,0.00
google_play,TXN-107565,ORD-507565,SALE,2026-06-19 16:00:31 sub_monthly,USD,matched,engine,9.99,9.99,9.99,0.00
google_play,TXN-107123,ORD-507123,SALE,2026-06-19 15:03:01 sub_monthly,USD,matched,engine,9.99,9.99,9.99,0.00
google_play,TXN-106993,ORD-506993,SALE,2026-06-19 16:42:04 sub_annual,USD,matched,engine,59.99,59.99,59.99,0.00
google_play,TXN-107227,ORD-507227,SALE,2026-06-19 18:19:29 sub_monthly,USD,matched,engine,9.99,9.99,9.99,0.00
google_play,TXN-107224,ORD-507224,SALE,2026-06-19 19:01:34 sub_monthly,BRL,matched,engine,6.42,6.42,6.42,0.00
google_play,TXN-107126,ORD-507126,SALE,2026-06-19 18:15:15 sub_quarterly,USD,matched,engine,24.99,24.99,24.99,0.00
google_play,TXN-106982,ORD-506982,SALE,2026-06-19 19:30:38 coach_addon,USD,matched,engine,4.99,4.99,4.99,0.00
google_play,TXN-107084,ORD-507084,SALE,2026-06-19 19:17:56 sub_monthly,USD,matched,engine,9.99,9.99,9.99,0.00
google_play,TXN-107642,ORD-507642,SALE,2026-06-20 08:58:41 sub_monthly,MXN,matched,engine,7.13,7.13,7.13,0.00
google_play,TXN-107348,ORD-507348,SALE,2026-06-20 09:01:36 coach_addon,USD,matched,engine,4.99,4.99,4.99,0.00
google_play,TXN-107431,ORD-507431,SALE,2026-06-20 08:58:06 sub_quarterly,USD,matched,engine,24.99,24.99,24.99,0.00
google_play,TXN-107322,ORD-507322,SALE,2026-06-20 08:33:57 sub_monthly,USD,matched,engine,9.99,9.99,9.99,0.00
google_play,TXN-107064,ORD-507064,SALE,2026-06-20 09:30:41 sub_annual,MXN,matched,engine,44.15,44.15,44.15,0.00
google_play,TXN-107223,ORD-507223,SALE,2026-06-20 10:07:23 sub_monthly,USD,matched,engine,9.99,9.99,9.99,0.00
google_play,TXN-107178,ORD-507178,SALE,2026-06-20 11:14:46 sub_monthly,MXN,matched,engine,7.13,7.13,7.13,0.00
google_play,TXN-107103,ORD-507103,SALE,2026-06-20 10:47:08 sub_monthly,USD,matched,engine,9.99,9.99,9.99,0.00
google_play,TXN-107493,ORD-507493,SALE,2026-06-20 11:36:08 sub_monthly,EUR,matched,engine,10.88,10.88,10.88,0.00
google_play,TXN-107325,ORD-507325,SALE,2026-06-20 11:38:01 sub_monthly,GBP,matched,engine,11.62,11.62,11.62,0.00
google_play,TXN-107161,ORD-507161,SALE,2026-06-20 11:43:28 sub_monthly,USD,matched,engine,9.99,9.99,9.99,0.00
google_play,TXN-107707,ORD-507707,SALE,2026-06-20 12:20:15 sub_monthly,USD,matched,engine,9.99,9.99,9.99,0.00
google_play,TXN-107446,ORD-507446,SALE,2026-06-20 12:46:52 sub_monthly,EUR,matched,engine,10.88,10.88,10.88,0.00
google_play,TXN-107256,ORD-507256,SALE,2026-06-20 12:45:55 sub_monthly,EUR,matched,engine,10.88,10.88,10.88,0.00
google_play,TXN-107140,ORD-507140,SALE,2026-06-20 13:26:38 coach_addon,GBP,matched,engine,5.81,5.81,5.81,0.00
google_play,TXN-107010,ORD-507010,SALE,2026-06-20 13:37:32 sub_monthly,USD,matched,engine,9.99,9.99,9.99,0.00
google_play,TXN-107708,ORD-507708,SALE,2026-06-20 15:03:00 sub_monthly,GBP,matched,engine,11.62,11.62,11.62,0.00
google_play,TXN-107647,ORD-507647,SALE,2026-06-20 15:05:39 sub_annual,GBP,matched,engine,71.10,71.10,71.10,0.00
google_play,TXN-107291,ORD-507291,SALE,2026-06-20 15:41:54 coach_addon,GBP,matched,engine,5.81,5.81,5.81,0.00
google_play,TXN-107444,ORD-507444,SALE,2026-06-20 15:24:08 sub_monthly,USD,matched,engine,9.99,9.99,9.99,0.00
google_play,TXN-107047,ORD-507047,SALE,2026-06-20 17:43:22 sub_annual,USD,matched,engine,59.99,59.99,59.99,0.00
google_play,TXN-107664,ORD-507664,SALE,2026-06-20 16:57:04 sub_annual,BRL,matched,engine,36.79,36.79,36.79,0.00
google_play,TXN-107204,ORD-507204,SALE,2026-06-20 17:59:39 sub_monthly,EUR,matched,engine,10.88,10.88,10.88,0.00
google_play,TXN-106989,ORD-506989,SALE,2026-06-20 17:34:11 sub_annual,USD,matched,engine,59.99,59.99,59.99,0.00
google_play,TXN-107655,ORD-507655,SALE,2026-06-20 17:27:14 sub_quarterly,GBP,matched,engine,28.43,28.43,28.43,0.00
google_play,TXN-107273,ORD-507273,SALE,2026-06-21 08:36:42 sub_monthly,GBP,matched,engine,11.62,11.62,11.62,0.00
google_play,TXN-107581,ORD-507581,SALE,2026-06-21 08:41:10 sub_monthly,EUR,matched,engine,10.88,10.88,10.88,0.00
google_play,TXN-107261,ORD-507261,SALE,2026-06-21 10:14:30 sub_quarterly,BRL,matched,engine,16.55,16.55,16.55,0.00
google_play,TXN-107004,ORD-507004,SALE,2026-06-21 10:35:45 sub_monthly,MXN,matched,engine,7.13,7.13,7.13,0.00
google_play,TXN-107330,ORD-507330,SALE,2026-06-21 12:16:40 coach_addon,USD,matched,engine,4.99,4.99,4.99,0.00
google_play,TXN-107391,ORD-507391,SALE,2026-06-21 11:44:44 coach_addon,USD,matched,engine,4.99,4.99,4.99,0.00
google_play,TXN-107247,ORD-507247,SALE,2026-06-21 11:32:19 sub_quarterly,GBP,matched,engine,28.43,28.43,28.43,0.00
google_play,TXN-106983,ORD-506983,SALE,2026-06-21 11:25:23 sub_annual,EUR,matched,engine,65.36,65.36,65.36,0.00
google_play,TXN-107641,ORD-507641,SALE,2026-06-21 11:49:08 sub_quarterly,EUR,matched,engine,27.23,27.23,27.23,0.00
google_play,TXN-107384,ORD-507384,SALE,2026-06-21 12:00:28 coach_addon,GBP,matched,engine,5.81,5.81,5.81,0.00
google_play,TXN-107107,ORD-507107,SALE,2026-06-21 12:48:40 sub_monthly,USD,matched,engine,9.99,9.99,9.99,0.00
google_play,TXN-107244,ORD-507244,SALE,2026-06-21 12:51:27 sub_annual,GBP,matched,engine,71.10,71.10,71.10,0.00
google_play,TXN-107023,ORD-507023,SALE,2026-06-21 13:19:34 sub_monthly,MXN,matched,engine,7.13,7.13,7.13,0.00
google_play,TXN-107080,ORD-507080,SALE,2026-06-21 12:41:27 sub_quarterly,GBP,matched,engine,28.43,28.43,28.43,0.00
google_play,TXN-107504,ORD-507504,SALE,2026-06-21 14:15:51 sub_monthly,GBP,matched,engine,11.62,11.62,11.62,0.00
google_play,TXN-107078,ORD-507078,SALE,2026-06-21 13:30:00 sub_monthly,USD,matched,engine,9.99,9.99,9.99,0.00
google_play,TXN-107249,ORD-507249,SALE,2026-06-21 14:53:56 sub_monthly,EUR,matched,engine,10.88,10.88,10.88,0.00
google_play,TXN-107116,ORD-507116,SALE,2026-06-21 13:44:46 sub_monthly,USD,matched,engine,9.99,9.99,9.99,0.00
google_play,TXN-107128,ORD-507128,SALE,2026-06-21 15:58:52 sub_monthly,USD,matched,engine,9.99,9.99,9.99,0.00
google_play,TXN-107242,ORD-507242,SALE,2026-06-21 16:16:50 coach_addon,EUR,matched,engine,5.44,5.44,5.44,0.00
google_play,TXN-107491,ORD-507491,SALE,2026-06-21 16:09:41 sub_quarterly,BRL,matched,engine,16.55,16.55,16.55,0.00
google_play,TXN-107617,ORD-507617,SALE,2026-06-21 16:57:13 sub_monthly,BRL,matched,engine,6.42,6.42,6.42,0.00
google_play,TXN-107439,ORD-507439,SALE,2026-06-21 17:13:21 sub_monthly,USD,matched,engine,9.99,9.99,9.99,0.00
google_play,TXN-107197,ORD-507197,SALE,2026-06-21 18:18:55 sub_annual,MXN,matched,engine,44.15,44.15,44.15,0.00
google_play,TXN-107191,ORD-507191,SALE,2026-06-21 19:44:54 sub_monthly,MXN,matched,engine,7.13,7.13,7.13,0.00
google_play,TXN-107294,ORD-507294,SALE,2026-06-21 20:16:24 sub_monthly,BRL,matched,engine,6.42,6.42,6.42,0.00
google_play,TXN-107620,ORD-507620,SALE,2026-06-22 08:13:39 sub_quarterly,EUR,matched,engine,27.22,27.22,27.22,0.00
google_play,TXN-107639,ORD-507639,SALE,2026-06-22 08:36:09 sub_monthly,BRL,matched,engine,6.40,6.40,6.40,0.00
google_play,TXN-107222,ORD-507222,SALE,2026-06-22 08:36:11 sub_annual,BRL,matched,engine,36.68,36.68,36.68,0.00
google_play,TXN-107634,ORD-507634,SALE,2026-06-22 08:31:30 sub_monthly,EUR,matched,engine,10.88,10.88,10.88,0.00
google_play,TXN-107267,ORD-507267,SALE,2026-06-22 09:26:43 sub_monthly,USD,matched,engine,9.99,9.99,9.99,0.00
google_play,TXN-107090,ORD-507090,SALE,2026-06-22 09:38:36 sub_quarterly,USD,matched,engine,24.99,24.99,24.99,0.00
google_play,TXN-107321,ORD-507321,SALE,2026-06-22 09:51:59 sub_monthly,USD,matched,engine,9.99,9.99,9.99,0.00
google_play,TXN-107278,ORD-507278,SALE,2026-06-22 09:59:22 sub_monthly,USD,matched,engine,9.99,9.99,9.99,0.00
google_play,TXN-107183,ORD-507183,SALE,2026-06-22 10:27:15 sub_annual,USD,matched,engine,59.99,59.99,59.99,0.00
google_play,TXN-107404,ORD-507404,SALE,2026-06-22 10:45:36 coach_addon,BRL,matched,engine,3.10,3.10,3.10,0.00
google_play,TXN-107073,ORD-507073,SALE,2026-06-22 10:02:54 sub_monthly,BRL,matched,engine,6.40,6.40,6.40,0.00
google_play,TXN-107682,ORD-507682,SALE,2026-06-22 11:21:40 sub_monthly,MXN,matched,engine,7.12,7.12,7.12,0.00
google_play,TXN-107367,ORD-507367,SALE,2026-06-22 11:34:43 sub_monthly,USD,matched,engine,9.99,9.99,9.99,0.00
google_play,TXN-107196,ORD-507196,SALE,2026-06-22 11:41:27 sub_quarterly,USD,matched,engine,24.99,24.99,24.99,0.00
google_play,TXN-107580,ORD-507580,SALE,2026-06-22 12:20:35 sub_monthly,USD,matched,engine,9.99,9.99,9.99,0.00
google_play,TXN-107502,ORD-507502,SALE,2026-06-22 11:53:18 sub_monthly,USD,matched,engine,9.99,9.99,9.99,0.00
google_play,TXN-107510,ORD-507510,SALE,2026-06-22 12:53:38 sub_monthly,USD,matched,engine,9.99,9.99,9.99,0.00
google_play,TXN-107302,ORD-507302,SALE,2026-06-22 12:56:36 sub_monthly,GBP,matched,engine,11.66,11.66,11.66,0.00
google_play,TXN-107062,ORD-507062,SALE,2026-06-22 13:01:06 sub_monthly,USD,matched,engine,9.99,9.99,9.99,0.00
google_play,TXN-107489,ORD-507489,SALE,2026-06-22 12:30:00 sub_monthly,USD,matched,engine,9.99,9.99,9.99,0.00
google_play,TXN-107499,ORD-507499,SALE,2026-06-22 13:18:30 sub_quarterly,BRL,matched,engine,16.50,16.50,16.50,0.00
google_play,TXN-107583,ORD-507583,SALE,2026-06-22 14:33:52 sub_monthly,USD,matched,engine,9.99,9.99,9.99,0.00
google_play,TXN-107127,ORD-507127,SALE,2026-06-22 14:25:55 sub_monthly,USD,matched,engine,9.99,9.99,9.99,0.00
google_play,TXN-107319,ORD-507319,SALE,2026-06-22 15:35:45 sub_monthly,USD,matched,engine,9.99,9.99,9.99,0.00
google_play,TXN-107157,ORD-507157,SALE,2026-06-22 15:10:25 sub_annual,GBP,matched,engine,71.31,71.31,71.31,0.00
google_play,TXN-107500,ORD-507500,SALE,2026-06-22 15:25:17 sub_annual,BRL,matched,engine,36.68,36.68,36.68,0.00
google_play,TXN-107165,ORD-507165,SALE,2026-06-22 16:21:23 coach_addon,USD,matched,engine,4.99,4.99,4.99,0.00
google_play,TXN-107185,ORD-507185,SALE,2026-06-22 16:02:08 sub_quarterly,MXN,matched,engine,18.17,18.17,18.17,0.00
google_play,TXN-107631,ORD-507631,SALE,2026-06-22 17:40:17 sub_monthly,EUR,matched,engine,10.88,10.88,10.88,0.00
google_play,TXN-107619,ORD-507619,SALE,2026-06-22 17:36:48 sub_monthly,USD,matched,engine,9.99,9.99,9.99,0.00
google_play,TXN-107659,ORD-507659,SALE,2026-06-22 17:54:20 sub_quarterly,EUR,matched,engine,27.22,27.22,27.22,0.00
google_play,TXN-107626,ORD-507626,SALE,2026-06-22 18:21:17 sub_monthly,MXN,matched,engine,7.12,7.12,7.12,0.00
google_play,TXN-107497,ORD-507497,SALE,2026-06-22 18:16:58 sub_annual,GBP,matched,engine,71.31,71.31,71.31,0.00
google_play,TXN-107167,ORD-507167,SALE,2026-06-22 17:02:11 sub_annual,USD,matched,engine,59.99,59.99,59.99,0.00
google_play,TXN-107552,ORD-507552,SALE,2026-06-22 17:59:27 sub_monthly,USD,matched,engine,9.99,9.99,9.99,0.00
google_play,TXN-107315,ORD-507315,SALE,2026-06-22 18:32:16 sub_monthly,USD,matched,engine,9.99,9.99,9.99,0.00
google_play,TXN-107665,ORD-507665,SALE,2026-06-22 20:11:54 sub_monthly,EUR,matched,engine,10.88,10.88,10.88,0.00
google_play,TXN-107739,ORD-507739,SALE,2026-06-23 07:15:16 sub_monthly,EUR,matched,engine,10.86,10.86,10.86,0.00
google_play,TXN-107455,ORD-507455,SALE,2026-06-23 10:03:23 sub_monthly,EUR,matched,engine,10.86,10.86,10.86,0.00
google_play,TXN-107146,ORD-507146,SALE,2026-06-23 10:20:32 sub_annual,BRL,matched,engine,36.64,36.64,36.64,0.00
google_play,TXN-107117,ORD-507117,SALE,2026-06-23 09:26:55 sub_monthly,MXN,matched,engine,7.11,7.11,7.11,0.00
google_play,TXN-107420,ORD-507420,SALE,2026-06-23 11:43:39 sub_monthly,GBP,matched,engine,11.62,11.62,11.62,0.00
google_play,TXN-107238,ORD-507238,SALE,2026-06-23 12:07:24 sub_monthly,USD,matched,engine,9.99,9.99,9.99,0.00
google_play,TXN-107687,ORD-507687,SALE,2026-06-23 12:12:53 sub_annual,USD,matched,engine,59.99,59.99,59.99,0.00
google_play,TXN-107615,ORD-507615,SALE,2026-06-23 14:19:51 sub_quarterly,EUR,matched,engine,27.16,27.16,27.16,0.00
google_play,TXN-107737,ORD-507737,SALE,2026-06-23 16:06:07 sub_quarterly,USD,matched,engine,24.99,24.99,24.99,0.00
google_play,TXN-107216,ORD-507216,SALE,2026-06-23 15:53:12 sub_monthly,GBP,matched,engine,11.62,11.62,11.62,0.00
google_play,TXN-107557,ORD-507557,SALE,2026-06-23 15:35:12 sub_annual,MXN,matched,engine,44.03,44.03,44.03,0.00
google_play,TXN-107287,ORD-507287,SALE,2026-06-23 16:47:11 sub_quarterly,USD,matched,engine,24.99,24.99,24.99,0.00
google_play,TXN-107105,ORD-507105,SALE,2026-06-23 18:02:08 sub_monthly,EUR,matched,engine,10.86,10.86,10.86,0.00
google_play,TXN-107243,ORD-507243,SALE,2026-06-23 18:59:02 sub_quarterly,USD,matched,engine,24.99,24.99,24.99,0.00
google_play,TXN-107425,ORD-507425,SALE,2026-06-23 18:30:34 sub_monthly,USD,matched,engine,9.99,9.99,9.99,0.00
google_play,TXN-107464,ORD-507464,SALE,2026-06-23 19:09:37 coach_addon,GBP,matched,engine,5.80,5.80,5.80,0.00
google_play,TXN-107709,ORD-507709,SALE,2026-06-24 08:30:28 sub_quarterly,GBP,matched,engine,28.54,28.54,28.54,0.00
google_play,TXN-107629,ORD-507629,SALE,2026-06-24 08:46:47 sub_annual,EUR,matched,engine,65.02,65.02,65.02,0.00
google_play,TXN-107124,ORD-507124,SALE,2026-06-24 09:41:51 sub_annual,BRL,matched,engine,36.62,36.62,36.62,0.00
google_play,TXN-107690,ORD-507690,SALE,2026-06-24 08:34:45 sub_monthly,USD,matched,engine,9.99,9.99,9.99,0.00
google_play,TXN-107414,ORD-507414,SALE,2026-06-24 09:42:00 sub_monthly,MXN,matched,engine,7.10,7.10,7.10,0.00
google_play,TXN-107538,ORD-507538,SALE,2026-06-24 09:47:33 sub_quarterly,GBP,matched,engine,28.54,28.54,28.54,0.00
google_play,TXN-107618,ORD-507618,SALE,2026-06-24 12:02:40 sub_monthly,USD,matched,engine,9.99,9.99,9.99,0.00
google_play,TXN-107584,ORD-507584,SALE,2026-06-24 12:24:33 sub_monthly,GBP,matched,engine,11.67,11.67,11.67,0.00
google_play,TXN-107354,ORD-507354,SALE,2026-06-24 11:57:40 sub_monthly,USD,matched,engine,9.99,9.99,9.99,0.00
google_play,TXN-107007,ORD-507007,SALE,2026-06-24 12:36:43 sub_monthly,USD,matched,engine,9.99,9.99,9.99,0.00
google_play,TXN-107240,ORD-507240,SALE,2026-06-24 13:48:38 sub_quarterly,USD,matched,engine,24.99,24.99,24.99,0.00
google_play,TXN-107374,ORD-507374,SALE,2026-06-24 13:25:53 sub_annual,GBP,matched,engine,71.36,71.36,71.36,0.00
google_play,TXN-107350,ORD-507350,SALE,2026-06-24 13:55:58 coach_addon,USD,matched,engine,4.99,4.99,4.99,0.00
google_play,TXN-107514,ORD-507514,SALE,2026-06-24 14:28:02 sub_annual,BRL,matched,engine,36.62,36.62,36.62,0.00
google_play,TXN-107534,ORD-507534,SALE,2026-06-24 14:19:09 sub_monthly,USD,matched,engine,9.99,9.99,9.99,0.00
google_play,TXN-107566,ORD-507566,SALE,2026-06-24 15:21:30 sub_monthly,GBP,matched,engine,11.67,11.67,11.67,0.00
google_play,TXN-107498,ORD-507498,SALE,2026-06-24 16:37:50 coach_addon,USD,matched,engine,4.99,4.99,4.99,0.00
google_play,TXN-107937,ORD-507362,REFUND,2026-06-24 15:37:48 coach_addon,EUR,matched,engine,-5.41,-5.41,-5.41,0.00
google_play,TXN-107572,ORD-507572,SALE,2026-06-24 16:53:08 sub_monthly,USD,matched,engine,9.99,9.99,9.99,0.00
google_play,TXN-107274,ORD-507274,SALE,2026-06-24 17:31:15 sub_monthly,USD,matched,engine,9.99,9.99,9.99,0.00
google_play,TXN-107548,ORD-507548,SALE,2026-06-24 17:50:19 sub_monthly,BRL,matched,engine,6.39,6.39,6.39,0.00
google_play,TXN-106992,ORD-506992,SALE,2026-06-24 18:24:48 sub_annual,BRL,matched,engine,36.62,36.62,36.62,0.00
google_play,TXN-107192,ORD-507192,SALE,2026-06-24 18:52:50 sub_monthly,EUR,matched,engine,10.83,10.83,10.83,0.00
google_play,TXN-107520,ORD-507520,SALE,2026-06-24 19:49:01 coach_addon,USD,matched,engine,4.99,4.99,4.99,0.00
google_play,TXN-107159,ORD-507159,SALE,2026-06-24 19:12:24 sub_monthly,USD,matched,engine,9.99,9.99,9.99,0.00
google_play,TXN-107001,ORD-507001,SALE,2026-06-25 09:02:21 sub_monthly,USD,matched,engine,9.99,9.99,9.99,0.00
google_play,TXN-107113,ORD-507113,SALE,2026-06-25 08:16:43 sub_quarterly,USD,matched,engine,24.99,24.99,24.99,0.00
google_play,TXN-107488,ORD-507488,SALE,2026-06-25 09:18:52 sub_monthly,GBP,matched,engine,11.65,11.65,11.65,0.00
google_play,TXN-107387,ORD-507387,SALE,2026-06-25 09:18:36 sub_quarterly,MXN,matched,engine,18.07,18.07,18.07,0.00
google_play,TXN-106988,ORD-506988,SALE,2026-06-25 09:44:04 sub_annual,GBP,matched,engine,71.26,71.26,71.26,0.00
google_play,TXN-107930,ORD-507064,REFUND,2026-06-25 09:10:41 sub_annual,MXN,matched,engine,-43.89,-43.89,-43.89,0.00
google_play,TXN-107932,ORD-507188,REFUND,2026-06-25 10:23:36 coach_addon,EUR,matched,engine,-5.39,-5.39,-5.39,0.00
google_play,TXN-107627,ORD-507627,SALE,2026-06-25 12:11:59 sub_monthly,GBP,matched,engine,11.65,11.65,11.65,0.00
google_play,TXN-107031,ORD-507031,SALE,2026-06-25 12:31:23 sub_monthly,USD,matched,engine,9.99,9.99,9.99,0.00
google_play,TXN-107662,ORD-507662,SALE,2026-06-25 11:51:13 sub_quarterly,MXN,matched,engine,18.07,18.07,18.07,0.00
google_play,TXN-107661,ORD-507661,SALE,2026-06-25 12:57:43 sub_monthly,BRL,matched,engine,6.38,6.38,6.38,0.00
google_play,TXN-107314,ORD-507314,SALE,2026-06-25 11:58:17 sub_monthly,USD,matched,engine,9.99,9.99,9.99,0.00
google_play,TXN-107732,ORD-507732,SALE,2026-06-25 12:10:36 coach_addon,BRL,matched,engine,3.09,3.09,3.09,0.00
google_play,TXN-107679,ORD-507679,SALE,2026-06-25 13:36:31 sub_annual,MXN,matched,engine,43.89,43.89,43.89,0.00
google_play,TXN-107148,ORD-507148,SALE,2026-06-25 16:27:45 sub_monthly,EUR,matched,engine,10.79,10.79,10.79,0.00
google_play,TXN-107353,ORD-507353,SALE,2026-06-25 15:46:05 sub_monthly,USD,matched,engine,9.99,9.99,9.99,0.00
google_play,TXN-107035,ORD-507035,SALE,2026-06-25 16:22:55 coach_addon,USD,matched,engine,4.99,4.99,4.99,0.00
google_play,TXN-107380,ORD-507380,SALE,2026-06-25 17:00:37 coach_addon,USD,matched,engine,4.99,4.99,4.99,0.00
google_play,TXN-107283,ORD-507283,SALE,2026-06-25 16:55:15 sub_monthly,BRL,matched,engine,6.38,6.38,6.38,0.00
google_play,TXN-107347,ORD-507347,SALE,2026-06-25 17:20:41 sub_monthly,GBP,matched,engine,11.65,11.65,11.65,0.00
google_play,TXN-107057,ORD-507057,SALE,2026-06-25 17:15:40 sub_quarterly,USD,matched,engine,24.99,24.99,24.99,0.00
google_play,TXN-107645,ORD-507645,SALE,2026-06-25 18:17:34 sub_monthly,BRL,matched,engine,6.38,6.38,6.38,0.00
google_play,TXN-107361,ORD-507361,SALE,2026-06-25 19:08:54 sub_quarterly,BRL,matched,engine,16.43,16.43,16.43,0.00
google_play,TXN-107485,ORD-507485,SALE,2026-06-25 17:39:56 coach_addon,GBP,matched,engine,5.82,5.82,5.82,0.00
google_play,TXN-107179,ORD-507179,SALE,2026-06-25 19:09:03 sub_monthly,USD,matched,engine,9.99,9.99,9.99,0.00
google_play,TXN-107429,ORD-507429,SALE,2026-06-25 20:07:55 sub_monthly,BRL,matched,engine,6.38,6.38,6.38,0.00
google_play,TXN-107727,ORD-507727,SALE,2026-06-26 07:22:35 sub_quarterly,GBP,matched,engine,28.54,28.54,28.54,0.00
google_play,TXN-107530,ORD-507530,SALE,2026-06-26 08:47:45 sub_monthly,USD,matched,engine,9.99,9.99,9.99,0.00
google_play,TXN-107076,ORD-507076,SALE,2026-06-26 09:00:35 sub_monthly,MXN,matched,engine,7.10,7.10,7.10,0.00
google_play,TXN-107075,ORD-507075,SALE,2026-06-26 09:58:49 sub_monthly,USD,matched,engine,9.99,9.99,9.99,0.00
google_play,TXN-107722,ORD-507722,SALE,2026-06-26 10:59:49 coach_addon,USD,matched,engine,4.99,4.99,4.99,0.00
google_play,TXN-107677,ORD-507677,SALE,2026-06-26 10:14:55 sub_monthly,USD,matched,engine,9.99,9.99,9.99,0.00
google_play,TXN-107300,ORD-507300,SALE,2026-06-26 11:25:21 sub_annual,USD,matched,engine,59.99,59.99,59.99,0.00
google_play,TXN-107394,ORD-507394,SALE,2026-06-26 11:37:18 sub_monthly,USD,matched,engine,9.99,9.99,9.99,0.00
google_play,TXN-107332,ORD-507332,SALE,2026-06-26 13:01:21 sub_quarterly,USD,matched,engine,24.99,24.99,24.99,0.00
google_play,TXN-107410,ORD-507410,SALE,2026-06-26 13:18:32 coach_addon,BRL,matched,engine,3.08,3.08,3.08,0.00
google_play,TXN-107162,ORD-507162,SALE,2026-06-26 13:01:52 sub_annual,BRL,matched,engine,36.48,36.48,36.48,0.00
google_play,TXN-107495,ORD-507495,SALE,2026-06-26 13:24:16 sub_monthly,USD,matched,engine,9.99,9.99,9.99,0.00
google_play,TXN-107037,ORD-507037,SALE,2026-06-26 14:14:50 sub_quarterly,BRL,matched,engine,16.40,16.40,16.40,0.00
google_play,TXN-107540,ORD-507540,SALE,2026-06-26 12:55:41 sub_monthly,USD,matched,engine,9.99,9.99,9.99,0.00
google_play,TXN-107173,ORD-507173,SALE,2026-06-26 13:58:52 coach_addon,GBP,matched,engine,5.83,5.83,5.83,0.00
google_play,TXN-107699,ORD-507699,SALE,2026-06-26 15:03:16 sub_monthly,USD,matched,engine,9.99,9.99,9.99,0.00
google_play,TXN-107656,ORD-507656,SALE,2026-06-26 14:11:11 coach_addon,USD,matched,engine,4.99,4.99,4.99,0.00
google_play,TXN-107600,ORD-507600,SALE,2026-06-26 14:55:47 sub_quarterly,GBP,matched,engine,28.54,28.54,28.54,0.00
google_play,TXN-107630,ORD-507630,SALE,2026-06-26 16:03:33 sub_monthly,EUR,matched,engine,10.79,10.79,10.79,0.00
google_play,TXN-107388,ORD-507388,SALE,2026-06-26 16:49:40 coach_addon,USD,matched,engine,4.99,4.99,4.99,0.00
google_play,TXN-107331,ORD-507331,SALE,2026-06-26 18:27:27 coach_addon,USD,matched,engine,4.99,4.99,4.99,0.00
google_play,TXN-107207,ORD-507207,SALE,2026-06-26 20:06:42 sub_monthly,USD,matched,engine,9.99,9.99,9.99,0.00
google_play,TXN-107201,ORD-507201,SALE,2026-06-26 20:02:38 sub_monthly,BRL,matched,engine,6.37,6.37,6.37,0.00
google_play,TXN-107186,ORD-507186,SALE,2026-06-27 08:29:28 sub_annual,BRL,matched,engine,36.48,36.48,36.48,0.00
google_play,TXN-107069,ORD-507069,SALE,2026-06-27 09:17:59 sub_monthly,USD,matched,engine,9.99,9.99,9.99,0.00
google_play,TXN-107553,ORD-507553,SALE,2026-06-27 08:35:08 sub_monthly,USD,matched,engine,9.99,9.99,9.99,0.00
google_play,TXN-107527,ORD-507527,SALE,2026-06-27 09:21:01 sub_monthly,USD,matched,engine,9.99,9.99,9.99,0.00
google_play,TXN-107720,ORD-507720,SALE,2026-06-27 08:47:55 sub_monthly,USD,matched,engine,9.99,9.99,9.99,0.00
google_play,TXN-107535,ORD-507535,SALE,2026-06-27 09:54:19 sub_quarterly,MXN,matched,engine,18.11,18.11,18.11,0.00
google_play,TXN-107310,ORD-507310,SALE,2026-06-27 09:08:26 sub_quarterly,GBP,matched,engine,28.54,28.54,28.54,0.00
google_play,TXN-107461,ORD-507461,SALE,2026-06-27 10:30:17 sub_quarterly,BRL,matched,engine,16.40,16.40,16.40,0.00
google_play,TXN-107372,ORD-507372,SALE,2026-06-27 10:58:00 coach_addon,MXN,matched,engine,3.25,3.25,3.25,0.00
google_play,TXN-107706,ORD-507706,SALE,2026-06-27 11:26:23 sub_monthly,BRL,matched,engine,6.37,6.37,6.37,0.00
google_play,TXN-107544,ORD-507544,SALE,2026-06-27 12:08:23 sub_monthly,BRL,matched,engine,6.37,6.37,6.37,0.00
google_play,TXN-107712,ORD-507712,SALE,2026-06-27 13:42:53 sub_quarterly,USD,matched,engine,24.99,24.99,24.99,0.00
google_play,TXN-107335,ORD-507335,SALE,2026-06-27 14:04:48 sub_monthly,USD,matched,engine,9.99,9.99,9.99,0.00
google_play,TXN-107033,ORD-507033,SALE,2026-06-27 14:37:38 sub_monthly,USD,matched,engine,9.99,9.99,9.99,0.00
google_play,TXN-107210,ORD-507210,SALE,2026-06-27 16:22:05 sub_annual,EUR,matched,engine,64.79,64.79,64.79,0.00
google_play,TXN-107445,ORD-507445,SALE,2026-06-27 16:02:49 sub_quarterly,USD,matched,engine,24.99,24.99,24.99,0.00
google_play,TXN-107190,ORD-507190,SALE,2026-06-27 15:21:46 sub_quarterly,GBP,matched,engine,28.54,28.54,28.54,0.00
google_play,TXN-107454,ORD-507454,SALE,2026-06-27 16:32:48 sub_monthly,USD,matched,engine,9.99,9.99,9.99,0.00
google_play,TXN-107284,ORD-507284,SALE,2026-06-27 17:12:35 coach_addon,USD,matched,engine,4.99,4.99,4.99,0.00
google_play,TXN-107280,ORD-507280,SALE,2026-06-27 16:04:22 sub_monthly,USD,matched,engine,9.99,9.99,9.99,0.00
google_play,TXN-107719,ORD-507719,SALE,2026-06-27 16:59:32 sub_monthly,EUR,matched,engine,10.79,10.79,10.79,0.00
google_play,TXN-107625,ORD-507625,SALE,2026-06-27 16:15:05 sub_monthly,MXN,matched,engine,7.10,7.10,7.10,0.00
google_play,TXN-107697,ORD-507697,SALE,2026-06-27 16:23:12 sub_monthly,EUR,matched,engine,10.79,10.79,10.79,0.00
google_play,TXN-107324,ORD-507324,SALE,2026-06-27 17:15:31 sub_quarterly,MXN,matched,engine,18.11,18.11,18.11,0.00
google_play,TXN-107213,ORD-507213,SALE,2026-06-27 18:38:37 sub_monthly,MXN,matched,engine,7.10,7.10,7.10,0.00
google_play,TXN-106994,ORD-506994,SALE,2026-06-27 17:19:08 sub_monthly,MXN,matched,engine,7.10,7.10,7.10,0.00
google_play,TXN-107696,ORD-507696,SALE,2026-06-27 17:57:20 sub_monthly,USD,matched,engine,9.99,9.99,9.99,0.00
google_play,TXN-107255,ORD-507255,SALE,2026-06-27 19:02:20 sub_annual,USD,matched,engine,59.99,59.99,59.99,0.00
google_play,TXN-107611,ORD-507611,SALE,2026-06-27 19:41:22 sub_monthly,EUR,matched,engine,10.79,10.79,10.79,0.00
google_play,TXN-107232,ORD-507232,SALE,2026-06-27 19:10:56 sub_quarterly,BRL,matched,engine,16.40,16.40,16.40,0.00
google_play,TXN-107735,ORD-507735,SALE,2026-06-27 19:20:09 sub_monthly,GBP,matched,engine,11.67,11.67,11.67,0.00
google_play,TXN-107134,ORD-507134,SALE,2026-06-28 08:01:18 coach_addon,USD,matched,engine,4.99,4.99,4.99,0.00
google_play,TXN-107467,ORD-507467,SALE,2026-06-28 08:05:31 sub_monthly,BRL,matched,engine,6.37,6.37,6.37,0.00
google_play,TXN-107378,ORD-507378,SALE,2026-06-28 07:49:09 sub_quarterly,EUR,matched,engine,26.99,26.99,26.99,0.00
google_play,TXN-106986,ORD-506986,SALE,2026-06-28 10:12:17 coach_addon,EUR,matched,engine,5.39,5.39,5.39,0.00
google_play,TXN-107326,ORD-507326,SALE,2026-06-28 10:24:14 sub_monthly,BRL,matched,engine,6.37,6.37,6.37,0.00
google_play,TXN-107724,ORD-507724,SALE,2026-06-28 12:10:56 sub_quarterly,USD,matched,engine,24.99,24.99,24.99,0.00
google_play,TXN-107399,ORD-507399,SALE,2026-06-28 10:42:11 sub_monthly,USD,matched,engine,9.99,9.99,9.99,0.00
google_play,TXN-107024,ORD-507024,SALE,2026-06-28 11:08:27 sub_annual,EUR,matched,engine,64.79,64.79,64.79,0.00
google_play,TXN-107072,ORD-507072,SALE,2026-06-28 12:26:59 sub_monthly,USD,matched,engine,9.99,9.99,9.99,0.00
google_play,TXN-107303,ORD-507303,SALE,2026-06-28 11:19:36 sub_annual,BRL,matched,engine,36.48,36.48,36.48,0.00
google_play,TXN-107582,ORD-507582,SALE,2026-06-28 13:02:48 sub_quarterly,USD,matched,engine,24.99,24.99,24.99,0.00
google_play,TXN-107239,ORD-507239,SALE,2026-06-28 13:31:55 sub_monthly,USD,matched,engine,9.99,9.99,9.99,0.00
google_play,TXN-107122,ORD-507122,SALE,2026-06-28 12:32:44 sub_quarterly,EUR,matched,engine,26.99,26.99,26.99,0.00
google_play,TXN-107071,ORD-507071,SALE,2026-06-28 12:47:40 sub_annual,USD,matched,engine,59.99,59.99,59.99,0.00
google_play,TXN-107065,ORD-507065,SALE,2026-06-28 13:03:09 sub_monthly,GBP,matched,engine,11.67,11.67,11.67,0.00
google_play,TXN-107005,ORD-507005,SALE,2026-06-28 13:30:29 sub_monthly,BRL,matched,engine,6.37,6.37,6.37,0.00
google_play,TXN-107562,ORD-507562,SALE,2026-06-28 14:54:53 sub_monthly,MXN,matched,engine,7.10,7.10,7.10,0.00
google_play,TXN-107212,ORD-507212,SALE,2026-06-28 14:11:55 coach_addon,USD,matched,engine,4.99,4.99,4.99,0.00
google_play,TXN-107131,ORD-507131,SALE,2026-06-28 15:01:08 sub_annual,BRL,matched,engine,36.48,36.48,36.48,0.00
google_play,TXN-107269,ORD-507269,SALE,2026-06-28 17:00:24 sub_monthly,USD,matched,engine,9.99,9.99,9.99,0.00
google_play,TXN-107059,ORD-507059,SALE,2026-06-28 16:36:03 coach_addon,EUR,matched,engine,5.39,5.39,5.39,0.00
google_play,TXN-107934,ORD-507310,REFUND,2026-06-28 16:09:26 sub_quarterly,GBP,matched,engine,-28.54,-28.54,-28.54,0.00
google_play,TXN-107205,ORD-507205,SALE,2026-06-28 16:17:32 sub_annual,GBP,matched,engine,71.37,71.37,71.37,0.00
google_play,TXN-107253,ORD-507253,SALE,2026-06-28 19:05:44 sub_monthly,BRL,matched,engine,6.37,6.37,6.37,0.00
google_play,TXN-107098,ORD-507098,SALE,2026-06-28 18:44:38 sub_monthly,USD,matched,engine,9.99,9.99,9.99,0.00
google_play,TXN-107219,ORD-507219,SALE,2026-06-28 19:10:42 sub_quarterly,GBP,matched,engine,28.54,28.54,28.54,0.00
google_play,TXN-107214,ORD-507214,SALE,2026-06-28 20:00:53 sub_quarterly,USD,matched,engine,24.99,24.99,24.99,0.00
google_play,TXN-107060,ORD-507060,SALE,2026-06-29 08:26:09 sub_quarterly,USD,matched,engine,24.99,24.99,24.99,0.00
google_play,TXN-107307,ORD-507307,SALE,2026-06-29 08:24:43 sub_quarterly,MXN,matched,engine,18.16,18.16,18.16,0.00
google_play,TXN-107705,ORD-507705,SALE,2026-06-29 08:48:52 coach_addon,USD,matched,engine,4.99,4.99,4.99,0.00
google_play,TXN-107231,ORD-507231,SALE,2026-06-29 09:35:03 sub_quarterly,USD,matched,engine,24.99,24.99,24.99,0.00
google_play,TXN-107074,ORD-507074,SALE,2026-06-29 09:51:50 coach_addon,EUR,matched,engine,5.41,5.41,5.41,0.00
google_play,TXN-107385,ORD-507385,SALE,2026-06-29 09:49:56 sub_annual,BRL,matched,engine,36.53,36.53,36.53,0.00
google_play,TXN-107155,ORD-507155,SALE,2026-06-29 11:02:46 sub_annual,GBP,matched,engine,71.40,71.40,71.40,0.00
google_play,TXN-107598,ORD-507598,SALE,2026-06-29 11:24:10 sub_monthly,USD,matched,engine,9.99,9.99,9.99,0.00
google_play,TXN-107135,ORD-507135,SALE,2026-06-29 12:35:36 sub_monthly,USD,matched,engine,9.99,9.99,9.99,0.00
google_play,TXN-107586,ORD-507586,SALE,2026-06-29 13:17:49 sub_monthly,USD,matched,engine,9.99,9.99,9.99,0.00
google_play,TXN-107109,ORD-507109,SALE,2026-06-29 13:58:37 sub_quarterly,USD,matched,engine,24.99,24.99,24.99,0.00
google_play,TXN-107002,ORD-507002,SALE,2026-06-29 14:20:57 sub_monthly,BRL,matched,engine,6.38,6.38,6.38,0.00
google_play,TXN-107469,ORD-507469,SALE,2026-06-29 15:09:50 sub_monthly,BRL,matched,engine,6.38,6.38,6.38,0.00
google_play,TXN-107195,ORD-507195,SALE,2026-06-29 15:23:25 sub_monthly,EUR,matched,engine,10.82,10.82,10.82,0.00
google_play,TXN-107450,ORD-507450,SALE,2026-06-29 14:56:08 sub_monthly,EUR,matched,engine,10.82,10.82,10.82,0.00
google_play,TXN-107531,ORD-507531,SALE,2026-06-29 15:23:44 sub_monthly,USD,matched,engine,9.99,9.99,9.99,0.00
google_play,TXN-107182,ORD-507182,SALE,2026-06-29 17:19:50 sub_annual,USD,matched,engine,59.99,59.99,59.99,0.00
google_play,TXN-107043,ORD-507043,SALE,2026-06-29 16:48:14 sub_monthly,BRL,matched,engine,6.38,6.38,6.38,0.00
google_play,TXN-107587,ORD-507587,SALE,2026-06-29 17:01:38 sub_annual,EUR,matched,engine,64.98,64.98,64.98,0.00
google_play,TXN-107014,ORD-507014,SALE,2026-06-29 17:37:18 sub_monthly,BRL,matched,engine,6.38,6.38,6.38,0.00
google_play,TXN-107029,ORD-507029,SALE,2026-06-29 18:50:43 sub_monthly,USD,matched,engine,9.99,9.99,9.99,0.00
google_play,TXN-107150,ORD-507150,SALE,2026-06-29 19:06:04 sub_quarterly,BRL,matched,engine,16.43,16.43,16.43,0.00
google_play,TXN-107096,ORD-507096,SALE,2026-06-29 18:26:53 sub_monthly,MXN,matched,engine,7.12,7.12,7.12,0.00
google_play,TXN-107718,ORD-507718,SALE,2026-06-29 19:41:43 sub_monthly,USD,matched,engine,9.99,9.99,9.99,0.00
google_play,TXN-107608,ORD-507608,SALE,2026-06-30 08:49:14 sub_quarterly,EUR,matched,engine,27.03,27.03,27.03,0.00
google_play,TXN-107341,ORD-507341,SALE,2026-06-30 09:33:22 sub_annual,EUR,matched,engine,64.88,64.88,64.88,0.00
google_play,TXN-107612,ORD-507612,SALE,2026-06-30 10:45:23 sub_monthly,BRL,matched,engine,6.38,6.38,6.38,0.00
google_play,TXN-107358,ORD-507358,SALE,2026-06-30 10:25:40 sub_quarterly,USD,matched,engine,24.99,24.99,24.99,0.00
google_play,TXN-107405,ORD-507405,SALE,2026-06-30 10:39:54 sub_monthly,EUR,matched,engine,10.80,10.80,10.80,0.00
google_play,TXN-107599,ORD-507599,SALE,2026-06-30 11:09:27 sub_monthly,USD,matched,engine,9.99,9.99,9.99,0.00
google_play,TXN-107532,ORD-507532,SALE,2026-06-30 10:49:48 sub_monthly,MXN,matched,engine,7.10,7.10,7.10,0.00
google_play,TXN-107176,ORD-507176,SALE,2026-06-30 13:14:59 sub_annual,MXN,matched,engine,43.99,43.99,43.99,0.00
google_play,TXN-107435,ORD-507435,SALE,2026-06-30 11:40:15 sub_monthly,BRL,matched,engine,6.38,6.38,6.38,0.00
google_play,TXN-107422,ORD-507422,SALE,2026-06-30 13:16:34 sub_monthly,EUR,matched,engine,10.80,10.80,10.80,0.00
google_play,TXN-107181,ORD-507181,SALE,2026-06-30 12:04:02 sub_monthly,USD,matched,engine,9.99,9.99,9.99,0.00
google_play,TXN-107206,ORD-507206,SALE,2026-06-30 12:30:18 sub_monthly,MXN,matched,engine,7.10,7.10,7.10,0.00
google_play,TXN-107715,ORD-507715,SALE,2026-06-30 12:50:06 sub_monthly,USD,matched,engine,9.99,9.99,9.99,0.00
google_play,TXN-107184,ORD-507184,SALE,2026-06-30 13:09:09 sub_monthly,USD,matched,engine,9.99,9.99,9.99,0.00
google_play,TXN-107106,ORD-507106,SALE,2026-06-30 13:18:10 sub_monthly,BRL,matched,engine,6.38,6.38,6.38,0.00
google_play,TXN-107740,ORD-507740,SALE,2026-06-30 13:51:36 sub_monthly,EUR,matched,engine,10.80,10.80,10.80,0.00
google_play,TXN-107713,ORD-507713,SALE,2026-06-30 14:18:31 sub_monthly,USD,matched,engine,9.99,9.99,9.99,0.00
google_play,TXN-107653,ORD-507653,SALE,2026-06-30 14:47:06 sub_monthly,GBP,matched,engine,11.71,11.71,11.71,0.00
google_play,TXN-107494,ORD-507494,SALE,2026-06-30 14:40:59 sub_monthly,USD,matched,engine,9.99,9.99,9.99,0.00
google_play,TXN-107578,ORD-507578,SALE,2026-06-30 13:54:45 sub_monthly,EUR,matched,engine,10.80,10.80,10.80,0.00
google_play,TXN-107290,ORD-507290,SALE,2026-06-30 14:19:28 sub_monthly,USD,matched,engine,9.99,9.99,9.99,0.00
google_play,TXN-107525,ORD-507525,SALE,2026-06-30 14:50:18 sub_monthly,USD,matched,engine,9.99,9.99,9.99,0.00
google_play,TXN-107452,ORD-507452,SALE,2026-06-30 15:49:12 sub_annual,USD,matched,engine,59.99,59.99,59.99,0.00
google_play,TXN-107376,ORD-507376,SALE,2026-06-30 15:00:55 coach_addon,USD,matched,engine,4.99,4.99,4.99,0.00
google_play,TXN-107456,ORD-507456,SALE,2026-06-30 14:59:02 sub_quarterly,EUR,matched,engine,27.03,27.03,27.03,0.00
google_play,TXN-107369,ORD-507369,SALE,2026-06-30 15:38:51 sub_monthly,BRL,matched,engine,6.38,6.38,6.38,0.00
google_play,TXN-107558,ORD-507558,SALE,2026-06-30 15:37:49 sub_monthly,GBP,matched,engine,11.71,11.71,11.71,0.00
google_play,TXN-107108,ORD-507108,SALE,2026-06-30 17:24:36 sub_monthly,EUR,matched,engine,10.80,10.80,10.80,0.00
google_play,TXN-107607,ORD-507607,SALE,2026-06-30 17:23:40 sub_monthly,EUR,matched,engine,10.80,10.80,10.80,0.00
google_play,TXN-107632,ORD-507632,SALE,2026-06-30 17:53:33 sub_quarterly,GBP,matched,engine,28.64,28.64,28.64,0.00
google_play,TXN-107441,ORD-507441,SALE,2026-06-30 18:21:05 sub_annual,USD,matched,engine,59.99,59.99,59.99,0.00
google_play,TXN-107691,ORD-507691,SALE,2026-06-30 17:24:16 sub_monthly,EUR,matched,engine,10.80,10.80,10.80,0.00
google_play,TXN-107351,ORD-507351,SALE,2026-06-30 17:58:21 sub_monthly,EUR,matched,engine,10.80,10.80,10.80,0.00
google_play,TXN-107036,ORD-507036,SALE,2026-06-30 18:30:57 sub_monthly,BRL,matched,engine,6.38,6.38,6.38,0.00
google_play,TXN-107045,ORD-507045,SALE,2026-06-30 18:53:44 sub_monthly,BRL,matched,engine,6.38,6.38,6.38,0.00
google_play,TXN-107313,ORD-507313,SALE,2026-06-30 19:32:12 sub_quarterly,MXN,matched,engine,18.11,18.11,18.11,0.00
google_play,TXN-107209,ORD-507209,SALE,2026-06-30 19:17:45 sub_monthly,USD,matched,engine,9.99,9.99,9.99,0.00
